molecule_chembl_id,canonical_smiles,activity_id,assay_chembl_id,target_chembl_id,standard_type,standard_value,standard_units,pchembl_value,relation,bao_label,assay_type,assay_description,activity_comment,data_validity_comment,document_chembl_id,record_id,src_id,value_nM,label,hts3d_score
CHEMBL1029,CCCCN1C[C@H](O)[C@@H](O)[C@H](O)[C@H]1CO,451707,CHEMBL710107,CHEMBL2074,IC50,2100.0,nm,5.68,=,cell membrane format,B,Inhibition of Glycosidases (maltase) in rat intestinal brush border membranes by D-glucose oxidase-peroxidase method maltase,,,CHEMBL1128713,137438,1,2100.0,0,0.2504813075065613
CHEMBL1076270,Cc1cc(=O)oc2c3c(ccc12)OCC(CN1CCN(c2ccccc2)CC1)(CN1CCN(c2ccccc2)CC1)C3=O,3221117,CHEMBL1109324,CHEMBL2074,Inhibition,15.9,%,,=,single protein format,B,Inhibition of alpha-glucosidase at 100 uM,,,CHEMBL1154339,890616,1,15.9,1,0.774314820766449
CHEMBL1076271,Cc1cc(=O)oc2c3c(ccc12)OCC(CN1CCN(c2ccccn2)CC1)(CN1CCN(c2ccccn2)CC1)C3=O,3221118,CHEMBL1109324,CHEMBL2074,Inhibition,15.8,%,,=,single protein format,B,Inhibition of alpha-glucosidase at 100 uM,,,CHEMBL1154339,890617,1,15.8,1,0.8017146587371826
CHEMBL1076754,CCCCN1C[C@H](O)[C@@H](O)[C@H](O)[C@@H]1CO,3204046,CHEMBL1099881,CHEMBL2074,IC50,1000000.0,nm,,>,single protein format,B,Inhibition of maltase by HPLC,,Outside typical range,CHEMBL1154826,893011,1,1000000.0,0,0.248973548412323
CHEMBL1077922,Cc1cc(=O)oc2c3c(ccc12)OCC(CO)(CN1CCOCC1)C3=O,3221100,CHEMBL1109324,CHEMBL2074,Inhibition,34.3,%,,=,single protein format,B,Inhibition of alpha-glucosidase at 100 uM,,,CHEMBL1154339,896516,1,34.3,1,0.7711010575294495
CHEMBL1079387,CCOCC1(CN2CCN(c3ccccc3)CC2)COc2ccc3c(C)cc(=O)oc3c2C1=O,3221109,CHEMBL1109324,CHEMBL2074,Inhibition,16.2,%,,=,single protein format,B,Inhibition of alpha-glucosidase at 100 uM,,,CHEMBL1154339,890451,1,16.2,1,0.6115128397941589
CHEMBL1079575,CCN(CC)CC1(CN2CCCCC2)COc2ccc3c(C)cc(=O)oc3c2C1=O,3221114,CHEMBL1109324,CHEMBL2074,Inhibition,8.5,%,,=,single protein format,B,Inhibition of alpha-glucosidase at 100 uM,,,CHEMBL1154339,890535,1,8.5,1,0.5873309969902039
CHEMBL1080228,CCOCC1(CN2CCCC2)COc2ccc3c(C)cc(=O)oc3c2C1=O,3221105,CHEMBL1109324,CHEMBL2074,Inhibition,12.0,%,,=,single protein format,B,Inhibition of alpha-glucosidase at 100 uM,,,CHEMBL1154339,896606,1,12.0,1,0.43726104497909546
CHEMBL1080641,Cc1cc(=O)oc2c3c(ccc12)OCC(CN1CCOCC1)(CN1CCOCC1)C3=O,3221111,CHEMBL1109324,CHEMBL2074,Inhibition,8.3,%,,=,single protein format,B,Inhibition of alpha-glucosidase at 100 uM,,,CHEMBL1154339,890532,1,8.3,1,0.7700812816619873
CHEMBL1080642,Cc1cc(=O)oc2c3c(ccc12)OCC(CN1CCCCC1)(CN1CCCCC1)C3=O,3221112,CHEMBL1109324,CHEMBL2074,Inhibition,7.3,%,,=,single protein format,B,Inhibition of alpha-glucosidase at 100 uM,,,CHEMBL1154339,890533,1,7.3,1,0.6973317861557007
CHEMBL1080948,Cc1cc(=O)oc2c3c(ccc12)OCC(CO)(CN1CCCC1)C3=O,3221102,CHEMBL1109324,CHEMBL2074,Inhibition,22.1,%,,=,single protein format,B,Inhibition of alpha-glucosidase at 100 uM,,,CHEMBL1154339,896603,1,22.1,1,0.7784948945045471
CHEMBL1081369,CCOCC1(CN2CCN(c3ccccn3)CC2)COc2ccc3c(C)cc(=O)oc3c2C1=O,3221110,CHEMBL1109324,CHEMBL2074,Inhibition,11.3,%,,=,single protein format,B,Inhibition of alpha-glucosidase at 100 uM,,,CHEMBL1154339,890452,1,11.3,1,0.6677184104919434
CHEMBL1081672,Cc1cc(=O)oc2c3c(ccc12)OCC(CO)(CN1CCCCC1)C3=O,3221101,CHEMBL1109324,CHEMBL2074,Inhibition,37.3,%,,=,single protein format,B,Inhibition of alpha-glucosidase at 100 uM,,,CHEMBL1154339,896517,1,37.3,1,0.7204810976982117
CHEMBL1081742,Cc1cc(=O)oc2c3c(ccc12)OCC(CN1CCN(C)CC1)(CN1CCN(C)CC1)C3=O,3221116,CHEMBL1109324,CHEMBL2074,Inhibition,6.4,%,,=,single protein format,B,Inhibition of alpha-glucosidase at 100 uM,,,CHEMBL1154339,890615,1,6.4,1,0.7157590985298157
CHEMBL1082094,CCCCN(CCCC)CC1(COCC)COc2ccc3c(C)cc(=O)oc3c2C1=O,3221107,CHEMBL1109324,CHEMBL2074,Inhibition,27.9,%,,=,single protein format,B,Inhibition of alpha-glucosidase at 100 uM,,,CHEMBL1154339,890449,1,27.9,1,0.690351128578186
CHEMBL1086996,OC[C@H]1[C@@H](O)[C@H](O)[C@@H](O)CN1CCCCCOCC12CC3CC(CC(C3)C1)C2,15091555,CHEMBL3384694,CHEMBL2074,IC50,500000.0,nm,,>,single protein format,B,Inhibition of intestinal maltase (unknown origin),,Outside typical range,CHEMBL3352260,2245350,1,500000.0,0,0.40675997734069824
CHEMBL1086997,CCCCN1C[C@H](O)[C@@H](O)[C@@H](O)[C@H]1CO,3204049,CHEMBL1099881,CHEMBL2074,IC50,10000.0,nm,5.0,=,single protein format,B,Inhibition of maltase by HPLC,,,CHEMBL1154826,893123,1,10000.0,0,0.25139594078063965
CHEMBL1088158,OC[C@@H]1[C@H](O)[C@H](O)[C@@H](O)CN1CCCCCOCC12CC3CC(CC(C3)C1)C2,3204050,CHEMBL1099881,CHEMBL2074,IC50,15000.0,nm,4.82,=,single protein format,B,Inhibition of maltase by HPLC,,,CHEMBL1154826,893124,1,15000.0,0,0.3689424395561218
CHEMBL1088291,CCCCN1C[C@H](O)[C@@H](O)[C@@H](O)[C@@H]1CO,3204052,CHEMBL1099881,CHEMBL2074,IC50,1000000.0,nm,,>,single protein format,B,Inhibition of maltase by HPLC,,Outside typical range,CHEMBL1154826,893126,1,1000000.0,0,0.44226163625717163
CHEMBL1088292,OC[C@H]1[C@H](O)[C@H](O)[C@@H](O)CN1CCCCCOCC12CC3CC(CC(C3)C1)C2,3204053,CHEMBL1099881,CHEMBL2074,IC50,1000000.0,nm,,>,single protein format,B,Inhibition of maltase by HPLC,,Outside typical range,CHEMBL1154826,893127,1,1000000.0,0,0.24913889169692993
CHEMBL1089559,O=S(=O)([O-])O[C@@H]([C@H](O)[C@H](O)[C@H](O)CO)[C@H](O)C[S+]1C[C@@H](O)[C@H](O)[C@H]1CO,3263971,CHEMBL1112641,CHEMBL2074,Ki,200.0,nm,6.7,=,single protein format,B,Inhibition of recombinant human maltase glucoamylase N-terminal catalytic domain,,,CHEMBL1156241,904483,1,200.0,1,0.5066933035850525
CHEMBL1093264,O=S(=O)([O-])O[C@@H]([C@H](O)[C@H](O)[C@@H](O)CO)[C@H](O)C[S+]1C[C@@H](O)[C@H](O)[C@H]1CO,3558641,CHEMBL1286470,CHEMBL2074,Ki,190.0,nm,6.72,=,single protein format,B,Inhibition of human recombinant N-terminal subunit of maltase-glucoamylase after 60 mins by glucose oxidase assay,,,CHEMBL1275386,971330,1,190.0,1,0.5079871416091919
CHEMBL1093524,O=S(=O)([O-])O[C@@H]([C@H](O)[C@@H](O)[C@@H](O)CO)[C@H](O)C[S+]1C[C@@H](O)[C@H](O)[C@H]1CO,3263973,CHEMBL1112641,CHEMBL2074,Ki,100.0,nm,7.0,=,single protein format,B,Inhibition of recombinant human maltase glucoamylase N-terminal catalytic domain,,,CHEMBL1156241,904485,1,100.0,1,0.7982056140899658
CHEMBL1093525,O=S(=O)([O-])O[C@@H]([C@H](O)[C@@H](O)[C@H](O)CO)[C@H](O)C[S+]1C[C@@H](O)[C@H](O)[C@H]1CO,3263974,CHEMBL1112641,CHEMBL2074,Ki,130.0,nm,6.89,=,single protein format,B,Inhibition of recombinant human maltase glucoamylase N-terminal catalytic domain,,,CHEMBL1156241,904486,1,130.0,1,0.7879623174667358
CHEMBL110458,OC[C@H]1NC[C@H](O)[C@@H](O)[C@H]1O,1405778,CHEMBL829855,CHEMBL2074,Inhibition,50.0,%,5.82,<,single protein format,B,Percent inhibition of human alpha-glucosidase at 1000 uM,,,CHEMBL1142734,361228,1,50.0,1,0.48182711005210876
CHEMBL115452,CC(C)=CCc1cc(C(=O)/C=C/c2ccc(O)c(O)c2)c(O)cc1O,22464327,CHEMBL4683691,CHEMBL2074,Ki,5300.0,nm,5.28,=,single protein format,B,Non-competitive inhibition of alpha-glucosidase (unknown origin) using p-nitrophenyl-alpha-D glucopyranoside as substrate incubated for 30 mins by Lineweaver-Burk plot analysis,,,CHEMBL4680156,3520731,1,5300.0,0,0.38522106409072876
CHEMBL1169500,OC[C@H]1N[C@H](CO)[C@H](O)C(O)[C@H]1O,342698,CHEMBL649261,CHEMBL2074,Inhibition,50.0,%,,<,single protein format,B,Inhibitory activity measured against alpha-glucosidase of rice by colorimetric assay using the D-glucose oxidase-peroxidase method at 1000 uM,,,CHEMBL1131015,155740,1,50.0,1,0.20006249845027924
CHEMBL1182462,OC[C@@H]1[C@@H](O)[C@H](O)C[S+]1C[C@@H](O)[C@@H](O)CO,16616249,CHEMBL3815265,CHEMBL2074,IC50,9000.0,nm,5.05,=,assay format,B,Inhibition of human small intestine microsomal maltase using maltose as substrate incubated for 30 mins by glucose-oxidase method,,,CHEMBL3813698,2781304,1,9000.0,0,0.22282293438911438
CHEMBL120169,C[Si](C)(C)CN1C[C@H](O)[C@@H](O)[C@H](O)[C@H]1CO,711819,CHEMBL683914,CHEMBL2074,Ki,2500.0,nm,5.6,=,single protein format,B,In vitro inhibition constant against rat small intestinal glucoamylase,,,CHEMBL1151035,227638,1,2500.0,0,0.558487594127655
CHEMBL120226,C[Si](C)(/C=C/CN1C[C@H](O)[C@@H](O)[C@H](O)[C@H]1CO)c1ccccc1,685377,CHEMBL683914,CHEMBL2074,Ki,4.0,nm,8.4,=,single protein format,B,In vitro inhibition constant against rat small intestinal glucoamylase,,,CHEMBL1151035,227641,1,4.0,1,0.5815505385398865
CHEMBL120395,CC(C)(C)[Si](C)(C)/C=C/CN1C[C@H](O)[C@@H](O)[C@H](O)[C@H]1CO,700192,CHEMBL683914,CHEMBL2074,Ki,87.0,nm,7.06,=,single protein format,B,In vitro inhibition constant against rat small intestinal glucoamylase,,,CHEMBL1151035,227649,1,87.0,1,0.5203366875648499
CHEMBL120488,C[Si](C)(CCCN1C[C@H](O)[C@@H](O)[C@H](O)[C@H]1CO)c1ccccc1,683989,CHEMBL683914,CHEMBL2074,Ki,10.0,nm,8.0,=,single protein format,B,In vitro inhibition constant against rat small intestinal glucoamylase,,,CHEMBL1151035,227652,1,10.0,1,0.49733293056488037
CHEMBL120489,C[Si](C)(C)CCCCCN1C[C@H](O)[C@@H](O)[C@H](O)[C@H]1CO,707891,CHEMBL683914,CHEMBL2074,Ki,70.0,nm,7.16,=,single protein format,B,In vitro inhibition constant against rat small intestinal glucoamylase,,,CHEMBL1151035,227654,1,70.0,1,0.556501567363739
CHEMBL1208974,O=S(=O)([O-])O[C@@H](CO)[C@H](O)C[S@+]1C[C@@H](O)[C@H](O)[C@H]1CO,22445271,CHEMBL4679413,CHEMBL2074,Ki,190.0,nm,6.72,=,single protein format,B,Inhibition of recombinant human maltase-glucoamylase using p-nitrophenyl-alpha-D-glucopyranoside as substrate incubated for 35 mins by microtiter plate reader analysis,,,CHEMBL4673376,3517729,1,190.0,1,0.1365298330783844
CHEMBL121223,C[Si](C)(C)c1cccc(CN2C[C@H](O)[C@@H](O)[C@H](O)[C@H]2CO)c1,673173,CHEMBL683914,CHEMBL2074,Ki,1000.0,nm,6.0,=,single protein format,B,In vitro inhibition constant against rat small intestinal glucoamylase,,,CHEMBL1151035,227646,1,1000.0,1,0.6609941720962524
CHEMBL121283,C[Si](C)(C)CCCN1C[C@H](O)[C@@H](O)[C@H](O)[C@H]1CO,710595,CHEMBL683914,CHEMBL2074,Ki,50.0,nm,7.3,=,single protein format,B,In vitro inhibition constant against rat small intestinal glucoamylase,,,CHEMBL1151035,227651,1,50.0,1,0.7083566784858704
CHEMBL1230806,N[C@H]1C=C(CO)[C@@H](O)[C@H](O)[C@H]1O,995773,CHEMBL646884,CHEMBL2074,IC50,100000.0,nm,4.0,=,single protein format,B,Compound was tested for inhibitory activity against alpha-glucosidase.,,Outside typical range,CHEMBL1149959,342247,1,100000.0,0,0.1520472764968872
CHEMBL1258528,O=S(=O)([O-])O[C@@H]([C@H](O)[C@@H](O)CO)[C@H](O)C[S@+]1C[C@@H](O)[C@H](O)[C@H]1CO,3500353,CHEMBL1260349,CHEMBL2074,Ki,170.0,nm,6.77,=,single protein format,B,Inhibition of human recombinant N-terminal domain of maltase-glucoamylase after 60 mins by glucose oxidase assay,,,CHEMBL1255549,963524,1,170.0,1,0.6069931983947754
CHEMBL1258529,OC[C@@H]1[C@@H](O)[C@H](O)C[S@@+]1C[C@@H](O)[C@@H](O)[C@H](O)[C@@H](O)CO.[Cl-],3500354,CHEMBL1260349,CHEMBL2074,Ki,43.0,nm,7.37,=,single protein format,B,Inhibition of human recombinant N-terminal domain of maltase-glucoamylase after 60 mins by glucose oxidase assay,,,CHEMBL1255549,963525,1,43.0,1,0.3846895098686218
CHEMBL1258643,OC[C@@H](O)[C@@H](O)[C@H](O)[C@H](O)C[S@+]1C[C@@H](O)[C@H](O)[C@H]1CO.[Cl-],3500355,CHEMBL1260349,CHEMBL2074,Ki,15.0,nm,7.82,=,single protein format,B,Inhibition of human recombinant N-terminal domain of maltase-glucoamylase after 60 mins by glucose oxidase assay,,,CHEMBL1255549,963651,1,15.0,1,0.38084110617637634
CHEMBL1258644,CO[C@@H]([C@H](O)[C@@H](O)CO)[C@H](O)C[S@+]1C[C@@H](O)[C@H](O)[C@H]1CO.[Cl-],7855904,CHEMBL1912471,CHEMBL2074,Ki,500.0,nm,6.3,=,single protein format,B,Inhibition of human N-terminal maltase-glucoamylase,,,CHEMBL1909635,1541823,1,500.0,1,0.48205336928367615
CHEMBL1276973,OC[C@@H]1[C@@H](O)[C@H](O)C[S+]1C[C@@H](O)[C@@H](O)[C@H](O)[C@H](O)[C@@H](O)CO.[Cl-],3558643,CHEMBL1286470,CHEMBL2074,Ki,30.0,nm,7.52,=,single protein format,B,Inhibition of human recombinant N-terminal subunit of maltase-glucoamylase after 60 mins by glucose oxidase assay,,,CHEMBL1275386,971331,1,30.0,1,0.45674601197242737
CHEMBL1277062,O=S(=O)(O)O[C@@H]([C@H](O)[C@H](O)[C@@H](O)CO)[C@H](O)CN1C[C@H](O)[C@@H](O)[C@H](O)[C@H]1CO,3558645,CHEMBL1286470,CHEMBL2074,Ki,2300.0,nm,5.64,=,single protein format,B,Inhibition of human recombinant N-terminal subunit of maltase-glucoamylase after 60 mins by glucose oxidase assay,,,CHEMBL1275386,971432,1,2300.0,0,0.4518669545650482
CHEMBL1277063,Cl.OC[C@@H]1[C@@H](O)[C@H](O)[C@@H](O)CN1C[C@@H](O)[C@@H](O)[C@H](O)[C@H](O)[C@@H](O)CO,3558646,CHEMBL1286470,CHEMBL2074,Ki,1400.0,nm,5.85,=,single protein format,B,Inhibition of human recombinant N-terminal subunit of maltase-glucoamylase after 60 mins by glucose oxidase assay,,,CHEMBL1275386,971433,1,1400.0,0,0.4580112397670746
CHEMBL1277152,O=S(=O)(O)O[C@@H]([C@H](O)[C@H](O)[C@@H](O)CO)[C@H](O)CN1C[C@@H](O)[C@H](O)[C@H]1CO,3558647,CHEMBL1286470,CHEMBL2074,Ki,90000.0,nm,4.05,=,single protein format,B,Inhibition of human recombinant N-terminal subunit of maltase-glucoamylase after 60 mins by glucose oxidase assay,,,CHEMBL1275386,971536,1,90000.0,0,0.5140715837478638
CHEMBL1277153,O=S(=O)([O-])O[C@@H]([C@H](O)[C@H](O)[C@@H](O)CO)[C@H](O)C[Se+]1C[C@@H](O)[C@H](O)[C@H]1CO,3558648,CHEMBL1286470,CHEMBL2074,Ki,80.0,nm,7.1,=,single protein format,B,Inhibition of human recombinant N-terminal subunit of maltase-glucoamylase after 60 mins by glucose oxidase assay,,,CHEMBL1275386,971537,1,80.0,1,0.5115254521369934
CHEMBL1277240,Cl.OC[C@@H]1[C@@H](O)[C@H](O)CN1C[C@@H](O)[C@@H](O)[C@H](O)[C@H](O)[C@@H](O)CO,3558649,CHEMBL1286470,CHEMBL2074,Ki,60.0,nm,7.22,=,single protein format,B,Inhibition of human recombinant N-terminal subunit of maltase-glucoamylase after 60 mins by glucose oxidase assay,,,CHEMBL1275386,971639,1,60.0,1,0.21370069682598114
CHEMBL1277241,OC[C@@H]1[C@@H](O)[C@H](O)C[Se+]1C[C@@H](O)[C@@H](O)[C@H](O)[C@H](O)[C@@H](O)CO.[Cl-],3558650,CHEMBL1286470,CHEMBL2074,Ki,20.0,nm,7.7,=,single protein format,B,Inhibition of human recombinant N-terminal subunit of maltase-glucoamylase after 60 mins by glucose oxidase assay,,,CHEMBL1275386,971640,1,20.0,1,0.48914864659309387
CHEMBL1561,OCCN1C[C@H](O)[C@@H](O)[C@H](O)[C@H]1CO,3558642,CHEMBL1286470,CHEMBL2074,Ki,1000.0,nm,6.0,=,single protein format,B,Inhibition of human recombinant N-terminal subunit of maltase-glucoamylase after 60 mins by glucose oxidase assay,,Outside typical range,CHEMBL1275386,968778,1,1000.0,1,0.2427423894405365
CHEMBL1628264,N[C@H]1C[C@H](CO)[C@@H](O)[C@H](O)[C@H]1O,1282114,CHEMBL710105,CHEMBL2074,IC50,110000.0,nm,,=,single protein format,B,Inhibitory activity against porcine maltase,,Outside typical range,CHEMBL1123195,5093,1,110000.0,0,0.27497440576553345
CHEMBL1684162,[O-][C@@H](CO)[C@H](O)C[S@+]1C[C@@H](O)[C@H](O)[C@H]1CO,22445276,CHEMBL4679414,CHEMBL2074,IC50,9000.0,nm,5.05,=,tissue-based format,B,Inhibition of human intestinal maltase using maltose as substrate incubated for 30 mins and immediately heated for 2 mins by glucose oxidase method,,,CHEMBL4673376,3517730,1,9000.0,0,0.3400549292564392
CHEMBL16901,C=CCc1ccc(O)c(-c2ccc(O)c(CC=C)c2)c1,24779233,CHEMBL5129104,CHEMBL2074,Inhibition,17.1,%,,=,single protein format,B,Inhibition of alpha-glucosidase (unknown origin) using PNPG as substrate at 5 to 45 uM preincubated for 15 mins followed by substrate addition and measured after 10 mins by microplate reader analysis,,,CHEMBL5126577,3867574,1,17.1,1,0.7888619303703308
CHEMBL1709767,COc1cc(O)c2c(=O)c3c(O)c(O)ccc3oc2c1OC,25041537,CHEMBL5244945,CHEMBL2074,IC50,5420.0,nm,5.27,=,single protein format,B,Inhibition of alpha-glucosidase (unknown origin) using PNPG as substrate preincubated for 15 mins followed by substrate addition and measured after 30 mins by spectrophotometric assay,,,CHEMBL5244222,3923377,1,5420.0,0,0.11608365923166275
CHEMBL174067,OC1C(O)C(O)C2OC2C1O,1003055,CHEMBL646884,CHEMBL2074,IC50,100000.0,nm,,<,single protein format,B,Compound was tested for inhibitory activity against alpha-glucosidase.,,,CHEMBL1149959,342246,1,100000.0,0,0.12667599320411682
CHEMBL1744444,C[C@]12CCC(=O)C[C@@H]1CC[C@@H]1[C@@H]2CC[C@]2(C)[C@@H](O)CC[C@@H]12.C[C@]12CC[C@H]3[C@@H](CCC4CC(=O)CC[C@@]43C)[C@@H]1CC[C@@H]2O,1019746,CHEMBL646884,CHEMBL2074,IC50,100000.0,nm,4.0,=,single protein format,B,Compound was tested for inhibitory activity against alpha-glucosidase.,,,CHEMBL1149959,342253,1,100000.0,0,0.8775562644004822
CHEMBL175901,OC[C@@H]1NC[C@H](O)[C@@H](O)[C@@H]1O,1404079,CHEMBL829855,CHEMBL2074,Inhibition,50.0,%,,<,single protein format,B,Percent inhibition of human alpha-glucosidase at 1000 uM,,Outside typical range,CHEMBL1142734,361237,1,50.0,1,0.68187016248703
CHEMBL176021,OC[C@@H]1NC[C@@H](O)[C@H](O)[C@@H]1O,1405796,CHEMBL829855,CHEMBL2074,Inhibition,50.0,%,,<,single protein format,B,Percent inhibition of human alpha-glucosidase at 1000 uM,,,CHEMBL1142734,361229,1,50.0,1,0.4798007607460022
CHEMBL176206,OC[C@H]1NC[C@H](O)[C@H](O)[C@@H]1O,1405486,CHEMBL829855,CHEMBL2074,Inhibition,50.0,%,,<,single protein format,B,Percent inhibition of human alpha-glucosidase at 1000 uM,,,CHEMBL1142734,361216,1,50.0,1,0.49089211225509644
CHEMBL176209,OC[C@@H]1NC[C@@H](O)[C@@H](O)[C@@H]1O,1405941,CHEMBL829855,CHEMBL2074,Inhibition,50.0,%,,<,single protein format,B,Percent inhibition of human alpha-glucosidase at 1000 uM,,,CHEMBL1142734,361235,1,50.0,1,0.4788844883441925
CHEMBL179085,OC[C@@H]1NC[C@H](O)[C@H](O)[C@H]1O,1405468,CHEMBL829855,CHEMBL2074,Inhibition,50.0,%,,<,single protein format,B,Percent inhibition of human alpha-glucosidase at 1000 uM,,,CHEMBL1142734,361211,1,50.0,1,0.6774407625198364
CHEMBL179130,OC[C@@H]1NC[C@@H](O)[C@@H](O)[C@H]1O,1405621,CHEMBL829855,CHEMBL2074,Inhibition,50.0,%,,<,single protein format,B,Percent inhibition of human alpha-glucosidase at 1000 uM,,,CHEMBL1142734,361221,1,50.0,1,0.4790138900279999
CHEMBL179409,OC[C@@H]1NC[C@H](O)[C@@H](O)[C@H]1O,3204051,CHEMBL1099881,CHEMBL2074,IC50,1000000.0,nm,,>,single protein format,B,Inhibition of maltase by HPLC,,Outside typical range,CHEMBL1154826,893125,1,1000000.0,0,0.6804534792900085
CHEMBL180920,C=CCc1ccc(O)c(-c2cc(CC=C)ccc2O)c1,25015141,CHEMBL5238062,CHEMBL2074,Inhibition,9.6,%,,=,single protein format,B,Inhibition of alpha-glucosidase (unknown origin) using pNPG as substrate at 64 uM preincubated with enzyme for 15 mins followed by substrate addition and measured after 10 mins by microplate reader analysis,,,CHEMBL5236583,3915650,1,9.6,1,0.3157016634941101
CHEMBL184574,O=c1c2c(O)cc(O)cc2oc2c(O)ccc(O)c12,25041559,CHEMBL5244946,CHEMBL2074,IC50,5200.0,nm,5.28,=,single protein format,B,Inhibition of alpha-glucosidase (unknown origin) using PNPG as substrate preincubated for 15 mins followed by substrate addition by spectrophotometric assay,,,CHEMBL5244222,3923381,1,5200.0,0,0.09764513373374939
CHEMBL187043,O=c1c2c(O)cc(O)cc2oc2ccc(O)c(O)c12,25041528,CHEMBL5244945,CHEMBL2074,IC50,7090.0,nm,5.15,=,single protein format,B,Inhibition of alpha-glucosidase (unknown origin) using PNPG as substrate preincubated for 15 mins followed by substrate addition and measured after 30 mins by spectrophotometric assay,,,CHEMBL5244222,3923364,1,7090.0,0,0.18556270003318787
CHEMBL187044,COc1cc(O)c2c(=O)c3c(O)c(O)ccc3oc2c1,25041540,CHEMBL5244945,CHEMBL2074,IC50,30600.0,nm,4.51,=,single protein format,B,Inhibition of alpha-glucosidase (unknown origin) using PNPG as substrate preincubated for 15 mins followed by substrate addition and measured after 30 mins by spectrophotometric assay,,,CHEMBL5244222,3923380,1,30600.0,0,0.21066470444202423
CHEMBL19835,O[C@H]1[C@H](O)[C@@H](O[C@H]2[C@H](O)[C@H](O)C=C[C@@H]2O)C=C[C@H]1O,472280,CHEMBL649326,CHEMBL2074,Concentration,60.0,um,,=,single protein format,B,Concentration required to inhibit alpha-glucosidase,,,CHEMBL1137963,24521,1,60000.0,0,0.38632094860076904
CHEMBL19903,O[C@@H]1[C@@H](O)[C@@H](O)[C@H](O[C@H]2[C@@H](O)[C@H](O)[C@@H](O)[C@@H](O)[C@@H]2O)[C@@H](O)[C@H]1O,458971,CHEMBL649326,CHEMBL2074,Concentration,800.0,um,,=,single protein format,B,Concentration required to inhibit alpha-glucosidase,,,CHEMBL1137963,24522,1,800000.0,0,0.41478461027145386
CHEMBL205153,C=C1CC[C@@H]2[C@](C)(CO)[C@H](O)CC[C@@]2(C)[C@@H]1/C=C/C1=C/C(=C/C)OC1=O,1714858,CHEMBL865093,CHEMBL2074,Inhibition,15.1,%,,=,single protein format,B,Inhibition of alpha glucosidase at 100 uM,,,CHEMBL1147699,474321,1,15.1,1,0.8142455220222473
CHEMBL205155,COc1ccc(/C=C2/C=C(/C=C/[C@@H]3[C@@]4(CC[C@@H]5[C@](C)(CO)[C@H](O)CC[C@]53C)CO4)C(=O)O2)cc1,1714852,CHEMBL865093,CHEMBL2074,Inhibition,37.7,%,,=,single protein format,B,Inhibition of alpha glucosidase at 100 uM,,Outside typical range,CHEMBL1147699,474332,1,37.7,1,0.3689706325531006
CHEMBL2051759,CO[C@H]1O[C@H](CO)[C@H](N[C@H]2C[C@](O)(CO)[C@@H](O)[C@H](O)[C@H]2O)[C@H](O)[C@H]1O,1307679,CHEMBL710105,CHEMBL2074,IC50,100.0,nm,7.0,=,single protein format,B,Inhibitory activity against porcine maltase,,,CHEMBL1123195,5076,1,100.0,1,0.7157941460609436
CHEMBL2051760,CO[C@H]1O[C@H](C)[C@H](N[C@H]2C[C@](O)(CO)[C@@H](O)[C@H](O)[C@H]2O)[C@H](O)[C@H]1O,1295094,CHEMBL710105,CHEMBL2074,IC50,650.0,nm,6.19,=,single protein format,B,Inhibitory activity against porcine maltase,,,CHEMBL1123195,5079,1,650.0,1,0.4636077582836151
CHEMBL2051761,C[C@H]1C[C@H](N)[C@H](O)[C@@H](O)[C@@H]1N[C@H]1C[C@](O)(CO)[C@@H](O)[C@H](O)[C@H]1O,1267725,CHEMBL710105,CHEMBL2074,IC50,28.0,nm,7.55,=,single protein format,B,Inhibitory activity against porcine maltase,,,CHEMBL1123195,5071,1,28.0,1,0.4778454899787903
CHEMBL2051762,C[C@H]1C[C@H](O)[C@H](O)[C@@H](O)[C@H]1N[C@H]1C[C@](O)(CO)[C@@H](O)[C@H](O)[C@H]1O,1282079,CHEMBL710105,CHEMBL2074,IC50,68.0,nm,7.17,=,single protein format,B,Inhibitory activity against porcine maltase,,,CHEMBL1123195,5069,1,68.0,1,0.481785386800766
CHEMBL2051763,CO[C@H]1O[C@H](CO)[C@@H](N[C@H]2C=C(CO)[C@@H](O)[C@H](O)[C@H]2O)[C@H](O)[C@H]1O,1293704,CHEMBL710105,CHEMBL2074,IC50,7200.0,nm,5.14,=,single protein format,B,Inhibitory activity against porcine maltase,,,CHEMBL1123195,5073,1,7200.0,0,0.2504493296146393
CHEMBL2051764,CO[C@H]1O[C@H](C)[C@H](N[C@H]2C=C(CO)[C@@H](O)[C@H](O)[C@H]2O)[C@H](O)[C@H]1O,1306418,CHEMBL710105,CHEMBL2074,IC50,100000.0,nm,4.0,=,single protein format,B,Inhibitory activity against porcine maltase,,,CHEMBL1123195,5074,1,100000.0,0,0.3029579520225525
CHEMBL2051978,C[C@H]1C[C@H](N)[C@H](O)[C@@H](O)[C@H]1N[C@H]1C[C@](O)(CO)[C@@H](O)[C@H](O)[C@H]1O,1286913,CHEMBL710105,CHEMBL2074,IC50,1500.0,nm,5.82,=,single protein format,B,Inhibitory activity against porcine maltase,,,CHEMBL1123195,5070,1,1500.0,0,0.7975953221321106
CHEMBL2051979,CO[C@H]1O[C@H](CO)[C@H](N[C@H]2C=C(CO)[C@@H](O)[C@H](O)[C@H]2O)[C@H](O)[C@H]1O,1299286,CHEMBL710105,CHEMBL2074,IC50,80000.0,nm,4.1,=,single protein format,B,Inhibitory activity against porcine maltase,,,CHEMBL1123195,5072,1,80000.0,0,0.12077872455120087
CHEMBL2051980,CO[C@H]1O[C@H](C)[C@@H](N[C@H]2C=C(CO)[C@@H](O)[C@H](O)[C@H]2O)[C@H](O)[C@H]1O,1266265,CHEMBL710105,CHEMBL2074,IC50,3200.0,nm,5.5,=,single protein format,B,Inhibitory activity against porcine maltase,,,CHEMBL1123195,5075,1,3200.0,0,0.30576291680336
CHEMBL2051981,CO[C@H]1O[C@H](CO)[C@@H](N[C@H]2C[C@](O)(CO)[C@@H](O)[C@H](O)[C@H]2O)[C@H](O)[C@H]1O,1288320,CHEMBL710105,CHEMBL2074,IC50,72.0,nm,7.14,=,single protein format,B,Inhibitory activity against porcine maltase,,,CHEMBL1123195,5077,1,72.0,1,0.45866066217422485
CHEMBL2051982,C[C@H]1C[C@@H](O)[C@H](O)[C@@H](O)[C@H]1N[C@H]1C[C@](O)(CO)[C@@H](O)[C@H](O)[C@H]1O,1267727,CHEMBL710105,CHEMBL2074,IC50,70.0,nm,7.16,=,single protein format,B,Inhibitory activity against porcine maltase,,,CHEMBL1123195,5078,1,70.0,1,0.4782349467277527
CHEMBL2051983,CO[C@H]1O[C@H](C)[C@@H](N[C@H]2C[C@](O)(CO)[C@@H](O)[C@H](O)[C@H]2O)[C@H](O)[C@H]1O,1277111,CHEMBL710105,CHEMBL2074,IC50,4.9,nm,8.31,=,single protein format,B,Inhibitory activity against porcine maltase,,,CHEMBL1123195,5091,1,4.9,1,0.7367971539497375
CHEMBL205812,C=C1CC[C@@H]2[C@](C)(CO)[C@H](O)CC[C@@]2(C)[C@@H]1/C=C/C1=CC(=C(C)C)OC1=O,1714857,CHEMBL865093,CHEMBL2074,Inhibition,17.1,%,,=,single protein format,B,Inhibition of alpha glucosidase at 100 uM,,,CHEMBL1147699,474322,1,17.1,1,0.81622713804245
CHEMBL205969,C[C@]1(CO)[C@H]2CC[C@@]3(CO3)[C@@H](/C=C/C3=C/C(=C/C=C/c4ccccc4)OC3=O)[C@]2(C)CC[C@H]1O,1714851,CHEMBL865093,CHEMBL2074,Inhibition,49.2,%,,=,single protein format,B,Inhibition of alpha glucosidase at 100 uM,,Outside typical range,CHEMBL1147699,474333,1,49.2,1,0.6459189057350159
CHEMBL206309,C=C1CC[C@@H]2[C@](C)(CO)[C@H](O)CC[C@@]2(C)[C@@H]1/C=C/C1=C/C(=C/CCC)OC1=O,1714856,CHEMBL865093,CHEMBL2074,Inhibition,43.5,%,,=,single protein format,B,Inhibition of alpha glucosidase at 100 uM,,Outside typical range,CHEMBL1147699,474323,1,43.5,1,0.8111410140991211
CHEMBL206839,C=C1CC[C@@H]2[C@]3(C)COC(CCCCCC)O[C@@H]3CC[C@@]2(C)[C@@H]1C/C=C1/C(=O)OC[C@H]1O,1714850,CHEMBL865093,CHEMBL2074,Inhibition,20.1,%,,=,single protein format,B,Inhibition of alpha glucosidase at 100 uM,,,CHEMBL1147699,474310,1,20.1,1,0.7115570902824402
CHEMBL207270,COc1ccc(-c2c(C)c(C#N)c(N)c(C#N)c2SC)cc1OC,2416859,CHEMBL976166,CHEMBL2074,Inhibition,6.7,%,,=,single protein format,B,Inhibition of alpha-glucosidase at 100 uM,,,CHEMBL1153999,809102,1,6.7,1,0.7533977627754211
CHEMBL207747,C=C1CC[C@@H]2[C@](C)(CO)[C@H](O)CC[C@@]2(C)[C@@H]1/C=C/C1=C/C(=C/c2cccc(Br)c2)OC1=O,2028500,CHEMBL886165,CHEMBL2074,Inhibition,16.7,%,,=,single protein format,B,Inhibition of alpha-glucosidase at 100 uM,,,CHEMBL1139933,673666,1,16.7,1,0.8056592345237732
CHEMBL207762,C=C1CC[C@@H]2[C@]3(C)COC(c4ccc(F)cc4)O[C@@H]3CC[C@@]2(C)[C@@H]1C/C=C1/C(=O)OC[C@H]1O,1714864,CHEMBL865093,CHEMBL2074,Inhibition,26.2,%,,=,single protein format,B,Inhibition of alpha glucosidase at 100 uM,,,CHEMBL1147699,474313,1,26.2,1,0.8307392597198486
CHEMBL207835,CSc1c(C)c(-c2ccc(Cl)cc2)c(C#N)c(N)c1C#N,2416862,CHEMBL976166,CHEMBL2074,Inhibition,6.7,%,,=,single protein format,B,Inhibition of alpha-glucosidase at 100 uM,,,CHEMBL1153999,809189,1,6.7,1,0.8037440180778503
CHEMBL207963,C=C1CC[C@@H]2[C@]3(C)COC(c4cc(OC)c(OC)cc4OC)O[C@@H]3CC[C@@]2(C)[C@@H]1C/C=C1/C(=O)OC[C@H]1O,1714861,CHEMBL865093,CHEMBL2074,Inhibition,14.5,%,,=,single protein format,B,Inhibition of alpha glucosidase at 100 uM,,,CHEMBL1147699,474317,1,14.5,1,0.830799400806427
CHEMBL208032,CSc1c(C#N)c(N)c(C#N)c(C)c1-c1ccc(F)cc1,2416856,CHEMBL976166,CHEMBL2074,Inhibition,17.3,%,,=,single protein format,B,Inhibition of alpha-glucosidase at 100 uM,,,CHEMBL1153999,809099,1,17.3,1,0.7594781517982483
CHEMBL208058,C=C1CC[C@@H]2[C@]3(C)COC(c4ccccc4OC)O[C@@H]3CC[C@@]2(C)[C@@H]1C/C=C1/C(=O)OC[C@H]1O,1714863,CHEMBL865093,CHEMBL2074,Inhibition,5.5,%,,=,single protein format,B,Inhibition of alpha glucosidase at 100 uM,,,CHEMBL1147699,474315,1,5.5,1,0.8184010982513428
CHEMBL208244,C=C1CC[C@@H]2[C@]3(C)COC(c4ccc(OC)cc4)O[C@@H]3CC[C@@]2(C)[C@@H]1C/C=C1/C(=O)OC[C@H]1O,1714862,CHEMBL865093,CHEMBL2074,Inhibition,13.2,%,,=,single protein format,B,Inhibition of alpha glucosidase at 100 uM,,,CHEMBL1147699,474316,1,13.2,1,0.8228808641433716
CHEMBL208445,CSc1c(C)c(-c2ccccc2)c(C#N)c(N)c1C#N,2416861,CHEMBL976166,CHEMBL2074,Inhibition,6.7,%,,=,single protein format,B,Inhibition of alpha-glucosidase at 100 uM,,,CHEMBL1153999,809188,1,6.7,1,0.8063244819641113
CHEMBL209093,C=C1CC[C@@H]2[C@](C)(CO)[C@H](O)CC[C@@]2(C)[C@@H]1/C=C/C1=C/C(=C/C=C/c2ccccc2)OC1=O,1714853,CHEMBL865093,CHEMBL2074,Inhibition,84.3,%,4.24,=,single protein format,B,Inhibition of alpha glucosidase at 100 uM,,,CHEMBL1147699,474329,1,84.3,1,0.8189637660980225
CHEMBL2093897,OC[C@@H]1N[C@H](CO)[C@@H](O)[C@H](O)[C@H]1O,333831,CHEMBL816395,CHEMBL2074,IC50,8400.0,nm,5.08,=,single protein format,B,Inhibitory activity measured against alpha-glucosidase of rice by colorimetric assay using the D-glucose oxidase-peroxidase method,,,CHEMBL1131015,155742,1,8400.0,0,0.47593578696250916
CHEMBL2114210,OC[C@H]1N[C@H](CO)[C@@H](O)C(O)[C@@H]1O,306827,CHEMBL649328,CHEMBL2074,Ki,6200.0,nm,5.21,=,single protein format,B,Compound was tested for binding affinity against alpha-glucosidase,,Outside typical range,CHEMBL1131015,155749,1,6200.0,0,0.24880322813987732
CHEMBL2115215,OC[C@@H]1N[C@H](CO)[C@@H](O)[C@H](O)[C@@H]1O,314810,CHEMBL649328,CHEMBL2074,Ki,450.0,nm,6.35,=,single protein format,B,Compound was tested for binding affinity against alpha-glucosidase,,,CHEMBL1131015,155741,1,450.0,1,0.1562594324350357
CHEMBL219553,COc1cc(O)cc(CCc2ccc(O)c(OC)c2)c1,25045853,CHEMBL5246093,CHEMBL2074,IC50,103100.0,nm,,=,single protein format,B,Inhibition of alpha-glucosidase (unknown origin),,Outside typical range,CHEMBL5244253,3924633,1,103100.0,0,0.42838194966316223
CHEMBL222396,N[C@H]1C[C@](O)(CO)[C@@H](O)[C@H](O)[C@H]1O,1280849,CHEMBL710105,CHEMBL2074,IC50,2200.0,nm,5.66,=,single protein format,B,Inhibitory activity against porcine maltase,,,CHEMBL1123195,5080,1,2200.0,0,0.2889683246612549
CHEMBL2374252,OC[C@@H](N[C@H]1C[C@](O)(CO)[C@@H](O)[C@H](O)[C@H]1O)c1ccccc1,1267797,CHEMBL710105,CHEMBL2074,IC50,34000.0,nm,4.47,=,single protein format,B,Inhibitory activity against porcine maltase,,,CHEMBL1123195,5084,1,34000.0,0,0.5017497539520264
CHEMBL2374253,OC[C@H](N[C@H]1C[C@](O)(CO)[C@@H](O)[C@H](O)[C@H]1O)c1ccccc1,1299392,CHEMBL710105,CHEMBL2074,IC50,13.0,nm,7.89,=,single protein format,B,Inhibitory activity against porcine maltase,,,CHEMBL1123195,5090,1,13.0,1,0.147835373878479
CHEMBL2374254,OC[C@@]1(O)C[C@H](NC[C@H](O)c2ccccc2)[C@H](O)[C@H](O)[C@H]1O,1266263,CHEMBL710105,CHEMBL2074,IC50,5.8,nm,8.24,=,single protein format,B,Inhibitory activity against porcine maltase,,,CHEMBL1123195,5068,1,5.8,1,0.6218480467796326
CHEMBL2374255,OC[C@@]1(O)C[C@H](NC[C@@H](O)c2ccccc2)[C@H](O)[C@H](O)[C@H]1O,1292452,CHEMBL710105,CHEMBL2074,IC50,5000.0,nm,5.3,=,single protein format,B,Inhibitory activity against porcine maltase,,,CHEMBL1123195,5089,1,5000.0,0,0.4853435456752777
CHEMBL238603,C=C1CC[C@@H]2[C@](C)(CO)[C@H](O)CC[C@@]2(C)[C@@H]1/C=C/C1=C/C(=C/c2ccccc2)OC1=O,2028504,CHEMBL886165,CHEMBL2074,Inhibition,84.3,%,4.24,=,single protein format,B,Inhibition of alpha-glucosidase at 100 uM,,,CHEMBL1139933,673662,1,84.3,1,0.7958276867866516
CHEMBL238604,C=C1CC[C@@H]2[C@](C)(CO)[C@H](O)CC[C@@]2(C)[C@@H]1/C=C/C1=C/C(=C/c2cc(OC)c(OC)cc2OC)OC1=O,2028502,CHEMBL886165,CHEMBL2074,Inhibition,57.8,%,4.08,=,single protein format,B,Inhibition of alpha-glucosidase at 100 uM,,,CHEMBL1139933,673664,1,57.8,1,0.800563395023346
CHEMBL239249,O=S(=O)([O-])O[C@@H](CO)[C@H](O)C[S+]1C[C@@H](O)[C@H](O)[C@H]1CO,16616248,CHEMBL3815265,CHEMBL2074,IC50,4900.0,nm,5.31,=,assay format,B,Inhibition of human small intestine microsomal maltase using maltose as substrate incubated for 30 mins by glucose-oxidase method,,,CHEMBL3813698,2781303,1,4900.0,0,0.4681572914123535
CHEMBL239474,C=C1CC[C@@H]2[C@]3(C)COCO[C@@H]3CC[C@@]2(C)[C@@H]1CC(O)C1=CCOC1=O,2028508,CHEMBL886165,CHEMBL2074,Inhibition,6.9,%,,=,single protein format,B,Inhibition of alpha-glucosidase at 100 uM,,,CHEMBL1139933,673658,1,6.9,1,0.7429150938987732
CHEMBL240080,C=C1CC[C@@H]2[C@](C)(COC(=O)c3cccnc3)[C@H](OC(=O)c3cccnc3)CC[C@@]2(C)[C@@H]1/C=C/C1=C/C(=C/c2ccco2)OC1=O,2028490,CHEMBL886165,CHEMBL2074,Inhibition,95.9,%,4.44,=,single protein format,B,Inhibition of alpha-glucosidase at 100 uM,,,CHEMBL1139933,673676,1,95.9,1,0.8438816666603088
CHEMBL2409395,COc1cc(O)c2c(=O)c3c(O)c(O[C@@H]4O[C@H](CO)[C@@H](O)[C@H](O)[C@H]4O[C@@H]4O[C@@H](C)[C@H](O)[C@@H](O)[C@H]4O)ccc3oc2c1,25041543,CHEMBL5244945,CHEMBL2074,IC50,75800.0,nm,4.12,=,single protein format,B,Inhibition of alpha-glucosidase (unknown origin) using PNPG as substrate preincubated for 15 mins followed by substrate addition and measured after 30 mins by spectrophotometric assay,,,CHEMBL5244222,3923386,1,75800.0,0,0.3018086850643158
CHEMBL241165,C=C1CC[C@@H]2[C@](C)(CO)[C@H](O)CC[C@@]2(C)[C@@H]1/C=C/C1=C/C(=C/c2ccc(N(C)C)cc2)OC1=O,2028499,CHEMBL886165,CHEMBL2074,Inhibition,60.6,%,4.16,=,single protein format,B,Inhibition of alpha-glucosidase at 100 uM,,,CHEMBL1139933,673667,1,60.6,1,0.8042464256286621
CHEMBL241374,C=C1CC[C@@H]2[C@](C)(CO)[C@H](O)CC[C@@]2(C)[C@@H]1/C=C/C1=C/C(=C/c2ccco2)OC1=O,2028496,CHEMBL886165,CHEMBL2074,Inhibition,49.6,%,4.0,=,single protein format,B,Inhibition of alpha-glucosidase at 100 uM,,,CHEMBL1139933,673670,1,49.6,1,0.8379793167114258
CHEMBL2442258,CN1[C@H](CO)[C@H](O)[C@@H](O)[C@H](O)[C@H]1CO,338927,CHEMBL649260,CHEMBL2074,IC50,60.0,nm,7.22,=,single protein format,B,Inhibitory activity measured against alpha-glucosidase of rice by colorimetric assay using the D-glucose oxidase-peroxidase method,,,CHEMBL1131015,155743,1,60.0,1,0.47765544056892395
CHEMBL26323,COc1cc(O)c2c(=O)c3c(OC)c(OC)ccc3oc2c1,25041539,CHEMBL5244945,CHEMBL2074,IC50,142100.0,nm,,=,single protein format,B,Inhibition of alpha-glucosidase (unknown origin) using PNPG as substrate preincubated for 15 mins followed by substrate addition and measured after 30 mins by spectrophotometric assay,,Outside typical range,CHEMBL5244222,3923379,1,142100.0,0,0.24868173897266388
CHEMBL30707,O=c1oc2cc(O)ccc2c2oc3cc(O)ccc3c12,25100119,CHEMBL5261134,CHEMBL2074,IC50,6000.0,nm,5.22,=,single protein format,B,Inhibition of Alpha-glucosidase (unknown origin),,,CHEMBL5260799,3936204,1,6000.0,0,0.21819962561130524
CHEMBL307429,OC[C@H]1NC[C@H](O)[C@@H](O)[C@@H]1O,1401852,CHEMBL827835,CHEMBL2074,IC50,40.0,nm,7.4,=,single protein format,B,Inhibitory concentration against human alpha-glucosidase,,,CHEMBL1142734,360302,1,40.0,1,0.6831532716751099
CHEMBL3084806,CCCCN1[C@H](CO)[C@H](O)[C@@H](O)[C@H](O)[C@H]1CO,342691,CHEMBL649260,CHEMBL2074,IC50,4200.0,nm,5.38,=,single protein format,B,Inhibitory activity measured against alpha-glucosidase of rice by colorimetric assay using the D-glucose oxidase-peroxidase method,,,CHEMBL1131015,155744,1,4200.0,0,0.4495479464530945
CHEMBL3093478,COc1cc(O)c2c(=O)c3cc(O)ccc3oc2c1,25041522,CHEMBL5244945,CHEMBL2074,IC50,31800.0,nm,4.5,=,single protein format,B,Inhibition of alpha-glucosidase (unknown origin) using PNPG as substrate preincubated for 15 mins followed by substrate addition and measured after 30 mins by spectrophotometric assay,,,CHEMBL5244222,3923350,1,31800.0,0,0.11545706540346146
CHEMBL3093492,COc1cc(O)c2c(=O)c3c(OC)c(OC)ccc3oc2c1OC,25041520,CHEMBL5244945,CHEMBL2074,IC50,65800.0,nm,4.18,=,single protein format,B,Inhibition of alpha-glucosidase (unknown origin) using PNPG as substrate preincubated for 15 mins followed by substrate addition and measured after 30 mins by spectrophotometric assay,,,CHEMBL5244222,3923348,1,65800.0,0,0.2624269723892212
CHEMBL3093493,COc1cc(O)c2c(=O)c3c(OC)c(O)ccc3oc2c1OC,25041542,CHEMBL5244945,CHEMBL2074,IC50,77400.0,nm,4.11,=,single protein format,B,Inhibition of alpha-glucosidase (unknown origin) using PNPG as substrate preincubated for 15 mins followed by substrate addition and measured after 30 mins by spectrophotometric assay,,,CHEMBL5244222,3923382,1,77400.0,0,0.241311714053154
CHEMBL310229,CCCCN1C[C@@H](O)[C@H](O)[C@H]1CO,443763,CHEMBL710107,CHEMBL2074,IC50,50000.0,nm,,<,cell membrane format,B,Inhibition of Glycosidases (maltase) in rat intestinal brush border membranes by D-glucose oxidase-peroxidase method maltase,,,CHEMBL1128713,137445,1,50000.0,0,0.44916170835494995
CHEMBL310231,CN1[C@H](CO)[C@@H](O)[C@H](O)[C@H]1CO,447896,CHEMBL710107,CHEMBL2074,IC50,50000.0,nm,,<,cell membrane format,B,Inhibition of Glycosidases (maltase) in rat intestinal brush border membranes by D-glucose oxidase-peroxidase method maltase,,,CHEMBL1128713,137444,1,50000.0,0,0.489748477935791
CHEMBL312653,OC[C@H]1N[C@H](CO)[C@@H](O)[C@@H]1O,450504,CHEMBL710107,CHEMBL2074,IC50,50000.0,nm,,<,cell membrane format,B,Inhibition of Glycosidases (maltase) in rat intestinal brush border membranes by D-glucose oxidase-peroxidase method maltase,,,CHEMBL1128713,137440,1,50000.0,0,0.4958447217941284
CHEMBL323803,C[Si](C)(C)c1ccccc1CN1C[C@H](O)[C@@H](O)[C@H](O)[C@H]1CO,679653,CHEMBL683914,CHEMBL2074,Ki,10000.0,nm,5.0,=,single protein format,B,In vitro inhibition constant against rat small intestinal glucoamylase,,,CHEMBL1151035,227647,1,10000.0,0,0.6185336709022522
CHEMBL3264720,COc1cc(C(c2c(O)c3cc(C)ccc3oc2=O)c2c(O)c3cc(C)ccc3oc2=O)cc(OC)c1OC,25106417,CHEMBL5263434,CHEMBL2074,IC50,385990.0,nm,,=,single protein format,B,Inhibition of alpha-glucosidase (unknown origin),,Outside typical range,CHEMBL5260826,3937559,1,385990.0,0,0.2345593273639679
CHEMBL3264724,COc1cc(C(c2c(O)c3cc(Cl)ccc3oc2=O)c2c(O)c3cc(Cl)ccc3oc2=O)ccc1O,25106422,CHEMBL5263434,CHEMBL2074,IC50,83640.0,nm,4.08,=,single protein format,B,Inhibition of alpha-glucosidase (unknown origin),,,CHEMBL5260826,3937564,1,83640.0,0,0.10236887633800507
CHEMBL3264725,O=c1oc2ccc(Cl)cc2c(O)c1C(c1cccc(O)c1)c1c(O)c2cc(Cl)ccc2oc1=O,25106421,CHEMBL5263434,CHEMBL2074,IC50,84060.0,nm,4.08,=,single protein format,B,Inhibition of alpha-glucosidase (unknown origin),,,CHEMBL5260826,3937563,1,84060.0,0,0.10740583389997482
CHEMBL3264726,COc1ccc(C(c2c(O)c3cc(Cl)ccc3oc2=O)c2c(O)c3cc(Cl)ccc3oc2=O)cc1O,25106420,CHEMBL5263434,CHEMBL2074,IC50,113050.0,nm,,=,single protein format,B,Inhibition of alpha-glucosidase (unknown origin),,Outside typical range,CHEMBL5260826,3937562,1,113050.0,0,0.09474382549524307
CHEMBL3264727,CCOc1cc(C(c2c(O)c3cc(Cl)ccc3oc2=O)c2c(O)c3cc(Cl)ccc3oc2=O)ccc1O,25106423,CHEMBL5263434,CHEMBL2074,IC50,57140.0,nm,4.24,=,single protein format,B,Inhibition of alpha-glucosidase (unknown origin),,,CHEMBL5260826,3937565,1,57140.0,0,0.1104070246219635
CHEMBL3264728,COc1cc(C(c2c(O)c3cc(Cl)ccc3oc2=O)c2c(O)c3cc(Cl)ccc3oc2=O)cc(OC)c1OC,25106424,CHEMBL5263434,CHEMBL2074,IC50,128140.0,nm,,=,single protein format,B,Inhibition of alpha-glucosidase (unknown origin),,Outside typical range,CHEMBL5260826,3937566,1,128140.0,0,0.11368696391582489
CHEMBL3264729,COc1ccc(C(c2c(O)c3cc(Cl)ccc3oc2=O)c2c(O)c3cc(Cl)ccc3oc2=O)cc1OC,25106425,CHEMBL5263434,CHEMBL2074,IC50,91360.0,nm,4.04,=,single protein format,B,Inhibition of alpha-glucosidase (unknown origin),,,CHEMBL5260826,3937567,1,91360.0,0,0.21262861788272858
CHEMBL3264730,O=c1oc2ccc(Cl)cc2c(O)c1C(c1ccc(Cl)cc1Cl)c1c(O)c2cc(Cl)ccc2oc1=O,25106415,CHEMBL5263434,CHEMBL2074,IC50,16540.0,nm,4.78,=,single protein format,B,Inhibition of alpha-glucosidase (unknown origin),,,CHEMBL5260826,3937517,1,16540.0,0,0.12497406452894211
CHEMBL3264731,O=c1oc2ccc(Cl)cc2c(O)c1C(c1cccc([N+](=O)[O-])c1)c1c(O)c2cc(Cl)ccc2oc1=O,25106414,CHEMBL5263434,CHEMBL2074,IC50,27070.0,nm,4.57,=,single protein format,B,Inhibition of alpha-glucosidase (unknown origin),,,CHEMBL5260826,3937516,1,27070.0,0,0.11497242748737335
CHEMBL3264733,CCOc1cc(C(c2c(O)c3cc(C)ccc3oc2=O)c2c(O)c3cc(C)ccc3oc2=O)ccc1O,25106418,CHEMBL5263434,CHEMBL2074,IC50,221060.0,nm,,=,single protein format,B,Inhibition of alpha-glucosidase (unknown origin),,Outside typical range,CHEMBL5260826,3937560,1,221060.0,0,0.1186346709728241
CHEMBL3264735,COc1ccc(C(c2c(O)c3cc(C)ccc3oc2=O)c2c(O)c3cc(C)ccc3oc2=O)cc1,25106419,CHEMBL5263434,CHEMBL2074,IC50,106630.0,nm,,=,single protein format,B,Inhibition of alpha-glucosidase (unknown origin),,Outside typical range,CHEMBL5260826,3937561,1,106630.0,0,0.23923470079898834
CHEMBL330763,CCC[Si](C)(C)CN1C[C@H](O)[C@@H](O)[C@H](O)[C@H]1CO,697266,CHEMBL683914,CHEMBL2074,Ki,900.0,nm,6.05,=,single protein format,B,In vitro inhibition constant against rat small intestinal glucoamylase,,,CHEMBL1151035,227657,1,900.0,1,0.6606578826904297
CHEMBL332802,C[Si](C)(C)c1ccc(CN2C[C@H](O)[C@@H](O)[C@H](O)[C@H]2CO)cc1,706692,CHEMBL683914,CHEMBL2074,Ki,28.0,nm,7.55,=,single protein format,B,In vitro inhibition constant against rat small intestinal glucoamylase,,,CHEMBL1151035,227645,1,28.0,1,0.6377021074295044
CHEMBL333917,C[Si](C)(CN1C[C@H](O)[C@@H](O)[C@H](O)[C@H]1CO)c1ccccc1,685358,CHEMBL683914,CHEMBL2074,Ki,2600.0,nm,5.58,=,single protein format,B,In vitro inhibition constant against rat small intestinal glucoamylase,,,CHEMBL1151035,227656,1,2600.0,0,0.641269326210022
CHEMBL3349431,OCN(CO)[C@H]1C[C@](O)(CO)[C@@H](O)[C@H](O)[C@H]1O,1271881,CHEMBL710105,CHEMBL2074,IC50,15.0,nm,7.82,=,single protein format,B,Inhibitory activity against porcine maltase,,,CHEMBL1123195,5082,1,15.0,1,0.3393024504184723
CHEMBL3349432,OC[C@@]1(O)C[C@H](N[C@@H]2CCCC[C@H]2O)[C@H](O)[C@@H](O)[C@@H]1O,1269189,CHEMBL710105,CHEMBL2074,IC50,6.1,nm,8.21,=,single protein format,B,Inhibitory activity against porcine maltase,,,CHEMBL1123195,5083,1,6.1,1,0.49072694778442383
CHEMBL3349433,OC[C@@]1(O)C[C@H](NCC2CCCCC2)[C@H](O)[C@@H](O)[C@@H]1O,1267799,CHEMBL710105,CHEMBL2074,IC50,240.0,nm,6.62,=,single protein format,B,Inhibitory activity against porcine maltase,,,CHEMBL1123195,5085,1,240.0,1,0.7225656509399414
CHEMBL3349434,OC[C@@]1(O)C[C@H](NC2CCCCC2)[C@H](O)[C@@H](O)[C@@H]1O,1303338,CHEMBL710105,CHEMBL2074,IC50,410.0,nm,6.39,=,single protein format,B,Inhibitory activity against porcine maltase,,,CHEMBL1123195,5081,1,410.0,1,0.5893312096595764
CHEMBL3349435,OC[C@@]1(O)C[C@H](NCc2ccc(Br)cc2)[C@H](O)[C@@H](O)[C@@H]1O,1277109,CHEMBL710105,CHEMBL2074,IC50,230.0,nm,6.64,=,single protein format,B,Inhibitory activity against porcine maltase,,,CHEMBL1123195,5098,1,230.0,1,0.4937354624271393
CHEMBL3349436,OCC1=C[C@H](NC(CO)CO)[C@H](O)[C@@H](O)[C@@H]1O,1283285,CHEMBL710105,CHEMBL2074,IC50,5900.0,nm,5.23,=,single protein format,B,Inhibitory activity against porcine maltase,,,CHEMBL1123195,5094,1,5900.0,0,0.3732861280441284
CHEMBL3349437,OC[C@@]1(O)C[C@H](NCCc2ccccc2)[C@H](O)[C@@H](O)[C@@H]1O,1302111,CHEMBL710105,CHEMBL2074,IC50,100.0,nm,7.0,=,single protein format,B,Inhibitory activity against porcine maltase,,,CHEMBL1123195,5095,1,100.0,1,0.5320663452148438
CHEMBL3349438,CC(C)=CCC/C(C)=C/CN[C@H]1C[C@](O)(CO)[C@@H](O)[C@H](O)[C@H]1O,1293760,CHEMBL710105,CHEMBL2074,IC50,520.0,nm,6.28,=,single protein format,B,Inhibitory activity against porcine maltase,,,CHEMBL1123195,5099,1,520.0,1,0.2459757924079895
CHEMBL3349439,OC[C@@]1(O)C[C@H](N[C@H]2CCCC[C@@H]2O)[C@H](O)[C@@H](O)[C@@H]1O,1275778,CHEMBL710105,CHEMBL2074,IC50,1600.0,nm,5.8,=,single protein format,B,Inhibitory activity against porcine maltase,,,CHEMBL1123195,5100,1,1600.0,0,0.7237553596496582
CHEMBL3349440,OCC(CO)N[C@H]1C[C@H](CO)[C@@H](O)[C@H](O)[C@H]1O,1279599,CHEMBL710105,CHEMBL2074,IC50,550.0,nm,6.26,=,single protein format,B,Inhibitory activity against porcine maltase,,,CHEMBL1123195,5092,1,550.0,1,0.470249205827713
CHEMBL3349441,OC[C@@]1(O)C[C@H](NCc2cccs2)[C@H](O)[C@@H](O)[C@@H]1O,1288359,CHEMBL710105,CHEMBL2074,IC50,200.0,nm,6.7,=,single protein format,B,Inhibitory activity against porcine maltase,,,CHEMBL1123195,5096,1,200.0,1,0.7463065981864929
CHEMBL3349442,CC(C)(C)c1cc(CN[C@H]2C[C@](O)(CO)[C@@H](O)[C@H](O)[C@H]2O)cc(C(C)(C)C)c1O,1303340,CHEMBL710105,CHEMBL2074,IC50,43.0,nm,7.37,=,single protein format,B,Inhibitory activity against porcine maltase,,,CHEMBL1123195,5086,1,43.0,1,0.7434669733047485
CHEMBL3349443,OC[C@@]1(O)C[C@H](NC/C=C/c2ccccc2)[C@H](O)[C@@H](O)[C@@H]1O,1296510,CHEMBL710105,CHEMBL2074,IC50,270.0,nm,6.57,=,single protein format,B,Inhibitory activity against porcine maltase,,,CHEMBL1123195,5087,1,270.0,1,0.4716552793979645
CHEMBL3349446,OC[C@@]1(O)C[C@H](NCc2cccnc2)[C@H](O)[C@@H](O)[C@@H]1O,1300700,CHEMBL710105,CHEMBL2074,IC50,330.0,nm,6.48,=,single protein format,B,Inhibitory activity against porcine maltase,,,CHEMBL1123195,5097,1,330.0,1,0.7121016979217529
CHEMBL3354025,OC[C@@H]1[C@@H](O)[C@H](O)[C@@H](O)CN1CCCCCOCc1ccc(-c2ccccc2)cc1,15091597,CHEMBL3384694,CHEMBL2074,IC50,2000.0,nm,5.7,=,single protein format,B,Inhibition of intestinal maltase (unknown origin),,,CHEMBL3352260,2245363,1,2000.0,0,0.35652029514312744
CHEMBL3354038,OC[C@H]1[C@@H](O)[C@H](O)[C@@H](O)CN1CCCCCOCc1ccc(-c2ccccc2)cc1,15091639,CHEMBL3384694,CHEMBL2074,IC50,100000.0,nm,,>,single protein format,B,Inhibition of intestinal maltase (unknown origin),,,CHEMBL3352260,2245376,1,100000.0,0,0.16192053258419037
CHEMBL3354062,OC[C@@H]1[C@@H](O)[C@H](O)[C@@H](O)CN1CCCCCOCc1ccccc1-c1ccccc1,15091714,CHEMBL3384694,CHEMBL2074,IC50,1500.0,nm,5.82,=,single protein format,B,Inhibition of intestinal maltase (unknown origin),,,CHEMBL3352260,2245400,1,1500.0,0,0.38665103912353516
CHEMBL3354063,OC[C@@H]1[C@@H](O)[C@H](O)[C@@H](O)CN1CCCCCOCc1cccc(-c2ccccc2)c1,15091720,CHEMBL3384694,CHEMBL2074,IC50,1500.0,nm,5.82,=,single protein format,B,Inhibition of intestinal maltase (unknown origin),,,CHEMBL3352260,2245401,1,1500.0,0,0.15865042805671692
CHEMBL3354620,OC[C@@H]1[C@@H](O)[C@H](O)[C@@H](O)CN1CC(F)(F)CCCOCc1ccc(-c2ccccc2)cc1,15091729,CHEMBL3384694,CHEMBL2074,IC50,100000.0,nm,,>,single protein format,B,Inhibition of intestinal maltase (unknown origin),,,CHEMBL3352260,2247363,1,100000.0,0,0.33626317977905273
CHEMBL3354621,OC[C@@H]1[C@@H](O)[C@H](O)[C@@H](O)CN1CCCC(F)(F)COCc1ccc(-c2ccccc2)cc1,15091735,CHEMBL3384694,CHEMBL2074,IC50,9000.0,nm,5.05,=,single protein format,B,Inhibition of intestinal maltase (unknown origin),,,CHEMBL3352260,2247364,1,9000.0,0,0.18009814620018005
CHEMBL3354622,C[C@H](OCCCCCN1C[C@H](O)[C@@H](O)[C@H](O)[C@H]1CO)c1ccc(-c2ccccc2)cc1,15091741,CHEMBL3384694,CHEMBL2074,IC50,2500.0,nm,5.6,=,single protein format,B,Inhibition of intestinal maltase (unknown origin),,,CHEMBL3352260,2247365,1,2500.0,0,0.36775192618370056
CHEMBL3354623,C[C@@H](OCCCCCN1C[C@H](O)[C@@H](O)[C@H](O)[C@H]1CO)c1ccc(-c2ccccc2)cc1,15091747,CHEMBL3384694,CHEMBL2074,IC50,4000.0,nm,5.4,=,single protein format,B,Inhibition of intestinal maltase (unknown origin),,,CHEMBL3352260,2247366,1,4000.0,0,0.179630845785141
CHEMBL3354624,OC[C@@H]1[C@@H](O)[C@H](O)[C@@H](O)CN1CCCCCOCc1ccc(-c2ccccc2)cc1F,15091753,CHEMBL3384694,CHEMBL2074,IC50,2500.0,nm,5.6,=,single protein format,B,Inhibition of intestinal maltase (unknown origin),,,CHEMBL3352260,2247367,1,2500.0,0,0.14227955043315887
CHEMBL3354625,OC[C@@H]1[C@@H](O)[C@H](O)[C@@H](O)CN1CCCCCOCc1ccc(-c2ccccc2)c(F)c1,15091759,CHEMBL3384694,CHEMBL2074,IC50,3000.0,nm,5.52,=,single protein format,B,Inhibition of intestinal maltase (unknown origin),,,CHEMBL3352260,2247368,1,3000.0,0,0.15401312708854675
CHEMBL3354626,OC[C@@H]1[C@@H](O)[C@H](O)[C@@H](O)CN1CCCCCOCc1ccc(-c2ccccc2)cc1C(F)(F)F,15096226,CHEMBL3384694,CHEMBL2074,IC50,8000.0,nm,5.1,=,single protein format,B,Inhibition of intestinal maltase (unknown origin),,,CHEMBL3352260,2247369,1,8000.0,0,0.14482250809669495
CHEMBL3354627,OC[C@@H]1[C@@H](O)[C@H](O)[C@@H](O)CN1CCCCCOCc1ccc(-c2ccccc2)c(C(F)(F)F)c1,15096232,CHEMBL3384694,CHEMBL2074,IC50,7000.0,nm,5.16,=,single protein format,B,Inhibition of intestinal maltase (unknown origin),,,CHEMBL3352260,2247370,1,7000.0,0,0.16181479394435883
CHEMBL3354628,C[C@H](OCCCCCN1C[C@H](O)[C@@H](O)[C@H](O)[C@@H]1CO)c1ccc(-c2ccccc2)cc1,15096238,CHEMBL3384694,CHEMBL2074,IC50,100000.0,nm,,>,single protein format,B,Inhibition of intestinal maltase (unknown origin),,,CHEMBL3352260,2247371,1,100000.0,0,0.14452020823955536
CHEMBL3354629,C[C@@H](OCCCCCN1C[C@H](O)[C@@H](O)[C@H](O)[C@@H]1CO)c1ccc(-c2ccccc2)cc1,15096244,CHEMBL3384694,CHEMBL2074,IC50,100000.0,nm,,>,single protein format,B,Inhibition of intestinal maltase (unknown origin),,,CHEMBL3352260,2247372,1,100000.0,0,0.18002302944660187
CHEMBL3354630,OC[C@H]1[C@@H](O)[C@H](O)[C@@H](O)CN1CCCCCOCc1ccccc1-c1ccccc1,15096250,CHEMBL3384694,CHEMBL2074,IC50,100000.0,nm,,>,single protein format,B,Inhibition of intestinal maltase (unknown origin),,,CHEMBL3352260,2247373,1,100000.0,0,0.38760048151016235
CHEMBL3354631,OC[C@H]1[C@@H](O)[C@H](O)[C@@H](O)CN1CCCCCOCc1cccc(-c2ccccc2)c1,15096256,CHEMBL3384694,CHEMBL2074,IC50,100000.0,nm,,>,single protein format,B,Inhibition of intestinal maltase (unknown origin),,,CHEMBL3352260,2247374,1,100000.0,0,0.1575007438659668
CHEMBL3354632,OC[C@H]1[C@@H](O)[C@H](O)[C@@H](O)CN1CC(F)(F)CCCOCc1ccc(-c2ccccc2)cc1,15096262,CHEMBL3384694,CHEMBL2074,IC50,100000.0,nm,,>,single protein format,B,Inhibition of intestinal maltase (unknown origin),,,CHEMBL3352260,2247375,1,100000.0,0,0.15803781151771545
CHEMBL3354633,OC[C@H]1[C@@H](O)[C@H](O)[C@@H](O)CN1CCCC(F)(F)COCc1ccc(-c2ccccc2)cc1,15096268,CHEMBL3384694,CHEMBL2074,IC50,100000.0,nm,,>,single protein format,B,Inhibition of intestinal maltase (unknown origin),,,CHEMBL3352260,2247376,1,100000.0,0,0.16077636182308197
CHEMBL3354634,OC[C@H]1[C@@H](O)[C@H](O)[C@@H](O)CN1CCCCCOCc1ccc(-c2ccccc2)cc1C(F)(F)F,15096274,CHEMBL3384694,CHEMBL2074,IC50,100000.0,nm,,>,single protein format,B,Inhibition of intestinal maltase (unknown origin),,,CHEMBL3352260,2247377,1,100000.0,0,0.14986379444599152
CHEMBL3354635,OC[C@H]1[C@@H](O)[C@H](O)[C@@H](O)CN1CCCCCOCc1ccc(-c2ccccc2)c(C(F)(F)F)c1,15096280,CHEMBL3384694,CHEMBL2074,IC50,100000.0,nm,,>,single protein format,B,Inhibition of intestinal maltase (unknown origin),,,CHEMBL3352260,2247378,1,100000.0,0,0.35542216897010803
CHEMBL3354636,OC[C@H]1[C@@H](O)[C@H](O)[C@@H](O)CN1CCCCCOCc1ccc(-c2ccccc2)cc1F,15096286,CHEMBL3384694,CHEMBL2074,IC50,100000.0,nm,,>,single protein format,B,Inhibition of intestinal maltase (unknown origin),,,CHEMBL3352260,2247379,1,100000.0,0,0.14150165021419525
CHEMBL3354637,OC[C@H]1[C@@H](O)[C@H](O)[C@@H](O)CN1CCCCCOCc1ccc(-c2ccccc2)c(F)c1,15096292,CHEMBL3384694,CHEMBL2074,IC50,100000.0,nm,,>,single protein format,B,Inhibition of intestinal maltase (unknown origin),,,CHEMBL3352260,2247380,1,100000.0,0,0.37364324927330017
CHEMBL3407617,COc1ccc(O)c(/C=N/NC(=O)c2ccc(-c3nc4ccccc4s3)cc2)c1,15206378,CHEMBL3411113,CHEMBL2074,IC50,6500.0,nm,5.19,=,single protein format,B,Inhibition of alpha-glucosidase (unknown origin) using pNPG substrate incubated for 15 mins by microplate reader based method,,,CHEMBL3407334,2285820,1,6500.0,0,0.3452889919281006
CHEMBL3407618,O=C(N/N=C\c1ccccn1)c1ccc(-c2nc3ccccc3s2)cc1,15206379,CHEMBL3411113,CHEMBL2074,IC50,10230.0,nm,4.99,=,single protein format,B,Inhibition of alpha-glucosidase (unknown origin) using pNPG substrate incubated for 15 mins by microplate reader based method,,,CHEMBL3407334,2285821,1,10230.0,0,0.34336209297180176
CHEMBL3407620,O=C(N/N=C/c1ccc(O)cc1)c1ccc(-c2nc3ccccc3s2)cc1,15206381,CHEMBL3411113,CHEMBL2074,IC50,11290.0,nm,4.95,=,single protein format,B,Inhibition of alpha-glucosidase (unknown origin) using pNPG substrate incubated for 15 mins by microplate reader based method,,,CHEMBL3407334,2285823,1,11290.0,0,0.10247644037008286
CHEMBL3407621,O=C(N/N=C/c1cccs1)c1ccc(-c2nc3ccccc3s2)cc1,15206382,CHEMBL3411113,CHEMBL2074,IC50,8480.0,nm,5.07,=,single protein format,B,Inhibition of alpha-glucosidase (unknown origin) using pNPG substrate incubated for 15 mins by microplate reader based method,,,CHEMBL3407334,2285824,1,8480.0,0,0.330179363489151
CHEMBL3407622,O=C(N/N=C/c1cccc(O)c1O)c1ccc(-c2nc3ccccc3s2)cc1,15206383,CHEMBL3411113,CHEMBL2074,IC50,11220.0,nm,4.95,=,single protein format,B,Inhibition of alpha-glucosidase (unknown origin) using pNPG substrate incubated for 15 mins by microplate reader based method,,,CHEMBL3407334,2285825,1,11220.0,0,0.2680026888847351
CHEMBL3407623,COc1ccc(/C=N/NC(=O)c2ccc(-c3nc4ccccc4s3)cc2)c(O)c1,15206384,CHEMBL3411113,CHEMBL2074,IC50,6970.0,nm,5.16,=,single protein format,B,Inhibition of alpha-glucosidase (unknown origin) using pNPG substrate incubated for 15 mins by microplate reader based method,,,CHEMBL3407334,2285826,1,6970.0,0,0.34211406111717224
CHEMBL3407624,O=C(N/N=C/c1ccccc1O)c1ccc(-c2nc3ccccc3s2)cc1,15206385,CHEMBL3411113,CHEMBL2074,IC50,5550.0,nm,5.26,=,single protein format,B,Inhibition of alpha-glucosidase (unknown origin) using pNPG substrate incubated for 15 mins by microplate reader based method,,,CHEMBL3407334,2285827,1,5550.0,0,0.10947079956531525
CHEMBL3407625,O=C(N/N=C\c1ccco1)c1ccc(-c2nc3ccccc3s2)cc1,15206386,CHEMBL3411113,CHEMBL2074,IC50,12750.0,nm,4.89,=,single protein format,B,Inhibition of alpha-glucosidase (unknown origin) using pNPG substrate incubated for 15 mins by microplate reader based method,,,CHEMBL3407334,2285828,1,12750.0,0,0.33438020944595337
CHEMBL3407626,O=C(N/N=C/c1ccc(O)c(O)c1)c1ccc(-c2nc3ccccc3s2)cc1,15206387,CHEMBL3411113,CHEMBL2074,IC50,15090.0,nm,4.82,=,single protein format,B,Inhibition of alpha-glucosidase (unknown origin) using pNPG substrate incubated for 15 mins by microplate reader based method,,,CHEMBL3407334,2285829,1,15090.0,0,0.10346487164497375
CHEMBL3407627,O=C(N/N=C/c1ccc(O)cc1O)c1ccc(-c2nc3ccccc3s2)cc1,15206388,CHEMBL3411113,CHEMBL2074,IC50,5580.0,nm,5.25,=,single protein format,B,Inhibition of alpha-glucosidase (unknown origin) using pNPG substrate incubated for 15 mins by microplate reader based method,,,CHEMBL3407334,2285830,1,5580.0,0,0.11156870424747467
CHEMBL3407630,O=C(N/N=C/c1ccc([N+](=O)[O-])cc1)c1ccc(-c2nc3ccccc3s2)cc1,15206391,CHEMBL3411113,CHEMBL2074,IC50,26380.0,nm,4.58,=,single protein format,B,Inhibition of alpha-glucosidase (unknown origin) using pNPG substrate incubated for 15 mins by microplate reader based method,,,CHEMBL3407334,2285833,1,26380.0,0,0.29957079887390137
CHEMBL3407632,O=C(N/N=C/c1ccc(F)cc1)c1ccc(-c2nc3ccccc3s2)cc1,15206394,CHEMBL3411113,CHEMBL2074,IC50,7120.0,nm,5.15,=,single protein format,B,Inhibition of alpha-glucosidase (unknown origin) using pNPG substrate incubated for 15 mins by microplate reader based method,,,CHEMBL3407334,2285836,1,7120.0,0,0.2914702296257019
CHEMBL3407633,COc1cc(/C=N/NC(=O)c2ccc(-c3nc4ccccc4s3)cc2)cc(OC)c1,15206395,CHEMBL3411113,CHEMBL2074,IC50,16170.0,nm,4.79,=,single protein format,B,Inhibition of alpha-glucosidase (unknown origin) using pNPG substrate incubated for 15 mins by microplate reader based method,,,CHEMBL3407334,2285837,1,16170.0,0,0.3696247339248657
CHEMBL3407634,O=C(N/N=C/c1ccccc1)c1ccc(-c2nc3ccccc3s2)cc1,15206396,CHEMBL3411113,CHEMBL2074,IC50,8050.0,nm,5.09,=,single protein format,B,Inhibition of alpha-glucosidase (unknown origin) using pNPG substrate incubated for 15 mins by microplate reader based method,,,CHEMBL3407334,2285838,1,8050.0,0,0.31251606345176697
CHEMBL3407635,O=C(N/N=C/c1ccc(F)c(Br)c1)c1ccc(-c2nc3ccccc3s2)cc1,15206397,CHEMBL3411113,CHEMBL2074,IC50,28020.0,nm,4.55,=,single protein format,B,Inhibition of alpha-glucosidase (unknown origin) using pNPG substrate incubated for 15 mins by microplate reader based method,,,CHEMBL3407334,2285839,1,28020.0,0,0.11511383950710297
CHEMBL3407636,COc1ccc(/C=N/NC(=O)c2ccc(-c3nc4ccccc4s3)cc2)cc1,15206398,CHEMBL3411113,CHEMBL2074,IC50,18330.0,nm,4.74,=,single protein format,B,Inhibition of alpha-glucosidase (unknown origin) using pNPG substrate incubated for 15 mins by microplate reader based method,,,CHEMBL3407334,2285840,1,18330.0,0,0.34929123520851135
CHEMBL3407637,O=C(N/N=C/c1c(O)cc(O)cc1O)c1ccc(-c2nc3ccccc3s2)cc1,15206399,CHEMBL3411113,CHEMBL2074,IC50,8370.0,nm,5.08,=,single protein format,B,Inhibition of alpha-glucosidase (unknown origin) using pNPG substrate incubated for 15 mins by microplate reader based method,,,CHEMBL3407334,2285841,1,8370.0,0,0.1057584211230278
CHEMBL3407638,O=C(N/N=C/c1ccc(O)c(Br)c1)c1ccc(-c2nc3ccccc3s2)cc1,15206400,CHEMBL3411113,CHEMBL2074,IC50,8070.0,nm,5.09,=,single protein format,B,Inhibition of alpha-glucosidase (unknown origin) using pNPG substrate incubated for 15 mins by microplate reader based method,,,CHEMBL3407334,2285842,1,8070.0,0,0.10613773763179779
CHEMBL3407639,O=C(N/N=C/c1ccc(Cl)cc1)c1ccc(-c2nc3ccccc3s2)cc1,15206401,CHEMBL3411113,CHEMBL2074,IC50,5310.0,nm,5.28,=,single protein format,B,Inhibition of alpha-glucosidase (unknown origin) using pNPG substrate incubated for 15 mins by microplate reader based method,,,CHEMBL3407334,2285843,1,5310.0,0,0.28303128480911255
CHEMBL3407640,COc1cccc(/C=N/NC(=O)c2ccc(-c3nc4ccccc4s3)cc2)c1,15206402,CHEMBL3411113,CHEMBL2074,IC50,11090.0,nm,4.96,=,single protein format,B,Inhibition of alpha-glucosidase (unknown origin) using pNPG substrate incubated for 15 mins by microplate reader based method,,,CHEMBL3407334,2285844,1,11090.0,0,0.3875546455383301
CHEMBL3407641,O=C(N/N=C/c1cccc(O)c1)c1ccc(-c2nc3ccccc3s2)cc1,15206403,CHEMBL3411113,CHEMBL2074,IC50,9210.0,nm,5.04,=,single protein format,B,Inhibition of alpha-glucosidase (unknown origin) using pNPG substrate incubated for 15 mins by microplate reader based method,,,CHEMBL3407334,2285845,1,9210.0,0,0.11276520043611526
CHEMBL3407643,COc1cc(/C=N/NC(=O)c2ccc(-c3nc4ccccc4s3)cc2)ccc1O,15206405,CHEMBL3411113,CHEMBL2074,IC50,53340.0,nm,4.27,=,single protein format,B,Inhibition of alpha-glucosidase (unknown origin) using pNPG substrate incubated for 15 mins by microplate reader based method,,,CHEMBL3407334,2285847,1,53340.0,0,0.12120931595563889
CHEMBL3407644,COc1ccc(/C=N/NC(=O)c2ccc(-c3nc4ccccc4s3)cc2)c(I)c1O,15206406,CHEMBL3411113,CHEMBL2074,IC50,44800.0,nm,4.35,=,single protein format,B,Inhibition of alpha-glucosidase (unknown origin) using pNPG substrate incubated for 15 mins by microplate reader based method,,,CHEMBL3407334,2285848,1,44800.0,0,0.1319824606180191
CHEMBL3407645,O=C(N/N=C/c1cc(O)ccc1O)c1ccc(-c2nc3ccccc3s2)cc1,15206407,CHEMBL3411113,CHEMBL2074,IC50,11850.0,nm,4.93,=,single protein format,B,Inhibition of alpha-glucosidase (unknown origin) using pNPG substrate incubated for 15 mins by microplate reader based method,,,CHEMBL3407334,2285849,1,11850.0,0,0.10749240964651108
CHEMBL3407646,O=C(N/N=C/c1cc(O)cc(O)c1)c1ccc(-c2nc3ccccc3s2)cc1,15206408,CHEMBL3411113,CHEMBL2074,IC50,11120.0,nm,4.95,=,single protein format,B,Inhibition of alpha-glucosidase (unknown origin) using pNPG substrate incubated for 15 mins by microplate reader based method,,,CHEMBL3407334,2285850,1,11120.0,0,0.0974271222949028
CHEMBL354193,CCCCCCNC1C=C(CO)C(O)C(O)C1O,1019749,CHEMBL646884,CHEMBL2074,IC50,50000.0,nm,4.3,=,single protein format,B,Compound was tested for inhibitory activity against alpha-glucosidase.,,,CHEMBL1149959,342252,1,50000.0,0,0.18329177796840668
CHEMBL361025,O=c1c2cc(O)ccc2oc2cc(O)cc(O)c12,25041523,CHEMBL5244945,CHEMBL2074,IC50,31800.0,nm,4.5,=,single protein format,B,Inhibition of alpha-glucosidase (unknown origin) using PNPG as substrate preincubated for 15 mins followed by substrate addition and measured after 30 mins by spectrophotometric assay,,,CHEMBL5244222,3923351,1,31800.0,0,0.10466748476028442
CHEMBL361568,C=C1CC[C@@H]2[C@](C)(CO)[C@H](O)CC[C@@]2(C)[C@@H]1/C=C/C1=CCOC1=O,1714860,CHEMBL865093,CHEMBL2074,Inhibition,16.5,%,,=,single protein format,B,Inhibition of alpha glucosidase at 100 uM,,,CHEMBL1147699,474318,1,16.5,1,0.7551632523536682
CHEMBL361796,C=C1CC[C@@H]2[C@](C)(CO)[C@H](O)CC[C@@]2(C)[C@@H]1CCC1C(=O)OC[C@H]1O,2028488,CHEMBL886165,CHEMBL2074,Inhibition,34.0,%,,=,single protein format,B,Inhibition of alpha-glucosidase at 100 uM,,,CHEMBL1139933,673655,1,34.0,1,0.7634488940238953
CHEMBL367666,CCCCNC1C=C(CO)C(O)C(O)C1O,1000585,CHEMBL646884,CHEMBL2074,IC50,100000.0,nm,,<,single protein format,B,Compound was tested for inhibitory activity against alpha-glucosidase.,,,CHEMBL1149959,342251,1,100000.0,0,0.19610270857810974
CHEMBL368121,OC[C@H]1NC[C@@H](O)[C@H](O)[C@H]1O,1403947,CHEMBL829855,CHEMBL2074,Inhibition,50.0,%,,<,single protein format,B,Percent inhibition of human alpha-glucosidase at 1000 uM,,,CHEMBL1142734,361236,1,50.0,1,0.4934471845626831
CHEMBL369046,OC[C@H]1NC[C@H](O)[C@H](O)[C@H]1O,1405923,CHEMBL829855,CHEMBL2074,Inhibition,50.0,%,,<,single protein format,B,Percent inhibition of human alpha-glucosidase at 1000 uM,,,CHEMBL1142734,361230,1,50.0,1,0.48292088508605957
CHEMBL369297,OC[C@@H]1NC[C@@H](O)[C@H](O)[C@H]1O,1405313,CHEMBL829855,CHEMBL2074,Inhibition,50.0,%,,<,single protein format,B,Percent inhibition of human alpha-glucosidase at 1000 uM,,,CHEMBL1142734,361209,1,50.0,1,0.675933301448822
CHEMBL3704820,COc1cc(O)c2c(=O)c3c(O)c(OC)ccc3oc2c1,25041538,CHEMBL5244945,CHEMBL2074,IC50,107800.0,nm,,=,single protein format,B,Inhibition of alpha-glucosidase (unknown origin) using PNPG as substrate preincubated for 15 mins followed by substrate addition and measured after 30 mins by spectrophotometric assay,,Outside typical range,CHEMBL5244222,3923378,1,107800.0,0,0.11442377418279648
CHEMBL373458,CC(=O)O[C@@H]1C=C(C=O)[C@](O)(C=O)[C@@]2(C)CCCC(C)(C)[C@H]12,1817837,CHEMBL856853,CHEMBL2074,Inhibition,78.2,%,,=,single protein format,B,Inhibition of alpha-glucosidase in 1.20 mg/200 uL,,,CHEMBL1141413,625341,1,78.2,1,0.26855477690696716
CHEMBL3751947,OC[C@@H]1NC[C@@H](O)[C@@H]1O,24821809,CHEMBL5140337,CHEMBL2074,IC50,2700.0,nm,5.57,=,subcellular format,B,Inhibition of human lysosomal alpha-glucosidase assessed as reduction of p-nitrophenol release using p-nitrophenyl-glycoside as substrate by spectrophotometric analysis,,,CHEMBL5137043,3876268,1,2700.0,0,0.61527019739151
CHEMBL376261,CC(=O)O[C@@H]1C=C(C2O[C@@H]3OC(O)C4=C[C@@H](OC(C)=O)[C@H]5C(C)(C)CCC[C@]5(C)[C@]43O2)[C@](O)(C=O)[C@@]2(C)CCCC(C)(C)[C@H]12,1817834,CHEMBL856853,CHEMBL2074,Inhibition,89.4,%,,=,single protein format,B,Inhibition of alpha-glucosidase in 1.20 mg/200 uL,,,CHEMBL1141413,625340,1,89.4,1,0.7670215368270874
CHEMBL377520,C=C1CC[C@@H]2[C@](C)(CO)[C@H](O)CC[C@@]2(C)[C@@H]1/C=C/C1=C/C(=C/c2ccc(OC)cc2)OC1=O,1714854,CHEMBL865093,CHEMBL2074,Inhibition,100.0,%,4.8,=,single protein format,B,Inhibition of alpha glucosidase at 100 uM,,,CHEMBL1147699,474328,1,100.0,1,0.7989727258682251
CHEMBL378056,COc1ccc(-c2c(C)c(C#N)c(N)c(C#N)c2SC)c(OC)c1,2416858,CHEMBL976166,CHEMBL2074,Inhibition,10.5,%,,=,single protein format,B,Inhibition of alpha-glucosidase at 100 uM,,,CHEMBL1153999,809101,1,10.5,1,0.810640275478363
CHEMBL379280,C=C1CC[C@@H]2[C@]3(C)COC(c4cccc(Br)c4)O[C@@H]3CC[C@@]2(C)[C@@H]1C/C=C1/C(=O)OC[C@H]1O,1714865,CHEMBL865093,CHEMBL2074,Inhibition,49.6,%,4.0,=,single protein format,B,Inhibition of alpha glucosidase at 100 uM,,,CHEMBL1147699,474312,1,49.6,1,0.8320401310920715
CHEMBL380336,C=C1CC[C@@H]2[C@]3(C)COC(c4ccccc4)O[C@@H]3CC[C@@]2(C)[C@@H]1C/C=C1/C(=O)OC[C@H]1O,1714866,CHEMBL865093,CHEMBL2074,Inhibition,48.9,%,,=,single protein format,B,Inhibition of alpha glucosidase at 100 uM,,Outside typical range,CHEMBL1147699,474311,1,48.9,1,0.795843780040741
CHEMBL381130,COc1ccc(-c2c(C)c(SC)c(C#N)c(N)c2C#N)cc1,2416863,CHEMBL976166,CHEMBL2074,Inhibition,17.3,%,,=,single protein format,B,Inhibition of alpha-glucosidase at 100 uM,,,CHEMBL1153999,809190,1,17.3,1,0.713044285774231
CHEMBL3814264,CCCCCCCCCCCCCO[C@@H](CO)[C@H](O)C[S+]1C[C@@H](O)[C@H](O)[C@H]1CO.[Cl-],16616244,CHEMBL3815265,CHEMBL2074,IC50,1100.0,nm,5.96,=,assay format,B,Inhibition of human small intestine microsomal maltase using maltose as substrate incubated for 30 mins by glucose-oxidase method,,,CHEMBL3813698,2781179,1,1100.0,0,0.4126540422439575
CHEMBL3814496,O=[N+]([O-])c1ccccc1CO[C@@H](CO)[C@H](O)C[S+]1C[C@@H](O)[C@H](O)[C@H]1CO.[Cl-],16616247,CHEMBL3815265,CHEMBL2074,IC50,150.0,nm,6.82,=,assay format,B,Inhibition of human small intestine microsomal maltase using maltose as substrate incubated for 30 mins by glucose-oxidase method,,,CHEMBL3813698,2781302,1,150.0,1,0.5036970376968384
CHEMBL3814555,CCCCCO[C@@H](CO)[C@H](O)C[S+]1C[C@@H](O)[C@H](O)[C@H]1CO.[Cl-],16616242,CHEMBL3815265,CHEMBL2074,IC50,1500.0,nm,5.82,=,assay format,B,Inhibition of human small intestine microsomal maltase using maltose as substrate incubated for 30 mins by glucose-oxidase method,,,CHEMBL3813698,2781177,1,1500.0,0,0.5846716165542603
CHEMBL3814747,CO[C@@H](CO)[C@H](O)C[S+]1C[C@@H](O)[C@H](O)[C@H]1CO.[Cl-],16616240,CHEMBL3815265,CHEMBL2074,IC50,2000.0,nm,5.7,=,assay format,B,Inhibition of human small intestine microsomal maltase using maltose as substrate incubated for 30 mins by glucose-oxidase method,,,CHEMBL3813698,2781175,1,2000.0,0,0.6293745040893555
CHEMBL3814838,CCO[C@@H](CO)[C@H](O)C[S+]1C[C@@H](O)[C@H](O)[C@H]1CO.[Cl-],16616241,CHEMBL3815265,CHEMBL2074,IC50,960.0,nm,6.02,=,assay format,B,Inhibition of human small intestine microsomal maltase using maltose as substrate incubated for 30 mins by glucose-oxidase method,,,CHEMBL3813698,2781176,1,960.0,1,0.46928247809410095
CHEMBL3814911,CCCCCCCO[C@@H](CO)[C@H](O)C[S+]1C[C@@H](O)[C@H](O)[C@H]1CO.[Cl-],16616243,CHEMBL3815265,CHEMBL2074,IC50,640.0,nm,6.19,=,assay format,B,Inhibition of human small intestine microsomal maltase using maltose as substrate incubated for 30 mins by glucose-oxidase method,,,CHEMBL3813698,2781178,1,640.0,1,0.4431127905845642
CHEMBL3814988,CC(C)CO[C@@H](CO)[C@H](O)C[S+]1C[C@@H](O)[C@H](O)[C@H]1CO.[Cl-],16616245,CHEMBL3815265,CHEMBL2074,IC50,690.0,nm,6.16,=,assay format,B,Inhibition of human small intestine microsomal maltase using maltose as substrate incubated for 30 mins by glucose-oxidase method,,,CHEMBL3813698,2781180,1,690.0,1,0.5113908052444458
CHEMBL3815109,CC(C)(C)CO[C@@H](CO)[C@H](O)C[S+]1C[C@@H](O)[C@H](O)[C@H]1CO.[Cl-],16616246,CHEMBL3815265,CHEMBL2074,IC50,470.0,nm,6.33,=,assay format,B,Inhibition of human small intestine microsomal maltase using maltose as substrate incubated for 30 mins by glucose-oxidase method,,,CHEMBL3813698,2781301,1,470.0,1,0.6834798455238342
CHEMBL385716,COC1O[C@H]2O[C@H](C3=C[C@@H](OC(C)=O)[C@H]4C(C)(C)CCC[C@]4(C)[C@@]3(O)C=O)O[C@@]23C1=C[C@@H](OC(C)=O)[C@H]1C(C)(C)CCC[C@@]13C,1817836,CHEMBL856853,CHEMBL2074,Inhibition,26.5,%,,=,single protein format,B,Inhibition of alpha-glucosidase in 1.20 mg/200 uL,,,CHEMBL1141413,625346,1,26.5,1,0.6368727087974548
CHEMBL394049,C=C1CC[C@@H]2[C@](C)(COC(=O)c3cccnc3)[C@H](OC(=O)c3cccnc3)CC[C@@]2(C)[C@@H]1/C=C/C1=C/C(=C\c2ccc(OC)cc2)OC1=O,2028489,CHEMBL886165,CHEMBL2074,Inhibition,100.0,%,4.96,=,single protein format,B,Inhibition of alpha-glucosidase at 100 uM,,,CHEMBL1139933,673677,1,100.0,1,0.8484197854995728
CHEMBL394682,C=C1CC[C@@H]2[C@](C)(COC(=O)c3cccnc3)[C@H](OC(=O)c3cccnc3)CC[C@@]2(C)[C@@H]1/C=C/C1=C/C(=C\c2ccc(Cl)cc2)OC1=O,2028493,CHEMBL886165,CHEMBL2074,Inhibition,100.0,%,5.22,=,single protein format,B,Inhibition of alpha-glucosidase at 100 uM,,,CHEMBL1139933,673673,1,100.0,1,0.8275086283683777
CHEMBL396677,C=C1CC[C@@H]2[C@](C)(COC(=O)c3cccnc3)[C@H](OC(=O)c3cccnc3)CC[C@@]2(C)[C@@H]1/C=C/C1=C/C(=C\C(C)=C\CCC/C=C/C)OC1=O,2028495,CHEMBL886165,CHEMBL2074,Inhibition,68.9,%,4.55,=,single protein format,B,Inhibition of alpha-glucosidase at 100 uM,,,CHEMBL1139933,673671,1,68.9,1,0.817534327507019
CHEMBL396678,C=C1CC[C@@H]2[C@](C)(COC(=O)c3cccnc3)[C@H](OC(=O)c3cccnc3)CC[C@@]2(C)[C@@H]1/C=C/C1=C/C(=C\c2ccccc2)OC1=O,2028494,CHEMBL886165,CHEMBL2074,Inhibition,100.0,%,4.8,=,single protein format,B,Inhibition of alpha-glucosidase at 100 uM,,,CHEMBL1139933,673672,1,100.0,1,0.8444371223449707
CHEMBL396679,C=C1CC[C@@H]2[C@](C)(COC(=O)c3cccnc3)[C@H](OC(=O)c3cccnc3)CC[C@@]2(C)[C@@H]1/C=C/C1=C/C(=C\c2cccc(Br)c2)OC1=O,2028492,CHEMBL886165,CHEMBL2074,Inhibition,100.0,%,4.85,=,single protein format,B,Inhibition of alpha-glucosidase at 100 uM,,,CHEMBL1139933,673674,1,100.0,1,0.823265016078949
CHEMBL398800,C=C1CC[C@@H]2[C@](C)(CO)[C@H](O)CC[C@@]2(C)[C@@H]1/C=C/C1=C/C(=C/c2ccc3c(c2)OCO3)OC1=O,2028497,CHEMBL886165,CHEMBL2074,Inhibition,59.3,%,4.09,=,single protein format,B,Inhibition of alpha-glucosidase at 100 uM,,,CHEMBL1139933,673669,1,59.3,1,0.8499248623847961
CHEMBL404271,C[C@H]1O[C@H](O[C@H]2[C@H](O)[C@@H](O)[C@@H](O[C@H]3[C@H](O)[C@@H](O)C(O)O[C@@H]3CO)O[C@@H]2CO)[C@H](O)[C@@H](O)[C@@H]1N[C@H]1C=C(CO)[C@@H](O)[C@H](O)[C@H]1O,24724964,CHEMBL5114179,CHEMBL2074,IC50,22.32,ug.ml-1,4.82,=,single protein format,B,Inhibition of alpha-glucosidase (unknown origin),,Outside typical range,CHEMBL5113380,3856584,1,22.32,1,0.32992225885391235
CHEMBL4128298,O=C(Cn1c(Cc2ccc(Br)cc2)nc2ccccc2c1=O)NNC(=O)c1cc2ccccc2oc1=O,25082313,CHEMBL5256062,CHEMBL2074,IC50,7300.0,nm,5.14,=,single protein format,B,Inhibition of alpha-glucosidase (unknown origin),,,CHEMBL5252633,3931960,1,7300.0,0,0.16657571494579315
CHEMBL415713,C[Si](C)(C)CCCCN1C[C@H](O)[C@@H](O)[C@H](O)[C@H]1CO,711825,CHEMBL683914,CHEMBL2074,Ki,120.0,nm,6.92,=,single protein format,B,In vitro inhibition constant against rat small intestinal glucoamylase,,,CHEMBL1151035,227653,1,120.0,1,0.5541212558746338
CHEMBL4177042,C=CCc1ccc(O)c(-c2cc(CC=C)cc(CN3CCN(C)CC3)c2O)c1,25015115,CHEMBL5238062,CHEMBL2074,Inhibition,9.4,%,,=,single protein format,B,Inhibition of alpha-glucosidase (unknown origin) using pNPG as substrate at 64 uM preincubated with enzyme for 15 mins followed by substrate addition and measured after 10 mins by microplate reader analysis,,,CHEMBL5236583,3915624,1,9.4,1,0.7864136099815369
CHEMBL422734,CCCCCCCCNC1C=C(CO)C(O)C(O)C1O,987402,CHEMBL646884,CHEMBL2074,IC50,17000.0,nm,4.77,=,single protein format,B,Compound was tested for inhibitory activity against alpha-glucosidase.,,,CHEMBL1149959,342254,1,17000.0,0,0.2179350107908249
CHEMBL426933,CCCCCCCCCCCCCCCCCCNC1C=C(CO)C(O)C(O)C1O,1003052,CHEMBL646884,CHEMBL2074,IC50,100000.0,nm,,<,single protein format,B,Compound was tested for inhibitory activity against alpha-glucosidase.,,,CHEMBL1149959,342248,1,100000.0,0,0.4771091639995575
CHEMBL4299399,C[C@@H]1O[C@@H](O[C@@H]2[C@@H](O)[C@H](O)[C@H](O[C@H]3[C@H](O)[C@@H](O)C(O)O[C@@H]3CO)O[C@H]2CO)[C@@H](O)[C@H](O)[C@H]1N[C@H]1C=C(CO)[C@@H](O)[C@H](O)[C@H]1O,16616251,CHEMBL3815265,CHEMBL2074,IC50,15200.0,nm,4.82,=,assay format,B,Inhibition of human small intestine microsomal maltase using maltose as substrate incubated for 30 mins by glucose-oxidase method,,,CHEMBL3813698,2781306,1,15200.0,0,0.5967420935630798
CHEMBL432221,C[Si](C)(C)/C=C/CN1C[C@H](O)[C@@H](O)[C@H](O)[C@H]1CO,707902,CHEMBL683914,CHEMBL2074,Ki,2.3,nm,8.64,=,single protein format,B,In vitro inhibition constant against rat small intestinal glucoamylase,,,CHEMBL1151035,227640,1,2.3,1,0.5139726400375366
CHEMBL437564,C=C1CC[C@@H]2[C@](C)(COC(=O)c3cccnc3)[C@H](OC(=O)c3cccnc3)CC[C@@]2(C)[C@@H]1/C=C/C1=C/C(=C\c2ccc(N(C)C)cc2)OC1=O,2028491,CHEMBL886165,CHEMBL2074,Inhibition,74.8,%,4.6,=,single protein format,B,Inhibition of alpha-glucosidase at 100 uM,,,CHEMBL1139933,673675,1,74.8,1,0.8362438678741455
CHEMBL44,O=c1c(-c2ccc(O)cc2)coc2cc(O)cc(O)c12,854644,CHEMBL646886,CHEMBL2074,IC50,2610.0,nm,5.58,=,single protein format,B,Inhibition of yeast alpha-glucosidase after addition of D-glucose,,,CHEMBL1146770,186260,1,2610.0,0,0.18001095950603485
CHEMBL441681,CSc1c(C#N)c(N)c(C#N)c(C)c1-c1ccc(C(F)(F)F)cc1,2416857,CHEMBL976166,CHEMBL2074,Inhibition,22.1,%,,=,single protein format,B,Inhibition of alpha-glucosidase at 100 uM,,,CHEMBL1153999,809100,1,22.1,1,0.7436144948005676
CHEMBL450788,COc1cc(O)cc(CCc2cccc(O)c2)c1,25045854,CHEMBL5246093,CHEMBL2074,IC50,148800.0,nm,,=,single protein format,B,Inhibition of alpha-glucosidase (unknown origin),,Outside typical range,CHEMBL5244253,3924583,1,148800.0,0,0.4200347363948822
CHEMBL454551,COc1ccc([C@@H]2N[C@@H](CO)[C@H](O)[C@H]2O)cc1O,22464330,CHEMBL4683693,CHEMBL2074,IC50,6700.0,nm,5.17,=,single protein format,B,Inhibition of alpha-glucosidase (unknown origin) using sucrose as substrate incubated for 30 mins,,,CHEMBL4680156,3520738,1,6700.0,0,0.18551674485206604
CHEMBL4571630,COc1ccc(C2SCC(=O)N2c2ccc3nc(Cc4ccc(O)cc4)c(=O)[nH]c3c2)cc1,24724952,CHEMBL5114179,CHEMBL2074,IC50,276270.0,nm,,=,single protein format,B,Inhibition of alpha-glucosidase (unknown origin),,Outside typical range,CHEMBL5113380,3856704,1,276270.0,0,0.16323980689048767
CHEMBL457303,CC(C)=CCc1cc(-c2oc3cc(O)c(CC=C(C)C)c(O)c3c(=O)c2O)cc(O)c1O,22464326,CHEMBL4683690,CHEMBL2074,Ki,2300.0,nm,5.64,=,single protein format,B,Mixed type inhibition of alpha-glucosidase (unknown origin) using p-nitrophenyl-alpha-D glucopyranoside as substrate incubated for 30 mins by Lineweaver-Burk plot analysis,,,CHEMBL4680156,3520732,1,2300.0,0,0.30879318714141846
CHEMBL4634355,O=c1cc(-c2cc(O)c(O)c(O)c2)c2ccc(O)c(O)c2o1,25040344,CHEMBL5244602,CHEMBL2074,IC50,0.25,ug.ml-1,,=,single protein format,B,Inhibition of alpha-glucosidase (unknown origin) using PNPG as substrate incubated for 20 mins by microplate reader analysis,,,CHEMBL5244211,3922548,1,0.25,1,0.282692551612854
CHEMBL467590,COc1cc(O)c2c(=O)c3c(OC)c(O)ccc3oc2c1,25041536,CHEMBL5244945,CHEMBL2074,IC50,500000.0,nm,,>,single protein format,B,Inhibition of alpha-glucosidase (unknown origin) using PNPG as substrate preincubated for 15 mins followed by substrate addition and measured after 30 mins by spectrophotometric assay,,Outside typical range,CHEMBL5244222,3923376,1,500000.0,0,0.11390775442123413
CHEMBL470039,COc1cc(-c2cc3c(c(=O)o2)C[C@]2(O)[C@@]4(C)C(=O)C=CC(C)(C)[C@]4(O)CC[C@@]2(C)O3)cc2c1OCO2,2542211,CHEMBL1007704,CHEMBL2074,IC50,100.0,ug.ml-1,,>,single protein format,B,Inhibition of maltase,,Outside typical range,CHEMBL1141779,713567,1,100.0,1,0.6992843747138977
CHEMBL470042,C=C1C[C@H]2[C@@](C)(C(=O)C(O)=C3C(C)(C)C(=O)CC[C@@]32C)[C@@H]2C(=O)O[C@@](C)(C(=O)OC)C(=O)[C@@]12C,2542210,CHEMBL1007704,CHEMBL2074,IC50,100.0,ug.ml-1,,>,single protein format,B,Inhibition of maltase,,Outside typical range,CHEMBL1141779,713544,1,100.0,1,0.7865197658538818
CHEMBL4744484,CCCCCC[C@@H](O)[C@H](OS(=O)(=O)[O-])[C@H](O)C[S@+]1C[C@@H](O)[C@H](O)[C@H]1CO,22445287,CHEMBL4679418,CHEMBL2074,IC50,1700.0,nm,5.77,=,tissue-based format,B,Inhibition of human intestinal maltase,,,CHEMBL4673376,3517735,1,1700.0,0,0.20281624794006348
CHEMBL4749306,CCCCCCCCCCCCCC[S@+]1C[C@@H](O)[C@H](O)[C@H]1CO.[Cl-],22445273,CHEMBL4679413,CHEMBL2074,Ki,6000.0,nm,5.22,=,single protein format,B,Inhibition of recombinant human maltase-glucoamylase using p-nitrophenyl-alpha-D-glucopyranoside as substrate incubated for 35 mins by microtiter plate reader analysis,,,CHEMBL4673376,3517728,1,6000.0,0,0.6209052205085754
CHEMBL4750690,CCCCCCCC[S@+]1C[C@@H](O)[C@H](O)[C@H]1CO.[Cl-],22445274,CHEMBL4679413,CHEMBL2074,Ki,51000.0,nm,4.29,=,single protein format,B,Inhibition of recombinant human maltase-glucoamylase using p-nitrophenyl-alpha-D-glucopyranoside as substrate incubated for 35 mins by microtiter plate reader analysis,,,CHEMBL4673376,3517727,1,51000.0,0,0.2635166347026825
CHEMBL4754034,CCCC[S@+]1C[C@@H](O)[C@H](O)[C@H]1CO.[Cl-],22445272,CHEMBL4679413,CHEMBL2074,Ki,32000.0,nm,4.5,=,single protein format,B,Inhibition of recombinant human maltase-glucoamylase using p-nitrophenyl-alpha-D-glucopyranoside as substrate incubated for 35 mins by microtiter plate reader analysis,,,CHEMBL4673376,3517726,1,32000.0,0,0.28883492946624756
CHEMBL4757019,CCC[C@@H](O)[C@H](OS(=O)(=O)[O-])[C@H](O)C[S@+]1C[C@@H](O)[C@H](O)[C@H]1CO,22445286,CHEMBL4679418,CHEMBL2074,IC50,4800.0,nm,5.32,=,tissue-based format,B,Inhibition of human intestinal maltase,,,CHEMBL4673376,3517734,1,4800.0,0,0.14369383454322815
CHEMBL4757822,CCCCCCCC[C@@H](O)[C@H](O)[C@H](O)C[S@+]1C[C@@H](O)[C@H](O)[C@H]1CO.CS(=O)(=O)[O-],22445290,CHEMBL4679418,CHEMBL2074,IC50,2000.0,nm,5.7,=,tissue-based format,B,Inhibition of human intestinal maltase,,,CHEMBL4673376,3517739,1,2000.0,0,0.44564270973205566
CHEMBL4757984,CCC[C@@H](O)[C@H](O)[C@H](O)C[S@+]1C[C@@H](O)[C@H](O)[C@H]1CO.CS(=O)(=O)[O-],22445291,CHEMBL4679418,CHEMBL2074,IC50,5000.0,nm,5.3,=,tissue-based format,B,Inhibition of human intestinal maltase,,,CHEMBL4673376,3517738,1,5000.0,0,0.21852795779705048
CHEMBL4760193,C/C=C/Cc1cc(-c2oc3c(C(C)(C)CC)c(O)cc(O)c3c(=O)c2O)cc(O)c1O,22464325,CHEMBL4683690,CHEMBL2074,Ki,4200.0,nm,5.38,=,single protein format,B,Mixed type inhibition of alpha-glucosidase (unknown origin) using p-nitrophenyl-alpha-D glucopyranoside as substrate incubated for 30 mins by Lineweaver-Burk plot analysis,,,CHEMBL4680156,3520730,1,4200.0,0,0.3487110435962677
CHEMBL476960,OCC(CO)N[C@H]1C[C@](O)(CO)[C@@H](O)[C@H](O)[C@H]1O,16616250,CHEMBL3815265,CHEMBL2074,IC50,1300.0,nm,5.89,=,assay format,B,Inhibition of human small intestine microsomal maltase using maltose as substrate incubated for 30 mins by glucose-oxidase method,,,CHEMBL3813698,2781305,1,1300.0,0,0.6118195056915283
CHEMBL4779172,CCCCCCCCCC[C@@H](O)[C@H](OS(=O)(=O)[O-])[C@H](O)C[S@+]1C[C@@H](O)[C@H](O)[C@H]1CO,22445289,CHEMBL4679418,CHEMBL2074,IC50,1500.0,nm,5.82,=,tissue-based format,B,Inhibition of human intestinal maltase,,,CHEMBL4673376,3517737,1,1500.0,0,0.23375891149044037
CHEMBL4783560,OC[C@@H]1N[C@@H](c2ccc(O)cc2)[C@H](O)[C@H]1O,22464331,CHEMBL4683693,CHEMBL2074,IC50,9300.0,nm,5.03,=,single protein format,B,Inhibition of alpha-glucosidase (unknown origin) using sucrose as substrate incubated for 30 mins,,,CHEMBL4680156,3520739,1,9300.0,0,0.24148212373256683
CHEMBL4786471,CCCCCCCC[C@@H](O)[C@H](OS(=O)(=O)[O-])[C@H](O)C[S@+]1C[C@@H](O)[C@H](O)[C@H]1CO,22445288,CHEMBL4679418,CHEMBL2074,IC50,1200.0,nm,5.92,=,tissue-based format,B,Inhibition of human intestinal maltase,,,CHEMBL4673376,3517736,1,1200.0,0,0.3933931291103363
CHEMBL480722,CC(C)=CCC/C(C)=C/Cc1c(O)cc(O)c(C(=O)/C=C/c2ccc(O)cc2)c1O,25040343,CHEMBL5244601,CHEMBL2074,IC50,1080.0,nm,5.97,=,single protein format,B,Inhibition of alpha-glucosidase (unknown origin) using p-nitrophenyl-alpha-D-glucopyranoside as substrate incubated for 30 mins by spectrophotometric analysis,,,CHEMBL5244211,3922547,1,1080.0,0,0.26763802766799927
CHEMBL482750,CSc1c(C#N)c(N)c(C#N)c(-c2ccccc2)c1-c1ccccc1,2416849,CHEMBL976166,CHEMBL2074,Inhibition,10.5,%,,=,single protein format,B,Inhibition of alpha-glucosidase at 100 uM,,,CHEMBL1153999,808948,1,10.5,1,0.8103234767913818
CHEMBL482965,COc1ccc(-c2c(C#N)c(N)c(C#N)c(SC)c2-c2ccccc2)cc1,2416850,CHEMBL976166,CHEMBL2074,Inhibition,5.7,%,,=,single protein format,B,Inhibition of alpha-glucosidase at 100 uM,,,CHEMBL1153999,809020,1,5.7,1,0.8128796815872192
CHEMBL482966,COc1ccc(-c2c(C#N)c(N)c(C#N)c(SC)c2-c2ccc(OC)cc2)cc1,2416852,CHEMBL976166,CHEMBL2074,Inhibition,14.4,%,,=,single protein format,B,Inhibition of alpha-glucosidase at 100 uM,,,CHEMBL1153999,809022,1,14.4,1,0.8064755797386169
CHEMBL483755,COc1ccc(-c2c(C#N)c(N)c(C#N)c(SC)c2-c2ccc(OC)c(OC)c2)cc1,2416853,CHEMBL976166,CHEMBL2074,Inhibition,25.9,%,,=,single protein format,B,Inhibition of alpha-glucosidase at 100 uM,,,CHEMBL1153999,809023,1,25.9,1,0.8053152561187744
CHEMBL483947,COc1ccc(-c2c(C#N)c(N)c(C#N)c(SC)c2-c2ccc(F)cc2)cc1,2416854,CHEMBL976166,CHEMBL2074,Inhibition,13.4,%,,=,single protein format,B,Inhibition of alpha-glucosidase at 100 uM,,,CHEMBL1153999,809024,1,13.4,1,0.8235492706298828
CHEMBL4856375,C[C@]1(CO)NC[C@H](O)[C@@H](O)[C@@H]1O.Cl,23244163,CHEMBL4829628,CHEMBL2074,IC50,1000.0,nm,6.0,=,single protein format,B,Inhibition of human alpha-glucosidase,,,CHEMBL4828725,3615796,1,1000.0,1,0.5045387744903564
CHEMBL4856778,O=c1c2cc(O)c(O)cc2oc2cc(O)c([C@H]3O[C@@H](CO)[C@H](O)[C@@H](O)[C@@H]3O)c(O)c12,25041519,CHEMBL5244945,CHEMBL2074,IC50,13000.0,nm,4.89,=,single protein format,B,Inhibition of alpha-glucosidase (unknown origin) using PNPG as substrate preincubated for 15 mins followed by substrate addition and measured after 30 mins by spectrophotometric assay,,,CHEMBL5244222,3923383,1,13000.0,0,0.1421775370836258
CHEMBL490011,C=C1C(=O)O[C@@H]2/C=C(\C)CC/C=C(\C)C[C@@H](OC(=O)/C(=C/CO)CO)[C@@H]12,24507420,CHEMBL5054848,CHEMBL2074,IC50,28000.0,nm,,>,single protein format,B,Inhibition of alpha-glucosidase (unknown origin) using p-nitrophenyl-alpha-D-glucopyranoside as substrate incubated for 50 mins by microplate reader analysis,,,CHEMBL5053534,3837274,1,28000.0,0,0.11167609691619873
CHEMBL50,O=c1c(O)c(-c2ccc(O)c(O)c2)oc2cc(O)cc(O)c12,24507421,CHEMBL5054848,CHEMBL2074,IC50,10800.0,nm,4.97,=,single protein format,B,Inhibition of alpha-glucosidase (unknown origin) using p-nitrophenyl-alpha-D-glucopyranoside as substrate incubated for 50 mins by microplate reader analysis,,,CHEMBL5053534,3837276,1,10800.0,0,0.24162980914115906
CHEMBL501355,OC[C@H]1N[C@H](CO)[C@@H](O)[C@H](O)[C@H]1O,333819,CHEMBL649260,CHEMBL2074,IC50,40.0,nm,7.4,=,single protein format,B,Inhibitory activity measured against alpha-glucosidase of rice by colorimetric assay using the D-glucose oxidase-peroxidase method,,,CHEMBL1131015,155739,1,40.0,1,0.15798057615756989
CHEMBL5070918,C=C1C(=O)O[C@@H]2/C=C(\C)CC/C=C(\C)C[C@@H](OC(=O)/C(=C\C)CO)[C@@H]12,24507414,CHEMBL5054848,CHEMBL2074,IC50,29000.0,nm,,>,single protein format,B,Inhibition of alpha-glucosidase (unknown origin) using p-nitrophenyl-alpha-D-glucopyranoside as substrate incubated for 50 mins by microplate reader analysis,,,CHEMBL5053534,3837268,1,29000.0,0,0.14593176543712616
CHEMBL5075131,C=C1C(=O)O[C@@H]2/C=C(\C)C[C@H](O)/C=C(\C)C[C@@H](OC(=O)/C(=C\C)COC(C)=O)[C@@H]12,24507416,CHEMBL5054848,CHEMBL2074,IC50,25000.0,nm,,>,single protein format,B,Inhibition of alpha-glucosidase (unknown origin) using p-nitrophenyl-alpha-D-glucopyranoside as substrate incubated for 50 mins by microplate reader analysis,,,CHEMBL5053534,3837270,1,25000.0,0,0.15321160852909088
CHEMBL5076041,COc1ccc(-c2oc3cc(OC)cc(OC)c3c(=O)c2OCCCCCCCCN2C[C@H](O)[C@@H](O)[C@H](O)[C@H]2CO)cc1,24384100,CHEMBL5039478,CHEMBL2074,IC50,1780.0,nm,5.75,=,single protein format,B,Inhibition of alpha-glucosidase (unknown origin) preincubated for 5 mins followed by addition of pNPG substrate and measured after 30 mins by spectrophotometric method,,,CHEMBL5038584,3777804,1,1780.0,0,0.451122522354126
CHEMBL5077500,C=C1C(=O)O[C@@H]2/C=C(\C)CC/C=C(\CO)C[C@@H](OC(=O)/C(C)=C/C)[C@@H]12,24507413,CHEMBL5054848,CHEMBL2074,IC50,25000.0,nm,,>,single protein format,B,Inhibition of alpha-glucosidase (unknown origin) using p-nitrophenyl-alpha-D-glucopyranoside as substrate incubated for 50 mins by microplate reader analysis,,,CHEMBL5053534,3837267,1,25000.0,0,0.1411951333284378
CHEMBL5079023,C=C1C(=O)O[C@@H]2/C=C(\C)CC/C=C(\CC(=O)O)C[C@@H](OC(=O)/C(C)=C/C)[C@@H]12,24507417,CHEMBL5054848,CHEMBL2074,IC50,28000.0,nm,,>,single protein format,B,Inhibition of alpha-glucosidase (unknown origin) using p-nitrophenyl-alpha-D-glucopyranoside as substrate incubated for 50 mins by microplate reader analysis,,,CHEMBL5053534,3837271,1,28000.0,0,0.11833927035331726
CHEMBL5082173,COc1ccc(-c2oc3cc(OC)cc(OC)c3c(=O)c2OCCCCCCCCCCCN2C[C@H](O)[C@@H](O)[C@H](O)[C@H]2CO)cc1,24384101,CHEMBL5039478,CHEMBL2074,IC50,240.0,nm,6.62,=,single protein format,B,Inhibition of alpha-glucosidase (unknown origin) preincubated for 5 mins followed by addition of pNPG substrate and measured after 30 mins by spectrophotometric method,,,CHEMBL5038584,3777805,1,240.0,1,0.355077862739563
CHEMBL5083965,C=C1C(=O)O[C@@H]2/C=C(\C)CC/C=C(\C)C[C@@H](OC(=O)/C(=C/C)CO)[C@@H]12,24507418,CHEMBL5054848,CHEMBL2074,IC50,29000.0,nm,,>,single protein format,B,Inhibition of alpha-glucosidase (unknown origin) using p-nitrophenyl-alpha-D-glucopyranoside as substrate incubated for 50 mins by microplate reader analysis,,,CHEMBL5053534,3837272,1,29000.0,0,0.3491171598434448
CHEMBL5083981,COc1ccc(-c2oc3cc(OC)cc(OC)c3c(=O)c2OCCCCCN2C[C@H](O)[C@@H](O)[C@H](O)[C@H]2CO)cc1,24384099,CHEMBL5039478,CHEMBL2074,IC50,40560.0,nm,4.39,=,single protein format,B,Inhibition of alpha-glucosidase (unknown origin) preincubated for 5 mins followed by addition of pNPG substrate and measured after 30 mins by spectrophotometric method,,,CHEMBL5038584,3777803,1,40560.0,0,0.22488437592983246
CHEMBL5084733,C=C1C(=O)O[C@@H]2/C=C(\C)[C@@H](O)C/C=C(\C)C[C@@H](OC(=O)/C(=C\C)COC(C)=O)[C@@H]12,24507411,CHEMBL5054848,CHEMBL2074,IC50,25000.0,nm,,>,single protein format,B,Inhibition of alpha-glucosidase (unknown origin) using p-nitrophenyl-alpha-D-glucopyranoside as substrate incubated for 50 mins by microplate reader analysis,,,CHEMBL5053534,3837265,1,25000.0,0,0.32617461681365967
CHEMBL5088957,C=C1C(=O)O[C@@H]2/C=C(\C)CC/C=C(\C)C[C@@H](OC(=O)/C(=C/C)COC(C)=O)[C@@H]12,24507419,CHEMBL5054848,CHEMBL2074,IC50,25000.0,nm,,>,single protein format,B,Inhibition of alpha-glucosidase (unknown origin) using p-nitrophenyl-alpha-D-glucopyranoside as substrate incubated for 50 mins by microplate reader analysis,,,CHEMBL5053534,3837273,1,25000.0,0,0.158532053232193
CHEMBL5094636,C=C1C(=O)O[C@@H]2/C=C(\C)CC/C=C(\C)C[C@@H](OC(=O)/C(=C\COC(C)=O)CO)[C@@H]12,24507412,CHEMBL5054848,CHEMBL2074,IC50,29000.0,nm,,>,single protein format,B,Inhibition of alpha-glucosidase (unknown origin) using p-nitrophenyl-alpha-D-glucopyranoside as substrate incubated for 50 mins by microplate reader analysis,,,CHEMBL5053534,3837266,1,29000.0,0,0.14418041706085205
CHEMBL511953,C=C1C[C@]2(O)[C@@]3(C)CCC(=O)C(C)(C)C3=C(O)C(=O)[C@@]2(C)[C@@H]2C(=O)O[C@@](C)(C(=O)OC)C(=O)[C@@]12C,2542212,CHEMBL1007704,CHEMBL2074,IC50,100.0,ug.ml-1,,>,single protein format,B,Inhibition of maltase,,Outside typical range,CHEMBL1141779,713545,1,100.0,1,0.7993066906929016
CHEMBL512072,O=c1c2c(O)cc(O)cc2oc2c(O)ccc(O[C@@H]3O[C@H](CO)[C@@H](O)[C@H](O)[C@H]3O)c12,25041544,CHEMBL5244945,CHEMBL2074,IC50,500000.0,nm,,>,single protein format,B,Inhibition of alpha-glucosidase (unknown origin) using PNPG as substrate preincubated for 15 mins followed by substrate addition and measured after 30 mins by spectrophotometric assay,,Outside typical range,CHEMBL5244222,3923387,1,500000.0,0,0.12698009610176086
CHEMBL5169411,Cl.O[C@@H]1[C@@H](O)CN[C@H]1c1ccc(-c2ccccc2)cc1,24821813,CHEMBL5140338,CHEMBL2074,Inhibition,15.6,%,,=,subcellular format,B,Inhibition of human lysosomal alpha-glucosidase assessed as reduction of p-nitrophenol release using p-nitrophenyl-glycoside as substrate at 1000 uM by spectrophotometric analysis,,,CHEMBL5137043,3876260,1,15.6,1,0.6156043410301208
CHEMBL5171904,Cc1ccc(-n2cc(COc3ccc(/C=N/NC(=O)Cn4c(=O)c(C)nc5ccccc54)cc3)nn2)cc1,24724963,CHEMBL5114179,CHEMBL2074,IC50,24.5,ug.ml-1,,=,single protein format,B,Inhibition of alpha-glucosidase (unknown origin),,,CHEMBL5113380,3856583,1,24.5,1,0.2947823107242584
CHEMBL5172703,Cc1ccc([C@@H]2NC[C@H](O)[C@H]2O)cc1.Cl,24821812,CHEMBL5140338,CHEMBL2074,Inhibition,4.8,%,,=,subcellular format,B,Inhibition of human lysosomal alpha-glucosidase assessed as reduction of p-nitrophenol release using p-nitrophenyl-glycoside as substrate at 1000 uM by spectrophotometric analysis,,,CHEMBL5137043,3876259,1,4.8,1,0.48484623432159424
CHEMBL5172902,COc1cc2c(c(O)c1CO)C(=O)OC[C@@H]2O,24706354,CHEMBL5108700,CHEMBL2074,IC50,1410000.0,nm,,=,single protein format,B,Inhibition of alpha-Glucosidase (unknown origin) using pNPG as substrate incubated for 20 mins by micro plate reader analysis,,Outside typical range,CHEMBL5107956,3852636,1,1410000.0,0,0.13458912074565887
CHEMBL5173632,C=CCc1cc(-c2cc(CC=C)c3oc(SCc4nnc(-c5cccc(Cl)c5)o4)nc3c2)c2oc(SCc3nnc(-c4cccc(Cl)c4)o3)nc2c1,24779211,CHEMBL5129104,CHEMBL2074,Inhibition,10.4,%,,=,single protein format,B,Inhibition of alpha-glucosidase (unknown origin) using PNPG as substrate at 5 to 45 uM preincubated for 15 mins followed by substrate addition and measured after 10 mins by microplate reader analysis,,,CHEMBL5126577,3867552,1,10.4,1,0.8077020645141602
CHEMBL5173825,Cc1ccc(NC(=O)Cn2c(=O)c(C)nc3ccccc32)c([N+](=O)[O-])c1,24724959,CHEMBL5114179,CHEMBL2074,IC50,83780.0,nm,4.08,=,single protein format,B,Inhibition of alpha-glucosidase (unknown origin),,,CHEMBL5113380,3856579,1,83780.0,0,0.40334105491638184
CHEMBL5175555,C=CCc1cc(-c2cc(CC=C)c3oc(SCc4nnc(-c5ccccc5F)o4)nc3c2)c2oc(SCc3nnc(-c4ccccc4F)o3)nc2c1,24779207,CHEMBL5129104,CHEMBL2074,Inhibition,33.9,%,,=,single protein format,B,Inhibition of alpha-glucosidase (unknown origin) using PNPG as substrate at 5 to 45 uM preincubated for 15 mins followed by substrate addition and measured after 10 mins by microplate reader analysis,,,CHEMBL5126577,3867548,1,33.9,1,0.8473461270332336
CHEMBL5175772,Cc1cc(O)c2c(c1)-c1c(-c3ccc(O)cc3)c(=O)oc3c1c-2c(O)c1cccc(O)c13,24823952,CHEMBL5140821,CHEMBL2074,IC50,890.0,nm,6.05,=,single protein format,B,Inhibition of alpha-glucosidase (unknown origin) using p-nitrophenyl-alpha-D-glucopyranoside as substrate incubated for 10 mins followed by substrate addition and measured after 15 mins by microplate reader analysis,,,CHEMBL5137056,3876838,1,890.0,1,0.2536696195602417
CHEMBL5175917,CC/C=C\C/C=C\CCC(=O)O[C@@]12[C@H](OC(=O)[C@@H](C)CC)[C@@H](C)[C@@]3(O)[C@@H](C(=O)C(CO)=C[C@]4(O)C(=O)C(C)=C[C@@H]34)[C@@H]1C2(C)C,24841168,CHEMBL5145587,CHEMBL2074,IC50,15300.0,nm,4.82,=,single protein format,B,Inhibition of Alpha-glucosidase (unknown origin),,,CHEMBL5143576,3880119,1,15300.0,0,0.548327624797821
CHEMBL5178321,C=CCc1cc(-c2cc(CC=C)c3oc(SCc4nnc(-c5ccccc5C)o4)nc3c2)c2oc(SCc3nnc(-c4ccccc4C)o3)nc2c1,24779216,CHEMBL5129104,CHEMBL2074,Inhibition,95.3,%,4.6,=,single protein format,B,Inhibition of alpha-glucosidase (unknown origin) using PNPG as substrate at 5 to 45 uM preincubated for 15 mins followed by substrate addition and measured after 10 mins by microplate reader analysis,,,CHEMBL5126577,3867557,1,95.3,1,0.8337005972862244
CHEMBL5179105,C=CCc1cc(-c2cc(CC=C)c3oc(SCc4nnc(-c5ccc(C)cc5)o4)nc3c2)c2oc(SCc3nnc(-c4ccc(C)cc4)o3)nc2c1,24779218,CHEMBL5129104,CHEMBL2074,Inhibition,13.5,%,,=,single protein format,B,Inhibition of alpha-glucosidase (unknown origin) using PNPG as substrate at 5 to 45 uM preincubated for 15 mins followed by substrate addition and measured after 10 mins by microplate reader analysis,,,CHEMBL5126577,3867559,1,13.5,1,0.8144499659538269
CHEMBL5179462,Cc1nc2ccccc2n(CC(=O)N/N=C/c2ccc(OCCn3cc(CN4CCCC4)nn3)cc2)c1=O,24724962,CHEMBL5114179,CHEMBL2074,IC50,23.58,ug.ml-1,,=,single protein format,B,Inhibition of alpha-glucosidase (unknown origin),,,CHEMBL5113380,3856582,1,23.58,1,0.7132568359375
CHEMBL5179527,Cc1nc2ccccc2n(CC(=O)N/N=C/c2ccc(OCCn3cc(CN4CCOCC4)nn3)cc2)c1=O,24724960,CHEMBL5114179,CHEMBL2074,IC50,21.92,ug.ml-1,,=,single protein format,B,Inhibition of alpha-glucosidase (unknown origin),,,CHEMBL5113380,3856580,1,21.92,1,0.6966248750686646
CHEMBL5179659,C=CCc1cc(CSc2nnc(-c3ccc(Br)cc3)o2)c(O)c(-c2ccc(O)c(CC=C)c2)c1,24779226,CHEMBL5129104,CHEMBL2074,Inhibition,3.7,%,,=,single protein format,B,Inhibition of alpha-glucosidase (unknown origin) using PNPG as substrate at 5 to 45 uM preincubated for 15 mins followed by substrate addition and measured after 10 mins by microplate reader analysis,,,CHEMBL5126577,3867567,1,3.7,1,0.8063081502914429
CHEMBL5179709,O=c1[nH]c2ccccc2n2c(-c3ccc(Cl)c(Cl)c3)ccc12,24724958,CHEMBL5114179,CHEMBL2074,IC50,12980.0,nm,4.89,=,single protein format,B,Inhibition of alpha-glucosidase (unknown origin),,,CHEMBL5113380,3856578,1,12980.0,0,0.4506511986255646
CHEMBL5181039,C=CCc1cc(-c2cc(CC=C)c3oc(SCc4nnc(-c5cccc(F)c5)o4)nc3c2)c2oc(SCc3nnc(-c4cccc(F)c4)o3)nc2c1,24779208,CHEMBL5129104,CHEMBL2074,Inhibition,14.6,%,,=,single protein format,B,Inhibition of alpha-glucosidase (unknown origin) using PNPG as substrate at 5 to 45 uM preincubated for 15 mins followed by substrate addition and measured after 10 mins by microplate reader analysis,,,CHEMBL5126577,3867549,1,14.6,1,0.8252056837081909
CHEMBL5181276,Cl.O[C@H]1[C@H](O)CN[C@@H]1CCCc1ccccc1,24821819,CHEMBL5140338,CHEMBL2074,Inhibition,26.5,%,,=,subcellular format,B,Inhibition of human lysosomal alpha-glucosidase assessed as reduction of p-nitrophenol release using p-nitrophenyl-glycoside as substrate at 1000 uM by spectrophotometric analysis,,,CHEMBL5137043,3876266,1,26.5,1,0.6179121732711792
CHEMBL5183163,Cc1nc2ccccc2n(CC(=O)N/N=C/c2ccc(OCCn3cc(CN4CCCCC4)nn3)cc2)c1=O,24724961,CHEMBL5114179,CHEMBL2074,IC50,22.32,ug.ml-1,,=,single protein format,B,Inhibition of alpha-glucosidase (unknown origin),,,CHEMBL5113380,3856581,1,22.32,1,0.6301824450492859
CHEMBL5184528,C=CCc1cc(-c2cc(CC=C)c3oc(SCc4nnc(-c5ccc(Cl)cc5)o4)nc3c2)c2oc(SCc3nnc(-c4ccc(Cl)cc4)o3)nc2c1,24779212,CHEMBL5129104,CHEMBL2074,Inhibition,57.9,%,,=,single protein format,B,Inhibition of alpha-glucosidase (unknown origin) using PNPG as substrate at 5 to 45 uM preincubated for 15 mins followed by substrate addition and measured after 10 mins by microplate reader analysis,,,CHEMBL5126577,3867553,1,57.9,1,0.7929288744926453
CHEMBL5184785,C=CCc1cc(-c2cc(CC=C)c3oc(SCc4nnc(-c5ccc(Br)cc5)o4)nc3c2)c2oc(SCc3nnc(-c4ccc(Br)cc4)o3)nc2c1,24779215,CHEMBL5129104,CHEMBL2074,Inhibition,22.4,%,,=,single protein format,B,Inhibition of alpha-glucosidase (unknown origin) using PNPG as substrate at 5 to 45 uM preincubated for 15 mins followed by substrate addition and measured after 10 mins by microplate reader analysis,,,CHEMBL5126577,3867556,1,22.4,1,0.7997171878814697
CHEMBL5186121,C=CCc1cc(-c2cc(CC=C)c3oc(SCc4nnc(-c5cccc(OC)c5)o4)nc3c2)c2oc(SCc3nnc(-c4cccc(OC)c4)o3)nc2c1,24779220,CHEMBL5129104,CHEMBL2074,Inhibition,95.5,%,4.61,=,single protein format,B,Inhibition of alpha-glucosidase (unknown origin) using PNPG as substrate at 5 to 45 uM preincubated for 15 mins followed by substrate addition and measured after 10 mins by microplate reader analysis,,,CHEMBL5126577,3867561,1,95.5,1,0.8290954828262329
CHEMBL5186369,C=CCc1cc(-c2cc(CC=C)c3oc(SCc4nnc(-c5ccccc5)o4)nc3c2)c2oc(SCc3nnc(-c4ccccc4)o3)nc2c1,24779206,CHEMBL5129104,CHEMBL2074,Inhibition,6.3,%,,=,single protein format,B,Inhibition of alpha-glucosidase (unknown origin) using PNPG as substrate at 5 to 45 uM preincubated for 15 mins followed by substrate addition and measured after 10 mins by microplate reader analysis,,,CHEMBL5126577,3867547,1,6.3,1,0.8366528749465942
CHEMBL5186894,C=CCc1cc(CSc2nnc(-c3cccc(C)c3)o2)c(O)c(-c2ccc(O)c(CC=C)c2)c1,24779228,CHEMBL5129104,CHEMBL2074,Inhibition,78.2,%,,=,single protein format,B,Inhibition of alpha-glucosidase (unknown origin) using PNPG as substrate at 5 to 45 uM preincubated for 15 mins followed by substrate addition and measured after 10 mins by microplate reader analysis,,,CHEMBL5126577,3867569,1,78.2,1,0.8081616759300232
CHEMBL5187266,C=CCc1cc(-c2cc(CC=C)c3oc(SCc4nnc(-c5ccc(F)cc5)o4)nc3c2)c2oc(SCc3nnc(-c4ccc(F)cc4)o3)nc2c1,24779209,CHEMBL5129104,CHEMBL2074,Inhibition,8.4,%,,=,single protein format,B,Inhibition of alpha-glucosidase (unknown origin) using PNPG as substrate at 5 to 45 uM preincubated for 15 mins followed by substrate addition and measured after 10 mins by microplate reader analysis,,,CHEMBL5126577,3867550,1,8.4,1,0.8725666403770447
CHEMBL5187298,Cl.O[C@@H]1[C@@H](O)CN[C@H]1c1ccc(F)cc1,24821811,CHEMBL5140338,CHEMBL2074,Inhibition,30.0,%,,=,subcellular format,B,Inhibition of human lysosomal alpha-glucosidase assessed as reduction of p-nitrophenol release using p-nitrophenyl-glycoside as substrate at 1000 uM by spectrophotometric analysis,,,CHEMBL5137043,3876258,1,30.0,1,0.7110096216201782
CHEMBL5187552,CC(C)c1nc2ccc(N3C(=O)CSC3c3ccc([N+](=O)[O-])cc3)cc2[nH]c1=O,24724953,CHEMBL5114179,CHEMBL2074,IC50,301150.0,nm,,=,single protein format,B,Inhibition of alpha-glucosidase (unknown origin),,Outside typical range,CHEMBL5113380,3856707,1,301150.0,0,0.4290577173233032
CHEMBL5187952,C=CCc1cc(CSc2nnc(-c3cccnc3)o2)c(O)c(-c2ccc(O)c(CC=C)c2)c1,24779232,CHEMBL5129104,CHEMBL2074,Inhibition,33.2,%,,=,single protein format,B,Inhibition of alpha-glucosidase (unknown origin) using PNPG as substrate at 5 to 45 uM preincubated for 15 mins followed by substrate addition and measured after 10 mins by microplate reader analysis,,,CHEMBL5126577,3867573,1,33.2,1,0.8159734010696411
CHEMBL5188001,C=CCc1cc(-c2cc(CC=C)c3oc(SCc4nnc(-c5cccc(Br)c5)o4)nc3c2)c2oc(SCc3nnc(-c4cccc(Br)c4)o3)nc2c1,24779214,CHEMBL5129104,CHEMBL2074,Inhibition,12.4,%,,=,single protein format,B,Inhibition of alpha-glucosidase (unknown origin) using PNPG as substrate at 5 to 45 uM preincubated for 15 mins followed by substrate addition and measured after 10 mins by microplate reader analysis,,,CHEMBL5126577,3867555,1,12.4,1,0.8486840724945068
CHEMBL5188105,Cl.O[C@H]1[C@H](O)CN[C@@H]1c1ccc(F)cc1,24821816,CHEMBL5140338,CHEMBL2074,Inhibition,13.4,%,,=,subcellular format,B,Inhibition of human lysosomal alpha-glucosidase assessed as reduction of p-nitrophenol release using p-nitrophenyl-glycoside as substrate at 1000 uM by spectrophotometric analysis,,,CHEMBL5137043,3876263,1,13.4,1,0.731278121471405
CHEMBL5189764,Cl.O[C@H]1[C@H](O)CN[C@@H]1c1ccccc1,24821815,CHEMBL5140338,CHEMBL2074,Inhibition,29.0,%,,=,subcellular format,B,Inhibition of human lysosomal alpha-glucosidase assessed as reduction of p-nitrophenol release using p-nitrophenyl-glycoside as substrate at 1000 uM by spectrophotometric analysis,,,CHEMBL5137043,3876262,1,29.0,1,0.5692698359489441
CHEMBL5190273,C=CCc1cc(-c2cc(CC=C)c3oc(SCc4nnc(-c5ccc(OC)cc5)o4)nc3c2)c2oc(SCc3nnc(-c4ccc(OC)cc4)o3)nc2c1,24779221,CHEMBL5129104,CHEMBL2074,Inhibition,9.9,%,,=,single protein format,B,Inhibition of alpha-glucosidase (unknown origin) using PNPG as substrate at 5 to 45 uM preincubated for 15 mins followed by substrate addition and measured after 10 mins by microplate reader analysis,,,CHEMBL5126577,3867562,1,9.9,1,0.8774923086166382
CHEMBL5190584,Cl.O[C@H]1[C@H](CCCc2ccccc2)NC[C@@H]1O,24821814,CHEMBL5140338,CHEMBL2074,Inhibition,27.8,%,,=,subcellular format,B,Inhibition of human lysosomal alpha-glucosidase assessed as reduction of p-nitrophenol release using p-nitrophenyl-glycoside as substrate at 1000 uM by spectrophotometric analysis,,,CHEMBL5137043,3876261,1,27.8,1,0.5313858985900879
CHEMBL5191158,C=CCc1cc(-c2cc(CC=C)c3oc(SCc4nnc(-c5ccccc5OC)o4)nc3c2)c2oc(SCc3nnc(-c4ccccc4OC)o3)nc2c1,24779219,CHEMBL5129104,CHEMBL2074,Inhibition,25.2,%,,=,single protein format,B,Inhibition of alpha-glucosidase (unknown origin) using PNPG as substrate at 5 to 45 uM preincubated for 15 mins followed by substrate addition and measured after 10 mins by microplate reader analysis,,,CHEMBL5126577,3867560,1,25.2,1,0.8336160778999329
CHEMBL5192355,Cc1ccc([C@H]2NC[C@@H](O)[C@@H]2O)cc1.Cl,24821817,CHEMBL5140338,CHEMBL2074,Inhibition,15.0,%,,=,subcellular format,B,Inhibition of human lysosomal alpha-glucosidase assessed as reduction of p-nitrophenol release using p-nitrophenyl-glycoside as substrate at 1000 uM by spectrophotometric analysis,,,CHEMBL5137043,3876264,1,15.0,1,0.4919867217540741
CHEMBL5194087,Cc1cc(O)c2c(c1)-c1c(-c3c[nH]c4ccccc34)c(=O)oc3c1c-2c(O)c1cccc(O)c13,24823953,CHEMBL5140821,CHEMBL2074,IC50,1580.0,nm,5.8,=,single protein format,B,Inhibition of alpha-glucosidase (unknown origin) using p-nitrophenyl-alpha-D-glucopyranoside as substrate incubated for 10 mins followed by substrate addition and measured after 15 mins by microplate reader analysis,,,CHEMBL5137056,3876839,1,1580.0,0,0.5593228936195374
CHEMBL5194852,COc1cccc(/C=N/Nc2nc3ccccc3[nH]c2=O)c1,24724955,CHEMBL5114179,CHEMBL2074,IC50,13930.0,nm,4.86,=,single protein format,B,Inhibition of alpha-glucosidase (unknown origin),,,CHEMBL5113380,3856575,1,13930.0,0,0.38974881172180176
CHEMBL5195148,C=CCc1cc(CSc2nnc(-c3cccc(OC)c3)o2)c(O)c(-c2ccc(O)c(CC=C)c2)c1,24779230,CHEMBL5129104,CHEMBL2074,Inhibition,81.8,%,4.28,=,single protein format,B,Inhibition of alpha-glucosidase (unknown origin) using PNPG as substrate at 5 to 45 uM preincubated for 15 mins followed by substrate addition and measured after 10 mins by microplate reader analysis,,,CHEMBL5126577,3867571,1,81.8,1,0.8014812469482422
CHEMBL5196850,COc1ccc(C(=O)Nc2cccc(C(=O)/C=C3/Nc4ccccc4NC3=O)c2)cc1,24724950,CHEMBL5114179,CHEMBL2074,IC50,166090.0,nm,,=,single protein format,B,Inhibition of alpha-glucosidase (unknown origin),,Outside typical range,CHEMBL5113380,3856820,1,166090.0,0,0.17729230225086212
CHEMBL5199453,C=CCc1cc(CSc2nnc(-c3ccc([N+](=O)[O-])cc3)o2)c(O)c(-c2ccc(O)c(CC=C)c2)c1,24779231,CHEMBL5129104,CHEMBL2074,Inhibition,79.5,%,,=,single protein format,B,Inhibition of alpha-glucosidase (unknown origin) using PNPG as substrate at 5 to 45 uM preincubated for 15 mins followed by substrate addition and measured after 10 mins by microplate reader analysis,,,CHEMBL5126577,3867572,1,79.5,1,0.7875810265541077
CHEMBL5199608,Cl.O[C@@H]1[C@@H](O)CN[C@H]1c1ccccc1,24821810,CHEMBL5140338,CHEMBL2074,Inhibition,24.6,%,,=,subcellular format,B,Inhibition of human lysosomal alpha-glucosidase assessed as reduction of p-nitrophenol release using p-nitrophenyl-glycoside as substrate at 1000 uM by spectrophotometric analysis,,,CHEMBL5137043,3876257,1,24.6,1,0.5853393077850342
CHEMBL5200953,O=c1[nH]c2ccccc2n2c(-c3ccc(O)cc3O)ccc12,24724957,CHEMBL5114179,CHEMBL2074,IC50,12910.0,nm,4.89,=,single protein format,B,Inhibition of alpha-glucosidase (unknown origin),,,CHEMBL5113380,3856577,1,12910.0,0,0.11806411296129227
CHEMBL5201393,CC(C)=CCc1cc(C[C@@]2(C(=O)O)OC(=O)C(OC(C)(C)[C@@H](O)Cc3cc(C[C@@]4(C(=O)O)OC(=O)C(O)=C4c4ccc(O)cc4)ccc3O)=C2c2ccc(O)cc2)ccc1O,24706348,CHEMBL5108694,CHEMBL2074,IC50,10500.0,nm,4.98,=,single protein format,B,Inhibition of alpha-glucosidase (unknown origin),,,CHEMBL5107956,3852633,1,10500.0,0,0.3418017327785492
CHEMBL5201575,O=C(/C=C/c1ccccc1)/C=C1/Nc2ccccc2NC1=O,24724951,CHEMBL5114179,CHEMBL2074,IC50,40090.0,nm,4.4,=,single protein format,B,Inhibition of alpha-glucosidase (unknown origin),,,CHEMBL5113380,3856821,1,40090.0,0,0.16235406696796417
CHEMBL5201996,C=CCc1cc(-c2cc(CC=C)c3oc(SCc4nnc(-c5ccccc5Cl)o4)nc3c2)c2oc(SCc3nnc(-c4ccccc4Cl)o3)nc2c1,24779210,CHEMBL5129104,CHEMBL2074,Inhibition,19.4,%,,=,single protein format,B,Inhibition of alpha-glucosidase (unknown origin) using PNPG as substrate at 5 to 45 uM preincubated for 15 mins followed by substrate addition and measured after 10 mins by microplate reader analysis,,,CHEMBL5126577,3867551,1,19.4,1,0.830029308795929
CHEMBL5202537,C=CCc1cc(-c2cc(CC=C)c3oc(SCc4nnc(-c5cccc(C)c5)o4)nc3c2)c2oc(SCc3nnc(-c4cccc(C)c4)o3)nc2c1,24779217,CHEMBL5129104,CHEMBL2074,Inhibition,95.2,%,4.72,=,single protein format,B,Inhibition of alpha-glucosidase (unknown origin) using PNPG as substrate at 5 to 45 uM preincubated for 15 mins followed by substrate addition and measured after 10 mins by microplate reader analysis,,,CHEMBL5126577,3867558,1,95.2,1,0.8274613618850708
CHEMBL5203202,C=CCc1cc(CSc2nnc(-c3ccc(C)cc3)o2)c(O)c(-c2ccc(O)c(CC=C)c2)c1,24779229,CHEMBL5129104,CHEMBL2074,Inhibition,6.7,%,,=,single protein format,B,Inhibition of alpha-glucosidase (unknown origin) using PNPG as substrate at 5 to 45 uM preincubated for 15 mins followed by substrate addition and measured after 10 mins by microplate reader analysis,,,CHEMBL5126577,3867570,1,6.7,1,0.7999967932701111
CHEMBL5203236,O=c1[nH]c2ccccc2nc1N/N=C/c1cccs1,24724954,CHEMBL5114179,CHEMBL2074,IC50,9990.0,nm,5.0,=,single protein format,B,Inhibition of alpha-glucosidase (unknown origin),,,CHEMBL5113380,3856574,1,9990.0,0,0.2809590697288513
CHEMBL5204126,Cl.O[C@H]1[C@H](O)CN[C@@H]1c1ccc(-c2ccccc2)cc1,24821818,CHEMBL5140338,CHEMBL2074,Inhibition,2.9,%,,=,subcellular format,B,Inhibition of human lysosomal alpha-glucosidase assessed as reduction of p-nitrophenol release using p-nitrophenyl-glycoside as substrate at 1000 uM by spectrophotometric analysis,,,CHEMBL5137043,3876265,1,2.9,1,0.5922612547874451
CHEMBL5204398,C=CCc1cc(CSc2nnc(-c3ccc(Cl)cc3)o2)c(O)c(-c2ccc(O)c(CC=C)c2)c1,24779225,CHEMBL5129104,CHEMBL2074,Inhibition,7.1,%,,=,single protein format,B,Inhibition of alpha-glucosidase (unknown origin) using PNPG as substrate at 5 to 45 uM preincubated for 15 mins followed by substrate addition and measured after 10 mins by microplate reader analysis,,,CHEMBL5126577,3867566,1,7.1,1,0.7858240604400635
CHEMBL5204998,C=CCc1cc(CSc2nnc(-c3ccccc3Cl)o2)c(O)c(-c2ccc(O)c(CC=C)c2)c1,24779224,CHEMBL5129104,CHEMBL2074,Inhibition,64.5,%,,=,single protein format,B,Inhibition of alpha-glucosidase (unknown origin) using PNPG as substrate at 5 to 45 uM preincubated for 15 mins followed by substrate addition and measured after 10 mins by microplate reader analysis,,,CHEMBL5126577,3867565,1,64.5,1,0.793002188205719
CHEMBL5205832,C=CCc1cc(CSc2nnc(-c3ccccc3)o2)c(O)c(-c2ccc(O)c(CC=C)c2)c1,24779222,CHEMBL5129104,CHEMBL2074,Inhibition,69.8,%,,=,single protein format,B,Inhibition of alpha-glucosidase (unknown origin) using PNPG as substrate at 5 to 45 uM preincubated for 15 mins followed by substrate addition and measured after 10 mins by microplate reader analysis,,,CHEMBL5126577,3867563,1,69.8,1,0.81744384765625
CHEMBL5207115,O=c1[nH]c2ccccc2n2c(-c3ccc([N+](=O)[O-])cc3[N+](=O)[O-])ccc12,24724956,CHEMBL5114179,CHEMBL2074,IC50,22990.0,nm,4.64,=,single protein format,B,Inhibition of alpha-glucosidase (unknown origin),,,CHEMBL5113380,3856576,1,22990.0,0,0.12128639966249466
CHEMBL5208330,C=CCc1cc(CSc2nnc(-c3ccccc3C)o2)c(O)c(-c2ccc(O)c(CC=C)c2)c1,24779227,CHEMBL5129104,CHEMBL2074,Inhibition,64.5,%,,=,single protein format,B,Inhibition of alpha-glucosidase (unknown origin) using PNPG as substrate at 5 to 45 uM preincubated for 15 mins followed by substrate addition and measured after 10 mins by microplate reader analysis,,,CHEMBL5126577,3867568,1,64.5,1,0.8055363893508911
CHEMBL5209522,C=CCc1cc(-c2cc(CC=C)c3oc(SCc4nnc(-c5ccccc5Br)o4)nc3c2)c2oc(SCc3nnc(-c4ccccc4Br)o3)nc2c1,24779213,CHEMBL5129104,CHEMBL2074,Inhibition,91.5,%,4.59,=,single protein format,B,Inhibition of alpha-glucosidase (unknown origin) using PNPG as substrate at 5 to 45 uM preincubated for 15 mins followed by substrate addition and measured after 10 mins by microplate reader analysis,,,CHEMBL5126577,3867554,1,91.5,1,0.8146538734436035
CHEMBL5209533,C=CCc1cc(CSc2nnc(-c3cccc(F)c3)o2)c(O)c(-c2ccc(O)c(CC=C)c2)c1,24779223,CHEMBL5129104,CHEMBL2074,Inhibition,53.5,%,,=,single protein format,B,Inhibition of alpha-glucosidase (unknown origin) using PNPG as substrate at 5 to 45 uM preincubated for 15 mins followed by substrate addition and measured after 10 mins by microplate reader analysis,,,CHEMBL5126577,3867564,1,53.5,1,0.80356764793396
CHEMBL521162,C=C1C(=O)O[C@@H]2/C=C(\C)C[C@H](O)/C=C(\C)C[C@@H](OC(=O)/C(=C\C)CO)[C@@H]12,24507415,CHEMBL5054848,CHEMBL2074,IC50,28000.0,nm,,>,single protein format,B,Inhibition of alpha-glucosidase (unknown origin) using p-nitrophenyl-alpha-D-glucopyranoside as substrate incubated for 50 mins by microplate reader analysis,,,CHEMBL5053534,3837269,1,28000.0,0,0.1370776742696762
CHEMBL521291,COc1ccc(-c2c(C#N)c(N)c(C#N)c(SC)c2-c2ccc(F)cc2)c(OC)c1,2416851,CHEMBL976166,CHEMBL2074,Inhibition,79.0,%,,=,single protein format,B,Inhibition of alpha-glucosidase at 100 uM,,,CHEMBL1153999,809021,1,79.0,1,0.761345386505127
CHEMBL5266364,COc1cc(CCc2cccc(O)c2)cc(O)c1O,25045859,CHEMBL5246095,CHEMBL2074,IC50,213900.0,nm,,=,single protein format,B,Inhibition of alpha-glucosidase (unknown origin) by HPLC analysis,,Outside typical range,CHEMBL5244253,3924636,1,213900.0,0,0.30693957209587097
CHEMBL5266791,COc1cc(C2Nc3ccccc3C(=O)N2Nc2ccccc2)ccc1OCc1cn(CC(=O)Nc2ccc(Br)cc2)nn1,25082290,CHEMBL5256058,CHEMBL2074,IC50,140200.0,nm,,=,single protein format,B,Inhibition of alpha-glucosidase (unknown origin) using p-nitrophenyl glucopyranoside as substrate preincubated for 10 mins followed by substrate addition and measured after 20 mins by spectrophotometer assay,,Outside typical range,CHEMBL5252633,3931980,1,140200.0,0,0.13202384114265442
CHEMBL5266980,COc1cc(O)c2c(=O)c3c(O)c(O[C@H]4O[C@@H](CO)[C@H](O)[C@H](O)[C@@H]4O)ccc3oc2c1,25041533,CHEMBL5244945,CHEMBL2074,IC50,115000.0,nm,,=,single protein format,B,Inhibition of alpha-glucosidase (unknown origin) using PNPG as substrate preincubated for 15 mins followed by substrate addition and measured after 30 mins by spectrophotometric assay,,Outside typical range,CHEMBL5244222,3923372,1,115000.0,0,0.11714634299278259
CHEMBL5267319,C=CCc1cc(-c2ccc(O)c(CC=C)c2)c(O)c(C(c2ccc(OC)cc2)N2CCOCC2)c1,25015130,CHEMBL5238062,CHEMBL2074,Inhibition,6.2,%,,=,single protein format,B,Inhibition of alpha-glucosidase (unknown origin) using pNPG as substrate at 64 uM preincubated with enzyme for 15 mins followed by substrate addition and measured after 10 mins by microplate reader analysis,,,CHEMBL5236583,3915639,1,6.2,1,0.7906721234321594
CHEMBL5267559,O=c1c2c(O)c(O)ccc2oc2cc(O)c(O[C@@H]3O[C@H](CO)[C@@H](O)[C@H](O)[C@H]3O)c(O)c12,25041546,CHEMBL5244945,CHEMBL2074,IC50,140400.0,nm,,=,single protein format,B,Inhibition of alpha-glucosidase (unknown origin) using PNPG as substrate preincubated for 15 mins followed by substrate addition and measured after 30 mins by spectrophotometric assay,,Outside typical range,CHEMBL5244222,3923389,1,140400.0,0,0.1053067296743393
CHEMBL5267745,O=C(Nc1sc2c(c1C(=O)NCc1ccccc1)CCC2)c1cccnc1,24978088,CHEMBL5225220,CHEMBL2074,Inhibition,56.6,%,4.08,=,single protein format,B,Inhibition of alpha-glucosidase (unknown origin) at 100 uM relative to control,,,CHEMBL5223141,3903824,1,56.6,1,0.7477476596832275
CHEMBL5267886,C=CCc1cc(-c2ccc(O)c(CC=C)c2)c(O)c(C(c2ccc(Cl)cc2)N2CCC(C)CC2)c1,25015135,CHEMBL5238062,CHEMBL2074,Inhibition,8.6,%,,=,single protein format,B,Inhibition of alpha-glucosidase (unknown origin) using pNPG as substrate at 64 uM preincubated with enzyme for 15 mins followed by substrate addition and measured after 10 mins by microplate reader analysis,,,CHEMBL5236583,3915644,1,8.6,1,0.8232881426811218
CHEMBL5268702,Cc1ccc(CNC(=O)Cn2cc(COc3ccc(C4Nc5ccccc5C(=O)N4Nc4ccccc4)cc3)nn2)cc1,25082297,CHEMBL5256058,CHEMBL2074,IC50,8300.0,nm,5.08,=,single protein format,B,Inhibition of alpha-glucosidase (unknown origin) using p-nitrophenyl glucopyranoside as substrate preincubated for 10 mins followed by substrate addition and measured after 20 mins by spectrophotometer assay,,,CHEMBL5252633,3931973,1,8300.0,0,0.12609365582466125
CHEMBL5268812,COc1ccc(NC(=O)Cn2cc(COc3ccc(C4Nc5ccccc5C(=O)N4Nc4ccccc4)cc3OC)nn2)cc1,25082292,CHEMBL5256058,CHEMBL2074,IC50,5000.0,nm,5.3,=,single protein format,B,Inhibition of alpha-glucosidase (unknown origin) using p-nitrophenyl glucopyranoside as substrate preincubated for 10 mins followed by substrate addition and measured after 20 mins by spectrophotometer assay,,,CHEMBL5252633,3931978,1,5000.0,0,0.2870936393737793
CHEMBL5268930,C=CCc1ccc(O)c(-c2cc(CC=C)cc(CN(CCC)CCC)c2O)c1,25015112,CHEMBL5238062,CHEMBL2074,Inhibition,6.3,%,,=,single protein format,B,Inhibition of alpha-glucosidase (unknown origin) using pNPG as substrate at 64 uM preincubated with enzyme for 15 mins followed by substrate addition and measured after 10 mins by microplate reader analysis,,,CHEMBL5236583,3915621,1,6.3,1,0.7934290766716003
CHEMBL5268974,O=C(Nc1sc2c(c1C(=O)NCc1ccccc1)CCCCC2)c1cccnc1,24978104,CHEMBL5225220,CHEMBL2074,Inhibition,59.0,%,4.2,=,single protein format,B,Inhibition of alpha-glucosidase (unknown origin) at 100 uM relative to control,,,CHEMBL5223141,3903840,1,59.0,1,0.747519314289093
CHEMBL5269113,C=CCc1cc(-c2ccc(O)c(CC=C)c2)c(O)c(C(c2ccc(Cl)cc2)N2CCCC2)c1,25015133,CHEMBL5238062,CHEMBL2074,Inhibition,40.6,%,,=,single protein format,B,Inhibition of alpha-glucosidase (unknown origin) using pNPG as substrate at 64 uM preincubated with enzyme for 15 mins followed by substrate addition and measured after 10 mins by microplate reader analysis,,,CHEMBL5236583,3915642,1,40.6,1,0.8118147253990173
CHEMBL5269416,C=CCc1ccc(O)c(-c2cc(CC=C)cc(CN3CCC(C)CC3)c2O)c1,25015114,CHEMBL5238062,CHEMBL2074,Inhibition,6.3,%,,=,single protein format,B,Inhibition of alpha-glucosidase (unknown origin) using pNPG as substrate at 64 uM preincubated with enzyme for 15 mins followed by substrate addition and measured after 10 mins by microplate reader analysis,,,CHEMBL5236583,3915623,1,6.3,1,0.7693350911140442
CHEMBL5269617,C=CCc1cc(-c2cc(CC=C)c(O)c(C(c3ccc(Cl)cc3)N3CCOCC3)c2)c(O)c(C(c2ccc(Cl)cc2)N2CCOCC2)c1,25015140,CHEMBL5238062,CHEMBL2074,Inhibition,80.1,%,4.73,=,single protein format,B,Inhibition of alpha-glucosidase (unknown origin) using pNPG as substrate at 64 uM preincubated with enzyme for 15 mins followed by substrate addition and measured after 10 mins by microplate reader analysis,,,CHEMBL5236583,3915649,1,80.1,1,0.8296259045600891
CHEMBL5269655,COc1ccc2c(c1OC)O[C@H]1c3ccc(O)cc3OC[C@@H]21,25100121,CHEMBL5261134,CHEMBL2074,IC50,174200.0,nm,,=,single protein format,B,Inhibition of Alpha-glucosidase (unknown origin),,Outside typical range,CHEMBL5260799,3936178,1,174200.0,0,0.2323276549577713
CHEMBL5269761,COc1cc(CNC(=O)c2c(NC(=O)c3cccnc3)sc3c2CCCCC3)ccc1O,24978108,CHEMBL5225220,CHEMBL2074,Inhibition,81.7,%,4.45,=,single protein format,B,Inhibition of alpha-glucosidase (unknown origin) at 100 uM relative to control,,,CHEMBL5223141,3903844,1,81.7,1,0.7395929098129272
CHEMBL5270369,COc1ccc(CNC(=O)c2c(NC(=O)c3cccnc3)sc3c2CCCCC3)cc1,24978103,CHEMBL5225220,CHEMBL2074,Inhibition,44.1,%,,=,single protein format,B,Inhibition of alpha-glucosidase (unknown origin) at 100 uM relative to control,,,CHEMBL5223141,3903839,1,44.1,1,0.7562838792800903
CHEMBL5270418,O=C(Nc1sc2c(c1C(=O)NCc1ccccc1)CCCC2)c1cccnc1,24978096,CHEMBL5225220,CHEMBL2074,Inhibition,64.4,%,4.34,=,single protein format,B,Inhibition of alpha-glucosidase (unknown origin) at 100 uM relative to control,,,CHEMBL5223141,3903832,1,64.4,1,0.7497955560684204
CHEMBL5270429,C=CCc1cc(CN(C)c2ccccc2)c(O)c(-c2cc(CC=C)c(O)c(CN(C)c3ccccc3)c2)c1,25015124,CHEMBL5238062,CHEMBL2074,Inhibition,63.0,%,,=,single protein format,B,Inhibition of alpha-glucosidase (unknown origin) using pNPG as substrate at 64 uM preincubated with enzyme for 15 mins followed by substrate addition and measured after 10 mins by microplate reader analysis,,,CHEMBL5236583,3915633,1,63.0,1,0.7975174188613892
CHEMBL5270478,COc1cc(O)c2c(=O)c3c(OC)cc(O)cc3oc2c1OC,25041556,CHEMBL5244946,CHEMBL2074,IC50,20200.0,nm,4.7,=,single protein format,B,Inhibition of alpha-glucosidase (unknown origin) using PNPG as substrate preincubated for 15 mins followed by substrate addition by spectrophotometric assay,,Outside typical range,CHEMBL5244222,3923375,1,20200.0,0,0.13185058534145355
CHEMBL5270724,COc1ccc(-c2ncc(NC(=O)Cn3cc(COc4ccc(-c5nc6ccccc6[nH]5)cc4)nn3)s2)cc1,25082307,CHEMBL5256058,CHEMBL2074,IC50,6310.0,nm,5.2,=,single protein format,B,Inhibition of alpha-glucosidase (unknown origin) using p-nitrophenyl glucopyranoside as substrate preincubated for 10 mins followed by substrate addition and measured after 20 mins by spectrophotometer assay,,,CHEMBL5252633,3931963,1,6310.0,0,0.525418221950531
CHEMBL5270854,C=CCc1cc(-c2ccc(O)c(CC=C)c2)c(O)c(C(c2ccc(OC)cc2)N2CCCCC2)c1,25015129,CHEMBL5238062,CHEMBL2074,Inhibition,85.0,%,4.52,=,single protein format,B,Inhibition of alpha-glucosidase (unknown origin) using pNPG as substrate at 64 uM preincubated with enzyme for 15 mins followed by substrate addition and measured after 10 mins by microplate reader analysis,,,CHEMBL5236583,3915638,1,85.0,1,0.8152477741241455
CHEMBL5271324,COc1cc(O)c2c(=O)c3c(O)c(O[C@@H]4OC[C@@H](O)[C@H](O)[C@H]4O[C@@H]4O[C@@H](C)[C@H](O)[C@@H](O)[C@H]4O)ccc3oc2c1,25041545,CHEMBL5244945,CHEMBL2074,IC50,31100.0,nm,4.51,=,single protein format,B,Inhibition of alpha-glucosidase (unknown origin) using PNPG as substrate preincubated for 15 mins followed by substrate addition and measured after 30 mins by spectrophotometric assay,,,CHEMBL5244222,3923388,1,31100.0,0,0.16685929894447327
CHEMBL5271561,O=C(Nc1sc2c(c1C(=O)NCc1cccnc1)CCCC2)c1cccnc1,24978098,CHEMBL5225220,CHEMBL2074,Inhibition,62.7,%,,=,single protein format,B,Inhibition of alpha-glucosidase (unknown origin) at 100 uM relative to control,,Outside typical range,CHEMBL5223141,3903834,1,62.7,1,0.7725146412849426
CHEMBL5271754,C=CCc1cc(CN(C)C(C)C)c(O)c(-c2cc(CC=C)c(O)c(CN(C)C(C)C)c2)c1,25015117,CHEMBL5238062,CHEMBL2074,Inhibition,4.1,%,,=,single protein format,B,Inhibition of alpha-glucosidase (unknown origin) using pNPG as substrate at 64 uM preincubated with enzyme for 15 mins followed by substrate addition and measured after 10 mins by microplate reader analysis,,,CHEMBL5236583,3915626,1,4.1,1,0.8317423462867737
CHEMBL5271794,Cc1ccc(NC(=O)Cn2cc(COc3ccc(C4Nc5ccccc5C(=O)N4Nc4ccccc4)cc3)nn2)cc1,25082305,CHEMBL5256058,CHEMBL2074,IC50,95600.0,nm,4.02,=,single protein format,B,Inhibition of alpha-glucosidase (unknown origin) using p-nitrophenyl glucopyranoside as substrate preincubated for 10 mins followed by substrate addition and measured after 20 mins by spectrophotometer assay,,,CHEMBL5252633,3931965,1,95600.0,0,0.2890324294567108
CHEMBL5271893,COc1cc(C2Nc3ccccc3C(=O)N2Nc2ccccc2)ccc1OCc1cn(CC(=O)NCc2ccc(C)cc2)nn1,25082287,CHEMBL5256058,CHEMBL2074,IC50,5400.0,nm,5.27,=,single protein format,B,Inhibition of alpha-glucosidase (unknown origin) using p-nitrophenyl glucopyranoside as substrate preincubated for 10 mins followed by substrate addition and measured after 20 mins by spectrophotometer assay,,,CHEMBL5252633,3931983,1,5400.0,0,0.14237409830093384
CHEMBL5272800,O=C(Nc1sc2c(c1C(=O)NCc1ccncc1)CCCCC2)c1cccnc1,24978107,CHEMBL5225220,CHEMBL2074,Inhibition,9.2,%,,=,single protein format,B,Inhibition of alpha-glucosidase (unknown origin) at 100 uM relative to control,,,CHEMBL5223141,3903843,1,9.2,1,0.766726016998291
CHEMBL5273222,COc1cc(CNC(=O)c2c(NC(=O)c3cccnc3)sc3c2CCCC3)ccc1O,24978100,CHEMBL5225220,CHEMBL2074,Inhibition,93.6,%,5.0,=,single protein format,B,Inhibition of alpha-glucosidase (unknown origin) at 100 uM relative to control,,,CHEMBL5223141,3903836,1,93.6,1,0.5780291557312012
CHEMBL5273816,C=CCc1cc(-c2ccc(O)c(CC=C)c2)c(O)c(C(c2cc(Cl)cc(Cl)c2)N2CCOCC2)c1,25015138,CHEMBL5238062,CHEMBL2074,Inhibition,92.6,%,5.49,=,single protein format,B,Inhibition of alpha-glucosidase (unknown origin) using pNPG as substrate at 64 uM preincubated with enzyme for 15 mins followed by substrate addition and measured after 10 mins by microplate reader analysis,,,CHEMBL5236583,3915647,1,92.6,1,0.8234127759933472
CHEMBL5273877,O=C(Nc1sc2c(c1C(=O)NCc1cccnc1)CCCCC2)c1cccnc1,24978106,CHEMBL5225220,CHEMBL2074,Inhibition,26.5,%,,=,single protein format,B,Inhibition of alpha-glucosidase (unknown origin) at 100 uM relative to control,,,CHEMBL5223141,3903842,1,26.5,1,0.7526338696479797
CHEMBL5274141,CC(C)(O)[C@H]1Cc2ccc3c(c2C1)O/C(=C\c1ccc(O)c(O)c1)C3=O,24972769,CHEMBL5223565,CHEMBL2074,IC50,62100.0,nm,4.21,=,single protein format,B,Inhibition of alpha-glucosidase (unknown origin),,,CHEMBL5223077,3902371,1,62100.0,0,0.21577493846416473
CHEMBL5274629,O=C(Nc1sc2c(c1C(=O)NCc1cccnc1)CCC2)c1cccnc1,24978090,CHEMBL5225220,CHEMBL2074,Inhibition,12.5,%,,=,single protein format,B,Inhibition of alpha-glucosidase (unknown origin) at 100 uM relative to control,,,CHEMBL5223141,3903826,1,12.5,1,0.7812323570251465
CHEMBL5274886,COC(=O)c1ccc(CNC(=O)c2c(NC(=O)c3cccnc3)sc3c2CCCCC3)cc1,24978109,CHEMBL5225220,CHEMBL2074,Inhibition,18.1,%,,=,single protein format,B,Inhibition of alpha-glucosidase (unknown origin) at 100 uM relative to control,,,CHEMBL5223141,3903845,1,18.1,1,0.6152241230010986
CHEMBL5275099,COc1cc2c(cc1OC)CN(C(=O)c1c(NC(=O)c3cccnc3)sc3c1CCC3)CC2,24978094,CHEMBL5225220,CHEMBL2074,Inhibition,23.2,%,,=,single protein format,B,Inhibition of alpha-glucosidase (unknown origin) at 100 uM relative to control,,,CHEMBL5223141,3903830,1,23.2,1,0.781959056854248
CHEMBL5275387,COc1cc(C2Nc3ccccc3C(=O)N2Nc2ccccc2)ccc1OCc1cn(CC(=O)Nc2ccccc2)nn1,25082296,CHEMBL5256058,CHEMBL2074,IC50,11700.0,nm,4.93,=,single protein format,B,Inhibition of alpha-glucosidase (unknown origin) using p-nitrophenyl glucopyranoside as substrate preincubated for 10 mins followed by substrate addition and measured after 20 mins by spectrophotometer assay,,,CHEMBL5252633,3931974,1,11700.0,0,0.1529356688261032
CHEMBL5276020,O=C(Nc1sc2c(c1C(=O)NCc1ccncc1)CCC2)c1cccnc1,24978091,CHEMBL5225220,CHEMBL2074,Inhibition,1.1,%,,=,single protein format,B,Inhibition of alpha-glucosidase (unknown origin) at 100 uM relative to control,,,CHEMBL5223141,3903827,1,1.1,1,0.7805684804916382
CHEMBL5276286,C=CCc1cc(CN(CCCC)CCCC)c(O)c(-c2cc(CC=C)c(O)c(CN(CCCC)CCCC)c2)c1,25015121,CHEMBL5238062,CHEMBL2074,Inhibition,4.7,%,,=,single protein format,B,Inhibition of alpha-glucosidase (unknown origin) using pNPG as substrate at 64 uM preincubated with enzyme for 15 mins followed by substrate addition and measured after 10 mins by microplate reader analysis,,,CHEMBL5236583,3915630,1,4.7,1,0.8337609171867371
CHEMBL5276460,COc1cc(O)c2c(=O)c3c(OC)ccc(OC)c3oc2c1OC,25041526,CHEMBL5244945,CHEMBL2074,IC50,40100.0,nm,4.4,=,single protein format,B,Inhibition of alpha-glucosidase (unknown origin) using PNPG as substrate preincubated for 15 mins followed by substrate addition and measured after 30 mins by spectrophotometric assay,,,CHEMBL5244222,3923354,1,40100.0,0,0.1366410106420517
CHEMBL5277262,COc1cc(C2Nc3ccccc3C(=O)N2Nc2ccccc2)ccc1OCc1cn(CC(=O)NCc2ccccc2)nn1,25082288,CHEMBL5256058,CHEMBL2074,IC50,11600.0,nm,4.94,=,single protein format,B,Inhibition of alpha-glucosidase (unknown origin) using p-nitrophenyl glucopyranoside as substrate preincubated for 10 mins followed by substrate addition and measured after 20 mins by spectrophotometer assay,,,CHEMBL5252633,3931982,1,11600.0,0,0.15189124643802643
CHEMBL5277400,CCc1ccc(NC(=O)Cn2cc(COc3ccc(-c4nc5ccccc5[nH]4)cc3)nn2)cc1,25082308,CHEMBL5256058,CHEMBL2074,IC50,25200.0,nm,4.6,=,single protein format,B,Inhibition of alpha-glucosidase (unknown origin) using p-nitrophenyl glucopyranoside as substrate preincubated for 10 mins followed by substrate addition and measured after 20 mins by spectrophotometer assay,,,CHEMBL5252633,3931962,1,25200.0,0,0.22306951880455017
CHEMBL5277603,COc1ccc(NC(=O)Cn2cc(COc3ccc(C4Nc5ccccc5C(=O)N4Nc4ccccc4)cc3)nn2)cc1,25082302,CHEMBL5256058,CHEMBL2074,IC50,42600.0,nm,4.37,=,single protein format,B,Inhibition of alpha-glucosidase (unknown origin) using p-nitrophenyl glucopyranoside as substrate preincubated for 10 mins followed by substrate addition and measured after 20 mins by spectrophotometer assay,,,CHEMBL5252633,3931968,1,42600.0,0,0.2900131046772003
CHEMBL5277625,CCc1ccc(NC(=O)Cn2cc(COc3ccc(C4Nc5ccccc5C(=O)N4Nc4ccccc4)cc3OC)nn2)cc1,25082293,CHEMBL5256058,CHEMBL2074,IC50,7200.0,nm,5.14,=,single protein format,B,Inhibition of alpha-glucosidase (unknown origin) using p-nitrophenyl glucopyranoside as substrate preincubated for 10 mins followed by substrate addition and measured after 20 mins by spectrophotometer assay,,,CHEMBL5252633,3931977,1,7200.0,0,0.12525668740272522
CHEMBL5277979,C=CCc1cc(CN(C(C)C)C(C)C)c(O)c(-c2cc(CC=C)c(O)c(CN(C(C)C)C(C)C)c2)c1,25015118,CHEMBL5238062,CHEMBL2074,Inhibition,7.2,%,,=,single protein format,B,Inhibition of alpha-glucosidase (unknown origin) using pNPG as substrate at 64 uM preincubated with enzyme for 15 mins followed by substrate addition and measured after 10 mins by microplate reader analysis,,,CHEMBL5236583,3915627,1,7.2,1,0.8567476272583008
CHEMBL5278009,C=CCc1cc(CN(CC(C)C)CC(C)C)c(O)c(-c2cc(CC=C)c(O)c(CN(CC(C)C)CC(C)C)c2)c1,25015119,CHEMBL5238062,CHEMBL2074,Inhibition,6.2,%,,=,single protein format,B,Inhibition of alpha-glucosidase (unknown origin) using pNPG as substrate at 64 uM preincubated with enzyme for 15 mins followed by substrate addition and measured after 10 mins by microplate reader analysis,,,CHEMBL5236583,3915628,1,6.2,1,0.8608245849609375
CHEMBL5278597,C=CCc1ccc(O)c(-c2cc(CC=C)cc(CN(C)C(C)C)c2O)c1,25015110,CHEMBL5238062,CHEMBL2074,Inhibition,3.4,%,,=,single protein format,B,Inhibition of alpha-glucosidase (unknown origin) using pNPG as substrate at 64 uM preincubated with enzyme for 15 mins followed by substrate addition and measured after 10 mins by microplate reader analysis,,,CHEMBL5236583,3915619,1,3.4,1,0.7845685482025146
CHEMBL5278958,O=C(Cn1cc(COc2ccc(C3Nc4ccccc4C(=O)N3Nc3ccccc3)cc2)nn1)Nc1ccccc1,25082306,CHEMBL5256058,CHEMBL2074,IC50,16600.0,nm,4.78,=,single protein format,B,Inhibition of alpha-glucosidase (unknown origin) using p-nitrophenyl glucopyranoside as substrate preincubated for 10 mins followed by substrate addition and measured after 20 mins by spectrophotometer assay,,,CHEMBL5252633,3931964,1,16600.0,0,0.13946713507175446
CHEMBL5279273,Cc1ccc(NC(=O)Cn2cc(COc3ccc(C4Nc5ccccc5C(=O)N4Nc4ccccc4)cc3)nn2)c(C)c1,25082309,CHEMBL5256059,CHEMBL2074,Ki,4800.0,nm,5.32,=,single protein format,B,Inhibition of alpha-glucosidase (unknown origin) assessed as inhibition constant using p-nitrophenyl-alpha D-glucopyranoside as substrate by Lineweaver-Burk plot analysis,,,CHEMBL5252633,3931966,1,4800.0,0,0.1363007128238678
CHEMBL5279383,O=C(Cn1cc(COc2ccc(C3Nc4ccccc4C(=O)N3Nc3ccccc3)cc2)nn1)Nc1ccc([N+](=O)[O-])cc1,25082299,CHEMBL5256058,CHEMBL2074,IC50,12000.0,nm,4.92,=,single protein format,B,Inhibition of alpha-glucosidase (unknown origin) using p-nitrophenyl glucopyranoside as substrate preincubated for 10 mins followed by substrate addition and measured after 20 mins by spectrophotometer assay,,,CHEMBL5252633,3931971,1,12000.0,0,0.1278993934392929
CHEMBL5279492,COc1cc(O[C@H]2O[C@@H](CO)[C@H](O)[C@H](O)[C@@H]2O)c2c(=O)c3c(OC)c(OC)ccc3oc2c1,25041534,CHEMBL5244945,CHEMBL2074,IC50,83800.0,nm,4.08,=,single protein format,B,Inhibition of alpha-glucosidase (unknown origin) using PNPG as substrate preincubated for 15 mins followed by substrate addition and measured after 30 mins by spectrophotometric assay,,,CHEMBL5244222,3923374,1,83800.0,0,0.14874428510665894
CHEMBL5279690,COc1ccc2c(c1)OC[C@H]1c3ccc(OC)c(O)c3O[C@@H]21,25100120,CHEMBL5261134,CHEMBL2074,IC50,128100.0,nm,,=,single protein format,B,Inhibition of Alpha-glucosidase (unknown origin),,Outside typical range,CHEMBL5260799,3936177,1,128100.0,0,0.302282452583313
CHEMBL5280017,C=CCc1cc(-c2ccc(O)c(CC=C)c2)c(O)c(C(c2cc(Cl)cc(Cl)c2)N2CCCCC2)c1,25015136,CHEMBL5238062,CHEMBL2074,Inhibition,87.7,%,4.63,=,single protein format,B,Inhibition of alpha-glucosidase (unknown origin) using pNPG as substrate at 64 uM preincubated with enzyme for 15 mins followed by substrate addition and measured after 10 mins by microplate reader analysis,,,CHEMBL5236583,3915645,1,87.7,1,0.8443587422370911
CHEMBL5280310,COc1cc(O)c2c(=O)c3c(O)ccc(O)c3oc2c1OC,25041525,CHEMBL5244945,CHEMBL2074,IC50,82200.0,nm,4.08,=,single protein format,B,Inhibition of alpha-glucosidase (unknown origin) using PNPG as substrate preincubated for 15 mins followed by substrate addition and measured after 30 mins by spectrophotometric assay,,,CHEMBL5244222,3923353,1,82200.0,0,0.21671456098556519
CHEMBL5280602,O=c1c2c(O[C@H]3O[C@@H](CO)[C@H](O)[C@H](O)[C@@H]3O)cc(O)cc2oc2ccc(O)c(O)c12,25041531,CHEMBL5244945,CHEMBL2074,IC50,133700.0,nm,,=,single protein format,B,Inhibition of alpha-glucosidase (unknown origin) using PNPG as substrate preincubated for 15 mins followed by substrate addition and measured after 30 mins by spectrophotometric assay,,Outside typical range,CHEMBL5244222,3923370,1,133700.0,0,0.09341076761484146
CHEMBL5280782,C=CCc1cc(CN2CCC(C)CC2)c(O)c(-c2cc(CC=C)c(O)c(CN3CCC(C)CC3)c2)c1,25015122,CHEMBL5238062,CHEMBL2074,Inhibition,6.5,%,,=,single protein format,B,Inhibition of alpha-glucosidase (unknown origin) using pNPG as substrate at 64 uM preincubated with enzyme for 15 mins followed by substrate addition and measured after 10 mins by microplate reader analysis,,,CHEMBL5236583,3915631,1,6.5,1,0.8447669744491577
CHEMBL5280846,O=C(Cn1cc(COc2ccc(C3Nc4ccccc4C(=O)N3Nc3ccccc3)cc2)nn1)Nc1ccc(Cl)cc1,25082301,CHEMBL5256058,CHEMBL2074,IC50,15300.0,nm,4.82,=,single protein format,B,Inhibition of alpha-glucosidase (unknown origin) using p-nitrophenyl glucopyranoside as substrate preincubated for 10 mins followed by substrate addition and measured after 20 mins by spectrophotometer assay,,,CHEMBL5252633,3931969,1,15300.0,0,0.1264646351337433
CHEMBL5281130,COc1cc([C@@H]2Oc3cc(CCc4ccc(O)cc4)cc(OC)c3O[C@H]2CO)cc(OC)c1O,25045858,CHEMBL5246095,CHEMBL2074,IC50,9460000.0,nm,,=,single protein format,B,Inhibition of alpha-glucosidase (unknown origin) by HPLC analysis,,Outside typical range,CHEMBL5244253,3924635,1,9460000.0,0,0.2551206946372986
CHEMBL5281231,COc1cc2c(cc1OC)CN(C(=O)c1c(NC(=O)c3cccnc3)sc3c1CCCC3)CC2,24978102,CHEMBL5225220,CHEMBL2074,Inhibition,42.2,%,,=,single protein format,B,Inhibition of alpha-glucosidase (unknown origin) at 100 uM relative to control,,,CHEMBL5223141,3903838,1,42.2,1,0.680386483669281
CHEMBL5281437,COc1ccc(CNC(=O)c2c(NC(=O)c3cccnc3)sc3c2CCC3)cc1,24978087,CHEMBL5225220,CHEMBL2074,Inhibition,55.4,%,4.06,=,single protein format,B,Inhibition of alpha-glucosidase (unknown origin) at 100 uM relative to control,,,CHEMBL5223141,3903823,1,55.4,1,0.7724635601043701
CHEMBL5281806,COc1cc(C2Nc3ccccc3C(=O)N2Nc2ccccc2)ccc1OCc1cn(CC(=O)Nc2ccc([N+](=O)[O-])cc2)nn1,25082289,CHEMBL5256058,CHEMBL2074,IC50,6000.0,nm,5.22,=,single protein format,B,Inhibition of alpha-glucosidase (unknown origin) using p-nitrophenyl glucopyranoside as substrate preincubated for 10 mins followed by substrate addition and measured after 20 mins by spectrophotometer assay,,,CHEMBL5252633,3931981,1,6000.0,0,0.11691530793905258
CHEMBL5281833,COC(=O)c1ccc(CNC(=O)c2c(NC(=O)c3cccnc3)sc3c2CCC3)cc1,24978093,CHEMBL5225220,CHEMBL2074,Inhibition,21.9,%,,=,single protein format,B,Inhibition of alpha-glucosidase (unknown origin) at 100 uM relative to control,,,CHEMBL5223141,3903829,1,21.9,1,0.5877594351768494
CHEMBL5282121,COc1ccc2oc3cc(O)cc(O)c3c(=O)c2c1O,25041521,CHEMBL5244945,CHEMBL2074,IC50,71200.0,nm,4.15,=,single protein format,B,Inhibition of alpha-glucosidase (unknown origin) using PNPG as substrate preincubated for 15 mins followed by substrate addition and measured after 30 mins by spectrophotometric assay,,,CHEMBL5244222,3923349,1,71200.0,0,0.09684611111879349
CHEMBL5282250,COc1ccc(CCc2cc(O)c(O)c(OC)c2)cc1,25045857,CHEMBL5246095,CHEMBL2074,IC50,199500.0,nm,,=,single protein format,B,Inhibition of alpha-glucosidase (unknown origin) by HPLC analysis,,Outside typical range,CHEMBL5244253,3924622,1,199500.0,0,0.17095424234867096
CHEMBL5282477,C=CCc1cc(CN2CCCC2)c(O)c(-c2cc(CC=C)c(O)c(CN3CCCC3)c2)c1,25015125,CHEMBL5238062,CHEMBL2074,Inhibition,4.7,%,,=,single protein format,B,Inhibition of alpha-glucosidase (unknown origin) using pNPG as substrate at 64 uM preincubated with enzyme for 15 mins followed by substrate addition and measured after 10 mins by microplate reader analysis,,,CHEMBL5236583,3915634,1,4.7,1,0.7696148753166199
CHEMBL5282594,COc1cc(C2Nc3ccccc3C(=O)N2Nc2ccccc2)ccc1OCc1cn(CC(=O)Nc2ccc(Cl)cc2)nn1,25082291,CHEMBL5256058,CHEMBL2074,IC50,6700.0,nm,5.17,=,single protein format,B,Inhibition of alpha-glucosidase (unknown origin) using p-nitrophenyl glucopyranoside as substrate preincubated for 10 mins followed by substrate addition and measured after 20 mins by spectrophotometer assay,,,CHEMBL5252633,3931979,1,6700.0,0,0.260053813457489
CHEMBL5283167,O=C(Cn1cc(COc2ccc(C3Nc4ccccc4C(=O)N3Nc3ccccc3)cc2)nn1)Nc1ccc(Br)cc1,25082300,CHEMBL5256058,CHEMBL2074,IC50,8000.0,nm,5.1,=,single protein format,B,Inhibition of alpha-glucosidase (unknown origin) using p-nitrophenyl glucopyranoside as substrate preincubated for 10 mins followed by substrate addition and measured after 20 mins by spectrophotometer assay,,,CHEMBL5252633,3931970,1,8000.0,0,0.12443193793296814
CHEMBL5283357,COC(=O)c1ccc(CNC(=O)c2c(NC(=O)c3cccnc3)sc3c2CCCC3)cc1,24978101,CHEMBL5225220,CHEMBL2074,Inhibition,58.2,%,4.06,=,single protein format,B,Inhibition of alpha-glucosidase (unknown origin) at 100 uM relative to control,,,CHEMBL5223141,3903837,1,58.2,1,0.7397816777229309
CHEMBL5283373,C=CCc1ccc(O)c(-c2cc(CC=C)cc(CN(C)c3ccccc3)c2O)c1,25015116,CHEMBL5238062,CHEMBL2074,Inhibition,15.5,%,,=,single protein format,B,Inhibition of alpha-glucosidase (unknown origin) using pNPG as substrate at 64 uM preincubated with enzyme for 15 mins followed by substrate addition and measured after 10 mins by microplate reader analysis,,,CHEMBL5236583,3915625,1,15.5,1,0.7749446034431458
CHEMBL5283691,COc1cc(CNC(=O)c2c(NC(=O)c3cccnc3)sc3c2CCC3)ccc1O,24978092,CHEMBL5225220,CHEMBL2074,Inhibition,50.6,%,4.03,=,single protein format,B,Inhibition of alpha-glucosidase (unknown origin) at 100 uM relative to control,,,CHEMBL5223141,3903828,1,50.6,1,0.7564226984977722
CHEMBL5284335,C=CCc1cc(-c2ccc(O)c(CC=C)c2)c(O)c(C(c2ccccc2)N2CCCCC2)c1,25015131,CHEMBL5238062,CHEMBL2074,Inhibition,13.6,%,,=,single protein format,B,Inhibition of alpha-glucosidase (unknown origin) using pNPG as substrate at 64 uM preincubated with enzyme for 15 mins followed by substrate addition and measured after 10 mins by microplate reader analysis,,,CHEMBL5236583,3915640,1,13.6,1,0.8348345756530762
CHEMBL5284378,C=CCc1ccc(O)c(-c2cc(CC=C)cc(CN(CC(C)C)CC(C)C)c2O)c1,25015111,CHEMBL5238062,CHEMBL2074,Inhibition,3.8,%,,=,single protein format,B,Inhibition of alpha-glucosidase (unknown origin) using pNPG as substrate at 64 uM preincubated with enzyme for 15 mins followed by substrate addition and measured after 10 mins by microplate reader analysis,,,CHEMBL5236583,3915620,1,3.8,1,0.762150228023529
CHEMBL5284885,C=CCc1cc(-c2ccc(O)c(CC=C)c2)c(O)c(C(c2ccccc2)N2CCC(C)CC2)c1,25015132,CHEMBL5238062,CHEMBL2074,Inhibition,25.8,%,,=,single protein format,B,Inhibition of alpha-glucosidase (unknown origin) using pNPG as substrate at 64 uM preincubated with enzyme for 15 mins followed by substrate addition and measured after 10 mins by microplate reader analysis,,,CHEMBL5236583,3915641,1,25.8,1,0.8106698989868164
CHEMBL5285158,O=C(Nc1sc2c(c1C(=O)NCc1ccccn1)CCCC2)c1cccnc1,24978097,CHEMBL5225220,CHEMBL2074,Inhibition,57.2,%,4.19,=,single protein format,B,Inhibition of alpha-glucosidase (unknown origin) at 100 uM relative to control,,,CHEMBL5223141,3903833,1,57.2,1,0.7749377489089966
CHEMBL5285651,C=CCc1cc(CN(CCC)CCC)c(O)c(-c2cc(CC=C)c(O)c(CN(CCC)CCC)c2)c1,25015120,CHEMBL5238062,CHEMBL2074,Inhibition,4.8,%,,=,single protein format,B,Inhibition of alpha-glucosidase (unknown origin) using pNPG as substrate at 64 uM preincubated with enzyme for 15 mins followed by substrate addition and measured after 10 mins by microplate reader analysis,,,CHEMBL5236583,3915629,1,4.8,1,0.8367538452148438
CHEMBL5286251,C=CCc1cc(-c2cc(CC=C)c(O)c(C(c3ccc(OC)cc3)N3CCC(C)CC3)c2)c(O)c(C(c2ccc(OC)cc2)N2CCC(C)CC2)c1,25015139,CHEMBL5238062,CHEMBL2074,Inhibition,27.8,%,,=,single protein format,B,Inhibition of alpha-glucosidase (unknown origin) using pNPG as substrate at 64 uM preincubated with enzyme for 15 mins followed by substrate addition and measured after 10 mins by microplate reader analysis,,,CHEMBL5236583,3915648,1,27.8,1,0.8046113848686218
CHEMBL5286422,COc1ccc(CNC(=O)c2c(NC(=O)c3cccnc3)sc3c2CCCC3)cc1,24978095,CHEMBL5225220,CHEMBL2074,Inhibition,78.1,%,4.52,=,single protein format,B,Inhibition of alpha-glucosidase (unknown origin) at 100 uM relative to control,,,CHEMBL5223141,3903831,1,78.1,1,0.7541680335998535
CHEMBL5286499,C=CCc1cc(-c2ccc(O)c(CC=C)c2)c(O)c(C(c2cc(Cl)cc(Cl)c2)N2CCC(C)CC2)c1,25015137,CHEMBL5238062,CHEMBL2074,Inhibition,97.5,%,5.77,=,single protein format,B,Inhibition of alpha-glucosidase (unknown origin) using pNPG as substrate at 64 uM preincubated with enzyme for 15 mins followed by substrate addition and measured after 10 mins by microplate reader analysis,,,CHEMBL5236583,3915646,1,97.5,1,0.8390055894851685
CHEMBL5286697,C=CCc1ccc(O)c(-c2cc(CC=C)cc(CN(CCCC)CCCC)c2O)c1,25015113,CHEMBL5238062,CHEMBL2074,Inhibition,8.2,%,,=,single protein format,B,Inhibition of alpha-glucosidase (unknown origin) using pNPG as substrate at 64 uM preincubated with enzyme for 15 mins followed by substrate addition and measured after 10 mins by microplate reader analysis,,,CHEMBL5236583,3915622,1,8.2,1,0.7924285531044006
CHEMBL5286942,O=C(Cn1cc(COc2ccc(C3Nc4ccccc4C(=O)N3Nc3ccccc3)cc2)nn1)NCc1ccccc1,25082298,CHEMBL5256058,CHEMBL2074,IC50,12000.0,nm,4.92,=,single protein format,B,Inhibition of alpha-glucosidase (unknown origin) using p-nitrophenyl glucopyranoside as substrate preincubated for 10 mins followed by substrate addition and measured after 20 mins by spectrophotometer assay,,,CHEMBL5252633,3931972,1,12000.0,0,0.3099081218242645
CHEMBL5287039,CCc1ccc(NC(=O)Cn2cc(COc3ccc(C4Nc5ccccc5C(=O)N4Nc4ccccc4)cc3)nn2)cc1,25082303,CHEMBL5256058,CHEMBL2074,IC50,14700.0,nm,4.83,=,single protein format,B,Inhibition of alpha-glucosidase (unknown origin) using p-nitrophenyl glucopyranoside as substrate preincubated for 10 mins followed by substrate addition and measured after 20 mins by spectrophotometer assay,,,CHEMBL5252633,3931967,1,14700.0,0,0.2901272773742676
CHEMBL5287286,COc1cc(O[C@H]2O[C@@H](CO)[C@H](O)[C@H](O)[C@@H]2O)c2c(=O)c3ccc(O)c(OC)c3oc2c1,25041529,CHEMBL5244945,CHEMBL2074,IC50,84500.0,nm,4.07,=,single protein format,B,Inhibition of alpha-glucosidase (unknown origin) using PNPG as substrate preincubated for 15 mins followed by substrate addition and measured after 30 mins by spectrophotometric assay,,,CHEMBL5244222,3923367,1,84500.0,0,0.3342922329902649
CHEMBL5287329,COc1ccc2oc3cc(O)cc(O)c3c(=O)c2c1OC,25041524,CHEMBL5244945,CHEMBL2074,IC50,18000.0,nm,4.75,=,single protein format,B,Inhibition of alpha-glucosidase (unknown origin) using PNPG as substrate preincubated for 15 mins followed by substrate addition and measured after 30 mins by spectrophotometric assay,,,CHEMBL5244222,3923352,1,18000.0,0,0.23158136010169983
CHEMBL5287336,O=C(Nc1sc2c(c1C(=O)NCc1ccccn1)CCC2)c1cccnc1,24978089,CHEMBL5225220,CHEMBL2074,Inhibition,30.5,%,,=,single protein format,B,Inhibition of alpha-glucosidase (unknown origin) at 100 uM relative to control,,,CHEMBL5223141,3903825,1,30.5,1,0.7768037915229797
CHEMBL5287620,COc1cc(O)c2c(=O)c3c(O)c(O[C@H]4O[C@@H](CO)[C@H](O)[C@H](O)[C@@H]4O)ccc3oc2c1OC,25041553,CHEMBL5244946,CHEMBL2074,IC50,134500.0,nm,,=,single protein format,B,Inhibition of alpha-glucosidase (unknown origin) using PNPG as substrate preincubated for 15 mins followed by substrate addition by spectrophotometric assay,,Outside typical range,CHEMBL5244222,3923371,1,134500.0,0,0.13076971471309662
CHEMBL5287660,C=CCc1cc(-c2ccc(O)c(CC=C)c2)c(O)c(C(c2cc(OC)c(OC)c(OC)c2)N2CCCC2)c1,25015127,CHEMBL5238062,CHEMBL2074,Inhibition,43.0,%,,=,single protein format,B,Inhibition of alpha-glucosidase (unknown origin) using pNPG as substrate at 64 uM preincubated with enzyme for 15 mins followed by substrate addition and measured after 10 mins by microplate reader analysis,,,CHEMBL5236583,3915636,1,43.0,1,0.8474497199058533
CHEMBL5287798,COc1cc(C2Nc3ccccc3C(=O)N2Nc2ccccc2)ccc1OCc1cn(CC(=O)Nc2ccc(C)cc2)nn1,25082295,CHEMBL5256058,CHEMBL2074,IC50,13000.0,nm,4.89,=,single protein format,B,Inhibition of alpha-glucosidase (unknown origin) using p-nitrophenyl glucopyranoside as substrate preincubated for 10 mins followed by substrate addition and measured after 20 mins by spectrophotometer assay,,,CHEMBL5252633,3931975,1,13000.0,0,0.264548659324646
CHEMBL5287807,O=C(Nc1sc2c(c1C(=O)NCc1ccccn1)CCCCC2)c1cccnc1,24978105,CHEMBL5225220,CHEMBL2074,Inhibition,26.8,%,,=,single protein format,B,Inhibition of alpha-glucosidase (unknown origin) at 100 uM relative to control,,,CHEMBL5223141,3903841,1,26.8,1,0.7553092241287231
CHEMBL5287920,COc1cc(C2Nc3ccccc3C(=O)N2Nc2ccccc2)ccc1OCc1cn(CC(=O)Nc2ccc(C)cc2C)nn1,25082294,CHEMBL5256058,CHEMBL2074,IC50,10600.0,nm,4.97,=,single protein format,B,Inhibition of alpha-glucosidase (unknown origin) using p-nitrophenyl glucopyranoside as substrate preincubated for 10 mins followed by substrate addition and measured after 20 mins by spectrophotometer assay,,,CHEMBL5252633,3931976,1,10600.0,0,0.275272399187088
CHEMBL5287947,C=CCc1cc(-c2ccc(O)c(CC=C)c2)c(O)c(C(c2cc(OC)c(OC)c(OC)c2)N2CCCCC2)c1,25015128,CHEMBL5238062,CHEMBL2074,Inhibition,56.4,%,,=,single protein format,B,Inhibition of alpha-glucosidase (unknown origin) using pNPG as substrate at 64 uM preincubated with enzyme for 15 mins followed by substrate addition and measured after 10 mins by microplate reader analysis,,,CHEMBL5236583,3915637,1,56.4,1,0.8089345693588257
CHEMBL5288159,C=CCc1cc(CN2CCCCC2C)c(O)c(-c2cc(CC=C)c(O)c(CN3CCCCC3C)c2)c1,25015123,CHEMBL5238062,CHEMBL2074,Inhibition,3.33,%,,=,single protein format,B,Inhibition of alpha-glucosidase (unknown origin) using pNPG as substrate at 64 uM preincubated with enzyme for 15 mins followed by substrate addition and measured after 10 mins by microplate reader analysis,,,CHEMBL5236583,3915632,1,3.33,1,0.8047341704368591
CHEMBL5289610,COc1cc(O)c2c(=O)c3c(O)c(C4O[C@@H](O)[C@H](O)[C@H](O[C@@H]5O[C@@H](C)[C@@H](O)[C@@H](O)[C@@H]5O)[C@@H]4O[C@@H]4O[C@@H](C)[C@H](O)[C@@H](O)[C@H]4O)ccc3oc2c1,25041530,CHEMBL5244945,CHEMBL2074,IC50,500000.0,nm,,>,single protein format,B,Inhibition of alpha-glucosidase (unknown origin) using PNPG as substrate preincubated for 15 mins followed by substrate addition and measured after 30 mins by spectrophotometric assay,,Outside typical range,CHEMBL5244222,3923369,1,500000.0,0,0.15765281021595
CHEMBL5289805,CC(C)=CCc1c(O)ccc2c1O/C(=C\c1ccc(O)cc1)C2=O,24972768,CHEMBL5223565,CHEMBL2074,IC50,73800.0,nm,4.13,=,single protein format,B,Inhibition of alpha-glucosidase (unknown origin),,,CHEMBL5223077,3902370,1,73800.0,0,0.13639336824417114
CHEMBL5290214,COc1cc(O)c2c(=O)c3c(OC)ccc(OC)c3oc2c1,25041527,CHEMBL5244945,CHEMBL2074,IC50,75800.0,nm,4.12,=,single protein format,B,Inhibition of alpha-glucosidase (unknown origin) using PNPG as substrate preincubated for 15 mins followed by substrate addition and measured after 30 mins by spectrophotometric assay,,,CHEMBL5244222,3923355,1,75800.0,0,0.1255495250225067
CHEMBL5290242,C=CCc1cc(-c2ccc(O)c(CC=C)c2)c(O)c(C(c2ccc(Cl)cc2)N2CCCCC2)c1,25015134,CHEMBL5238062,CHEMBL2074,Inhibition,45.0,%,,=,single protein format,B,Inhibition of alpha-glucosidase (unknown origin) using pNPG as substrate at 64 uM preincubated with enzyme for 15 mins followed by substrate addition and measured after 10 mins by microplate reader analysis,,,CHEMBL5236583,3915643,1,45.0,1,0.8377360701560974
CHEMBL5290427,COc1cc(O)c2c(=O)c3cc(O[C@H]4O[C@@H](CO)[C@H](O)[C@H](O)[C@@H]4O)ccc3oc2c1OC,25041555,CHEMBL5244946,CHEMBL2074,IC50,114800.0,nm,,=,single protein format,B,Inhibition of alpha-glucosidase (unknown origin) using PNPG as substrate preincubated for 15 mins followed by substrate addition by spectrophotometric assay,,Outside typical range,CHEMBL5244222,3923373,1,114800.0,0,0.10711239278316498
CHEMBL5290636,CC1(C)C=Cc2c(ccc3c2OC2c4ccc(O)cc4OCC32)O1,25100228,CHEMBL5261191,CHEMBL2074,IC50,6000.0,nm,5.22,=,single protein format,B,Inhibition of human Alpha-glucosidase,,,CHEMBL5260799,3936179,1,6000.0,0,0.4183204174041748
CHEMBL5290656,O=C(Nc1sc2c(c1C(=O)NCc1ccncc1)CCCC2)c1cccnc1,24978099,CHEMBL5225220,CHEMBL2074,Inhibition,44.1,%,,=,single protein format,B,Inhibition of alpha-glucosidase (unknown origin) at 100 uM relative to control,,,CHEMBL5223141,3903835,1,44.1,1,0.7667556405067444
CHEMBL5291023,COc1cc2c(cc1OC)CN(C(=O)c1c(NC(=O)c3cccnc3)sc3c1CCCCC3)CC2,24978110,CHEMBL5225220,CHEMBL2074,Inhibition,29.1,%,,=,single protein format,B,Inhibition of alpha-glucosidase (unknown origin) at 100 uM relative to control,,,CHEMBL5223141,3903846,1,29.1,1,0.6809108257293701
CHEMBL574645,OC[C@@H]1[C@@H](O)[C@H](O)[C@@H](O)CN1CCCCCOCC12CC3CC(CC(C3)C1)C2,15091549,CHEMBL3384694,CHEMBL2074,IC50,3000.0,nm,5.52,=,single protein format,B,Inhibition of intestinal maltase (unknown origin),,,CHEMBL3352260,2245349,1,3000.0,0,0.36784443259239197
CHEMBL75971,CN1C[C@H](O)[C@@H](O)[C@H](O)[C@H]1CO,455757,CHEMBL710107,CHEMBL2074,IC50,120.0,nm,6.92,=,cell membrane format,B,Inhibition of Glycosidases (maltase) in rat intestinal brush border membranes by D-glucose oxidase-peroxidase method maltase,,,CHEMBL1128713,137437,1,120.0,1,0.4545183479785919
CHEMBL77918,CCCCN1[C@H](CO)[C@@H](O)[C@H](O)[C@H]1CO,437093,CHEMBL710107,CHEMBL2074,IC50,50000.0,nm,,<,cell membrane format,B,Inhibition of Glycosidases (maltase) in rat intestinal brush border membranes by D-glucose oxidase-peroxidase method maltase,,,CHEMBL1128713,137443,1,50000.0,0,0.46015772223472595
CHEMBL80148,CN1C[C@@H](O)[C@H](O)[C@H]1CO,463400,CHEMBL710107,CHEMBL2074,IC50,500000.0,nm,,=,cell membrane format,B,Inhibition of Glycosidases (maltase) in rat intestinal brush border membranes by D-glucose oxidase-peroxidase method maltase,,Outside typical range,CHEMBL1128713,137439,1,500000.0,0,0.21900703012943268
CHEMBL80254,OC[C@H]1NC[C@@H](O)[C@@H]1O,441050,CHEMBL710106,CHEMBL2074,IC50,55000.0,nm,4.26,=,cell membrane format,B,Inhibition of Glycosidases (maltase) in rat intestinal brush border membranes by D-glucose oxidase-peroxidase method,,,CHEMBL1128713,137441,1,55000.0,0,0.4763532876968384
CHEMBL84844,OC[C@H]1NC[C@@H](O)[C@@H](O)[C@@H]1O,1405331,CHEMBL829855,CHEMBL2074,Inhibition,50.0,%,,<,single protein format,B,Percent inhibition of human alpha-glucosidase at 1000 uM,,,CHEMBL1142734,361210,1,50.0,1,0.4806303083896637
CHEMBL87169,OCC1NC(CO)[C@@H](O)C(O)C1O,314789,CHEMBL649260,CHEMBL2074,IC50,700.0,nm,6.16,=,single protein format,B,Inhibitory activity measured against alpha-glucosidase of rice by colorimetric assay using the D-glucose oxidase-peroxidase method,,,CHEMBL1131015,155748,1,700.0,1,0.17768336832523346
