molecule_chembl_id,canonical_smiles,activity_id,assay_chembl_id,target_chembl_id,standard_type,standard_value,standard_units,pchembl_value,relation,bao_label,assay_type,assay_description,activity_comment,data_validity_comment,document_chembl_id,record_id,src_id
CHEMBL2114210,OC[C@H]1N[C@H](CO)[C@@H](O)C(O)[C@@H]1O,306817,CHEMBL649260,CHEMBL2074,IC50,110000,nM,,=,single protein format,B,Inhibitory activity measured against alpha-glucosidase of rice by colorimetric assay using the D-glucose oxidase-peroxidase method,,Outside typical range,CHEMBL1131015,155749,1
CHEMBL2114210,OC[C@H]1N[C@H](CO)[C@@H](O)C(O)[C@@H]1O,306827,CHEMBL649328,CHEMBL2074,Ki,6200,nM,5.21,=,single protein format,B,Compound was tested for binding affinity against alpha-glucosidase,,,CHEMBL1131015,155749,1
CHEMBL87169,OCC1NC(CO)[C@@H](O)C(O)C1O,314789,CHEMBL649260,CHEMBL2074,IC50,700,nM,6.16,=,single protein format,B,Inhibitory activity measured against alpha-glucosidase of rice by colorimetric assay using the D-glucose oxidase-peroxidase method,,,CHEMBL1131015,155748,1
CHEMBL87169,OCC1NC(CO)[C@@H](O)C(O)C1O,314799,CHEMBL649328,CHEMBL2074,Ki,6900,nM,5.16,=,single protein format,B,Compound was tested for binding affinity against alpha-glucosidase,,,CHEMBL1131015,155748,1
CHEMBL2115215,OC[C@@H]1N[C@H](CO)[C@@H](O)[C@H](O)[C@@H]1O,314800,CHEMBL649260,CHEMBL2074,IC50,3200,nM,5.5,=,single protein format,B,Inhibitory activity measured against alpha-glucosidase of rice by colorimetric assay using the D-glucose oxidase-peroxidase method,,,CHEMBL1131015,155741,1
CHEMBL2115215,OC[C@@H]1N[C@H](CO)[C@@H](O)[C@H](O)[C@@H]1O,314810,CHEMBL649328,CHEMBL2074,Ki,450,nM,6.35,=,single protein format,B,Compound was tested for binding affinity against alpha-glucosidase,,,CHEMBL1131015,155741,1
CHEMBL501355,OC[C@H]1N[C@H](CO)[C@@H](O)[C@H](O)[C@H]1O,333819,CHEMBL649260,CHEMBL2074,IC50,40,nM,7.4,=,single protein format,B,Inhibitory activity measured against alpha-glucosidase of rice by colorimetric assay using the D-glucose oxidase-peroxidase method,,,CHEMBL1131015,155739,1
CHEMBL2093897,OC[C@@H]1N[C@H](CO)[C@@H](O)[C@H](O)[C@H]1O,333831,CHEMBL816395,CHEMBL2074,IC50,8400,nM,5.08,=,single protein format,B,Inhibitory activity measured against alpha-glucosidase of rice by colorimetric assay using the D-glucose oxidase-peroxidase method,,,CHEMBL1131015,155742,1
CHEMBL2442258,CN1[C@H](CO)[C@H](O)[C@@H](O)[C@H](O)[C@H]1CO,338927,CHEMBL649260,CHEMBL2074,IC50,60,nM,7.22,=,single protein format,B,Inhibitory activity measured against alpha-glucosidase of rice by colorimetric assay using the D-glucose oxidase-peroxidase method,,,CHEMBL1131015,155743,1
CHEMBL3084806,CCCCN1[C@H](CO)[C@H](O)[C@@H](O)[C@H](O)[C@H]1CO,342691,CHEMBL649260,CHEMBL2074,IC50,4200,nM,5.38,=,single protein format,B,Inhibitory activity measured against alpha-glucosidase of rice by colorimetric assay using the D-glucose oxidase-peroxidase method,,,CHEMBL1131015,155744,1
CHEMBL1169500,OC[C@H]1N[C@H](CO)[C@H](O)C(O)[C@H]1O,342698,CHEMBL649261,CHEMBL2074,Inhibition,50,%,,<,single protein format,B,Inhibitory activity measured against alpha-glucosidase of rice by colorimetric assay using the D-glucose oxidase-peroxidase method at 1000 uM,,,CHEMBL1131015,155740,1
CHEMBL19682,O[C@H]1[C@H](O)[C@@H](O)C=C[C@H]1O,431273,CHEMBL649327,CHEMBL2074,Concentration,,,,,single protein format,B,Concentration required to inhibit alpha-glucosidase; IA means inactive,Not Active,,CHEMBL1137963,24520,1
CHEMBL77918,CCCCN1[C@H](CO)[C@@H](O)[C@H](O)[C@H]1CO,437093,CHEMBL710107,CHEMBL2074,IC50,50000,nM,,<,cell membrane format,B,Inhibition of Glycosidases (maltase) in rat intestinal brush border membranes by D-glucose oxidase-peroxidase method maltase,,,CHEMBL1128713,137443,1
CHEMBL307429,OC[C@H]1NC[C@H](O)[C@@H](O)[C@@H]1O,441033,CHEMBL710106,CHEMBL2074,IC50,360,nM,6.44,=,cell membrane format,B,Inhibition of Glycosidases (maltase) in rat intestinal brush border membranes by D-glucose oxidase-peroxidase method,,,CHEMBL1128713,137442,1
CHEMBL80254,OC[C@H]1NC[C@@H](O)[C@@H]1O,441050,CHEMBL710106,CHEMBL2074,IC50,55000,nM,4.26,=,cell membrane format,B,Inhibition of Glycosidases (maltase) in rat intestinal brush border membranes by D-glucose oxidase-peroxidase method,,,CHEMBL1128713,137441,1
CHEMBL310229,CCCCN1C[C@@H](O)[C@H](O)[C@H]1CO,443763,CHEMBL710107,CHEMBL2074,IC50,50000,nM,,<,cell membrane format,B,Inhibition of Glycosidases (maltase) in rat intestinal brush border membranes by D-glucose oxidase-peroxidase method maltase,,,CHEMBL1128713,137445,1
CHEMBL310231,CN1[C@H](CO)[C@@H](O)[C@H](O)[C@H]1CO,447896,CHEMBL710107,CHEMBL2074,IC50,50000,nM,,<,cell membrane format,B,Inhibition of Glycosidases (maltase) in rat intestinal brush border membranes by D-glucose oxidase-peroxidase method maltase,,,CHEMBL1128713,137444,1
CHEMBL312653,OC[C@H]1N[C@H](CO)[C@@H](O)[C@@H]1O,450504,CHEMBL710107,CHEMBL2074,IC50,50000,nM,,<,cell membrane format,B,Inhibition of Glycosidases (maltase) in rat intestinal brush border membranes by D-glucose oxidase-peroxidase method maltase,,,CHEMBL1128713,137440,1
CHEMBL1029,CCCCN1C[C@H](O)[C@@H](O)[C@H](O)[C@H]1CO,451707,CHEMBL710107,CHEMBL2074,IC50,2100,nM,5.68,=,cell membrane format,B,Inhibition of Glycosidases (maltase) in rat intestinal brush border membranes by D-glucose oxidase-peroxidase method maltase,,,CHEMBL1128713,137438,1
CHEMBL75971,CN1C[C@H](O)[C@@H](O)[C@H](O)[C@H]1CO,455757,CHEMBL710107,CHEMBL2074,IC50,120,nM,6.92,=,cell membrane format,B,Inhibition of Glycosidases (maltase) in rat intestinal brush border membranes by D-glucose oxidase-peroxidase method maltase,,,CHEMBL1128713,137437,1
CHEMBL19903,O[C@@H]1[C@@H](O)[C@@H](O)[C@H](O[C@H]2[C@@H](O)[C@H](O)[C@@H](O)[C@@H](O)[C@@H]2O)[C@@H](O)[C@H]1O,458971,CHEMBL649326,CHEMBL2074,Concentration,800,uM,,=,single protein format,B,Concentration required to inhibit alpha-glucosidase,,,CHEMBL1137963,24522,1
CHEMBL20111,O[C@H]1[C@H](O)[C@@H](O[C@H]2C=C[C@@H](O)[C@@H](O)[C@@H]2O)C=C[C@H]1O,460228,CHEMBL649327,CHEMBL2074,Concentration,,,,,single protein format,B,Concentration required to inhibit alpha-glucosidase; IA means inactive,Not Active,,CHEMBL1137963,24523,1
CHEMBL1222251,O[C@H]1[C@H](O)[C@@H](O)[C@H](O)[C@@H](O)[C@H]1O,461525,CHEMBL649327,CHEMBL2074,Concentration,,,,,single protein format,B,Concentration required to inhibit alpha-glucosidase; IA means inactive,Not Active,,CHEMBL1137963,24524,1
CHEMBL80148,CN1C[C@@H](O)[C@H](O)[C@H]1CO,463400,CHEMBL710107,CHEMBL2074,IC50,500000,nM,,=,cell membrane format,B,Inhibition of Glycosidases (maltase) in rat intestinal brush border membranes by D-glucose oxidase-peroxidase method maltase,,Outside typical range,CHEMBL1128713,137439,1
CHEMBL19835,O[C@H]1[C@H](O)[C@@H](O[C@H]2[C@H](O)[C@H](O)C=C[C@@H]2O)C=C[C@H]1O,472280,CHEMBL649326,CHEMBL2074,Concentration,60,uM,,=,single protein format,B,Concentration required to inhibit alpha-glucosidase,,,CHEMBL1137963,24521,1
CHEMBL121223,C[Si](C)(C)c1cccc(CN2C[C@H](O)[C@@H](O)[C@H](O)[C@H]2CO)c1,673173,CHEMBL683914,CHEMBL2074,Ki,1000,nM,6,=,single protein format,B,In vitro inhibition constant against rat small intestinal glucoamylase,,,CHEMBL1151035,227646,1
CHEMBL323803,C[Si](C)(C)c1ccccc1CN1C[C@H](O)[C@@H](O)[C@H](O)[C@H]1CO,679653,CHEMBL683914,CHEMBL2074,Ki,10000,nM,5,=,single protein format,B,In vitro inhibition constant against rat small intestinal glucoamylase,,,CHEMBL1151035,227647,1
CHEMBL120488,C[Si](C)(CCCN1C[C@H](O)[C@@H](O)[C@H](O)[C@H]1CO)c1ccccc1,683989,CHEMBL683914,CHEMBL2074,Ki,10,nM,8,=,single protein format,B,In vitro inhibition constant against rat small intestinal glucoamylase,,,CHEMBL1151035,227652,1
CHEMBL333917,C[Si](C)(CN1C[C@H](O)[C@@H](O)[C@H](O)[C@H]1CO)c1ccccc1,685358,CHEMBL683914,CHEMBL2074,Ki,2600,nM,5.58,=,single protein format,B,In vitro inhibition constant against rat small intestinal glucoamylase,,,CHEMBL1151035,227656,1
CHEMBL331723,C[Si](C)(C)/C=C/CCN1C[C@H](O)[C@@H](O)[C@H](O)[C@H]1CO,685364,CHEMBL683915,CHEMBL2074,Ki,,nM,,,single protein format,B,In vitro inhibition constant against rat small intestinal glucoamylase; ND=Not determined,Not Determined,,CHEMBL1151035,227648,1
CHEMBL120226,C[Si](C)(/C=C/CN1C[C@H](O)[C@@H](O)[C@H](O)[C@H]1CO)c1ccccc1,685377,CHEMBL683914,CHEMBL2074,Ki,4,nM,8.4,=,single protein format,B,In vitro inhibition constant against rat small intestinal glucoamylase,,,CHEMBL1151035,227641,1
CHEMBL120638,OC[C@H]1NC(O)[C@H](O)[C@@H](O)[C@@H]1O,688012,CHEMBL683913,CHEMBL2074,Inhibitory activity,,,,=,single protein format,B,In vitro inhibition constant against rat small intestinal glucoamylase; less inhibition,,,CHEMBL1151035,227642,1
CHEMBL120007,C[Si](C)(CCCCN1C[C@H](O)[C@@H](O)[C@H](O)[C@H]1CO)c1ccccc1,689450,CHEMBL683915,CHEMBL2074,Ki,,nM,,,single protein format,B,In vitro inhibition constant against rat small intestinal glucoamylase; ND=Not determined,Not Determined,,CHEMBL1151035,227655,1
CHEMBL330763,CCC[Si](C)(C)CN1C[C@H](O)[C@@H](O)[C@H](O)[C@H]1CO,697266,CHEMBL683914,CHEMBL2074,Ki,900,nM,6.05,=,single protein format,B,In vitro inhibition constant against rat small intestinal glucoamylase,,,CHEMBL1151035,227657,1
CHEMBL332468,C[Si](C)(C)/C=C\CN1C[C@H](O)[C@@H](O)[C@H](O)[C@H]1CO,697272,CHEMBL683915,CHEMBL2074,Ki,,nM,,,single protein format,B,In vitro inhibition constant against rat small intestinal glucoamylase; ND=Not determined,Not Determined,,CHEMBL1151035,227650,1
CHEMBL120395,CC(C)(C)[Si](C)(C)/C=C/CN1C[C@H](O)[C@@H](O)[C@H](O)[C@H]1CO,700192,CHEMBL683914,CHEMBL2074,Ki,87,nM,7.06,=,single protein format,B,In vitro inhibition constant against rat small intestinal glucoamylase,,,CHEMBL1151035,227649,1
CHEMBL332802,C[Si](C)(C)c1ccc(CN2C[C@H](O)[C@@H](O)[C@H](O)[C@H]2CO)cc1,706692,CHEMBL683914,CHEMBL2074,Ki,28,nM,7.55,=,single protein format,B,In vitro inhibition constant against rat small intestinal glucoamylase,,,CHEMBL1151035,227645,1
CHEMBL120489,C[Si](C)(C)CCCCCN1C[C@H](O)[C@@H](O)[C@H](O)[C@H]1CO,707891,CHEMBL683914,CHEMBL2074,Ki,70,nM,7.16,=,single protein format,B,In vitro inhibition constant against rat small intestinal glucoamylase,,,CHEMBL1151035,227654,1
CHEMBL432221,C[Si](C)(C)/C=C/CN1C[C@H](O)[C@@H](O)[C@H](O)[C@H]1CO,707902,CHEMBL683914,CHEMBL2074,Ki,2.3,nM,8.64,=,single protein format,B,In vitro inhibition constant against rat small intestinal glucoamylase,,,CHEMBL1151035,227640,1
CHEMBL121283,C[Si](C)(C)CCCN1C[C@H](O)[C@@H](O)[C@H](O)[C@H]1CO,710595,CHEMBL683914,CHEMBL2074,Ki,50,nM,7.3,=,single protein format,B,In vitro inhibition constant against rat small intestinal glucoamylase,,,CHEMBL1151035,227651,1
CHEMBL120169,C[Si](C)(C)CN1C[C@H](O)[C@@H](O)[C@H](O)[C@H]1CO,711819,CHEMBL683914,CHEMBL2074,Ki,2500,nM,5.6,=,single protein format,B,In vitro inhibition constant against rat small intestinal glucoamylase,,,CHEMBL1151035,227638,1
CHEMBL415713,C[Si](C)(C)CCCCN1C[C@H](O)[C@@H](O)[C@H](O)[C@H]1CO,711825,CHEMBL683914,CHEMBL2074,Ki,120,nM,6.92,=,single protein format,B,In vitro inhibition constant against rat small intestinal glucoamylase,,,CHEMBL1151035,227653,1
CHEMBL44,O=c1c(-c2ccc(O)cc2)coc2cc(O)cc(O)c12,854643,CHEMBL646887,CHEMBL2074,IC50,10400,nM,4.98,=,single protein format,B,Inhibition of yeast alpha-glucosidase by genistein,,,CHEMBL1146770,186260,1
CHEMBL44,O=c1c(-c2ccc(O)cc2)coc2cc(O)cc(O)c12,854644,CHEMBL646886,CHEMBL2074,IC50,2610,nM,5.58,=,single protein format,B,Inhibition of yeast alpha-glucosidase after addition of D-glucose,,,CHEMBL1146770,186260,1
CHEMBL44,O=c1c(-c2ccc(O)cc2)coc2cc(O)cc(O)c12,854645,CHEMBL872366,CHEMBL2074,Ki,10400,nM,4.98,=,single protein format,B,Inhibition kinetics of yeast alpha-glucosidase by genistein at a concentration of 10.2 uM,,,CHEMBL1146770,186260,1
CHEMBL354875,OCC1O[C@H](O)C(O)[C@@H]([C@H](O)C2NCC(O)C2O)C1O,883998,CHEMBL647270,CHEMBL2074,Inhibition,,%,,,single protein format,B,Inhibition of the enzyme alpha-glucosidase (maltase) from yeast was determined at 1 mM concentration of the compound; No inhibition,Not Active,,CHEMBL1129894,337969,1
CHEMBL354875,OCC1O[C@H](O)C(O)[C@@H]([C@H](O)C2NCC(O)C2O)C1O,883999,CHEMBL647266,CHEMBL2074,Inhibition,,%,,,single protein format,B,Inhibition of the enzyme alpha-glucosidase (maltase) from rice was determined at 1 mM concentration of the compound; No inhibition,Not Active,,CHEMBL1129894,337969,1
CHEMBL369048,OCC1O[C@H](O)[C@H](O)[C@@H]([C@H](O)C2NCC(O)C2O)C1O,899739,CHEMBL647270,CHEMBL2074,Inhibition,,%,,,single protein format,B,Inhibition of the enzyme alpha-glucosidase (maltase) from yeast was determined at 1 mM concentration of the compound; No inhibition,Not Active,,CHEMBL1129894,337970,1
CHEMBL369048,OCC1O[C@H](O)[C@H](O)[C@@H]([C@H](O)C2NCC(O)C2O)C1O,899740,CHEMBL647266,CHEMBL2074,Inhibition,,%,,,single protein format,B,Inhibition of the enzyme alpha-glucosidase (maltase) from rice was determined at 1 mM concentration of the compound; No inhibition,Not Active,,CHEMBL1129894,337970,1
CHEMBL262462,Cc1cc(O)c2c(c1)C(=O)c1cccc(O[C@@H]3C[C@H](CO)[C@@H](O)[C@H](O)[C@H]3O)c1C2=O,905514,CHEMBL646888,CHEMBL2074,Inhibition,,%,,,single protein format,B,Inhibitory activity against yeast alpha-glucosidase; active,Active,,CHEMBL1146818,240016,1
CHEMBL291501,COc1ccc(/C=C/c2cc(O)cc(O)c2)cc1,908190,CHEMBL646888,CHEMBL2074,Inhibition,,%,,,single protein format,B,Inhibitory activity against yeast alpha-glucosidase; active,Active,,CHEMBL1146818,240018,1
CHEMBL436380,COc1cc(O[C@@H]2C[C@H](CO)[C@@H](O)[C@H](O)[C@H]2O)c2c(O)c(C(C)=O)c(C)cc2c1,912110,CHEMBL646888,CHEMBL2074,Inhibition,,%,,,single protein format,B,Inhibitory activity against yeast alpha-glucosidase; active,Active,,CHEMBL1146818,240020,1
CHEMBL289277,Cc1cc(O)c2c(c1)C(=O)c1cc(O)cc(O)c1C2=O,916062,CHEMBL875450,CHEMBL2074,Inhibition,,%,,,single protein format,B,Inhibitory activity against yeast alpha-glucosidase; mild activity observed,Not Determined,,CHEMBL1146818,240019,1
CHEMBL41092,Cc1cc(O)c2c(c1)C(=O)c1cccc(O)c1C2=O,918552,CHEMBL875450,CHEMBL2074,Inhibition,,%,,,single protein format,B,Inhibitory activity against yeast alpha-glucosidase; mild activity observed,Not Determined,,CHEMBL1146818,240013,1
CHEMBL113029,COc1ccc(/C=C/c2cc(O)cc(O)c2)cc1O,929008,CHEMBL646888,CHEMBL2074,Inhibition,,%,,,single protein format,B,Inhibitory activity against yeast alpha-glucosidase; active,Active,,CHEMBL1146818,240017,1
CHEMBL507707,Cc1cc(=O)c2c(O)cc(O)cc2o1,938821,CHEMBL875450,CHEMBL2074,Inhibition,,%,,,single protein format,B,Inhibitory activity against yeast alpha-glucosidase; mild activity observed,mild activity observed,,CHEMBL1146818,240015,1
CHEMBL42624,COc1cc(O)c2c(c1)C(=O)c1cc(C)cc(O)c1C2=O,943906,CHEMBL875450,CHEMBL2074,Inhibition,,%,,,single protein format,B,Inhibitory activity against yeast alpha-glucosidase; mild activity observed,Partially active,,CHEMBL1146818,240014,1
CHEMBL422734,CCCCCCCCNC1C=C(CO)C(O)C(O)C1O,987402,CHEMBL646884,CHEMBL2074,IC50,17000,nM,4.77,=,single protein format,B,Compound was tested for inhibitory activity against alpha-glucosidase.,,,CHEMBL1149959,342254,1
CHEMBL176679,CCCCCCCCCCNC1C=C(CO)C(O)C(O)C1O,989767,CHEMBL646885,CHEMBL2074,IC50,,nM,,,single protein format,B,Compound was tested for inhibitory activity against alpha-glucosidase; Not tested,Not Determined,,CHEMBL1149959,342250,1
CHEMBL1230806,N[C@H]1C=C(CO)[C@@H](O)[C@H](O)[C@H]1O,995773,CHEMBL646884,CHEMBL2074,IC50,100000,nM,4,=,single protein format,B,Compound was tested for inhibitory activity against alpha-glucosidase.,,,CHEMBL1149959,342247,1
CHEMBL369361,CCCCCCCCCCCCC/C=C/[C@@H](O)[C@H](CNC1C=C(CO)C(O)C(O)C1O)NC(=O)CCCCCCCCCCCCCCC,998217,CHEMBL646885,CHEMBL2074,IC50,,nM,,,single protein format,B,Compound was tested for inhibitory activity against alpha-glucosidase; Not tested,Not Determined,,CHEMBL1149959,342245,1
CHEMBL367666,CCCCNC1C=C(CO)C(O)C(O)C1O,1000585,CHEMBL646884,CHEMBL2074,IC50,100000,nM,,<,single protein format,B,Compound was tested for inhibitory activity against alpha-glucosidase.,,,CHEMBL1149959,342251,1
CHEMBL426933,CCCCCCCCCCCCCCCCCCNC1C=C(CO)C(O)C(O)C1O,1003052,CHEMBL646884,CHEMBL2074,IC50,100000,nM,,<,single protein format,B,Compound was tested for inhibitory activity against alpha-glucosidase.,,,CHEMBL1149959,342248,1
CHEMBL174067,OC1C(O)C(O)C2OC2C1O,1003055,CHEMBL646884,CHEMBL2074,IC50,100000,nM,,<,single protein format,B,Compound was tested for inhibitory activity against alpha-glucosidase.,,,CHEMBL1149959,342246,1
CHEMBL170431,CCCCCCCCCCCCCCNC1C=C(CO)C(O)C(O)C1O,1015793,CHEMBL646885,CHEMBL2074,IC50,,nM,,,single protein format,B,Compound was tested for inhibitory activity against alpha-glucosidase; Not tested,Not Determined,,CHEMBL1149959,342249,1
CHEMBL1744444,C[C@]12CCC(=O)C[C@@H]1CC[C@@H]1[C@@H]2CC[C@]2(C)[C@@H](O)CC[C@@H]12.C[C@]12CC[C@H]3[C@@H](CCC4CC(=O)CC[C@@]43C)[C@@H]1CC[C@@H]2O,1019746,CHEMBL646884,CHEMBL2074,IC50,100000,nM,4,=,single protein format,B,Compound was tested for inhibitory activity against alpha-glucosidase.,,,CHEMBL1149959,342253,1
CHEMBL354193,CCCCCCNC1C=C(CO)C(O)C(O)C1O,1019749,CHEMBL646884,CHEMBL2074,IC50,50000,nM,4.3,=,single protein format,B,Compound was tested for inhibitory activity against alpha-glucosidase.,,,CHEMBL1149959,342252,1
CHEMBL2374254,OC[C@@]1(O)C[C@H](NC[C@H](O)c2ccccc2)[C@H](O)[C@H](O)[C@H]1O,1266263,CHEMBL710105,CHEMBL2074,IC50,5.8,nM,8.24,=,single protein format,B,Inhibitory activity against porcine maltase,,,CHEMBL1123195,5068,1
CHEMBL2051980,CO[C@H]1O[C@H](C)[C@@H](N[C@H]2C=C(CO)[C@@H](O)[C@H](O)[C@H]2O)[C@H](O)[C@H]1O,1266265,CHEMBL710105,CHEMBL2074,IC50,3200,nM,5.5,=,single protein format,B,Inhibitory activity against porcine maltase,,,CHEMBL1123195,5075,1
CHEMBL2051761,C[C@H]1C[C@H](N)[C@H](O)[C@@H](O)[C@@H]1N[C@H]1C[C@](O)(CO)[C@@H](O)[C@H](O)[C@H]1O,1267725,CHEMBL710105,CHEMBL2074,IC50,28,nM,7.55,=,single protein format,B,Inhibitory activity against porcine maltase,,,CHEMBL1123195,5071,1
CHEMBL2051982,C[C@H]1C[C@@H](O)[C@H](O)[C@@H](O)[C@H]1N[C@H]1C[C@](O)(CO)[C@@H](O)[C@H](O)[C@H]1O,1267727,CHEMBL710105,CHEMBL2074,IC50,70,nM,7.16,=,single protein format,B,Inhibitory activity against porcine maltase,,,CHEMBL1123195,5078,1
CHEMBL2374252,OC[C@@H](N[C@H]1C[C@](O)(CO)[C@@H](O)[C@H](O)[C@H]1O)c1ccccc1,1267797,CHEMBL710105,CHEMBL2074,IC50,34000,nM,4.47,=,single protein format,B,Inhibitory activity against porcine maltase,,,CHEMBL1123195,5084,1
CHEMBL3349433,OC[C@@]1(O)C[C@H](NCC2CCCCC2)[C@H](O)[C@@H](O)[C@@H]1O,1267799,CHEMBL710105,CHEMBL2074,IC50,240,nM,6.62,=,single protein format,B,Inhibitory activity against porcine maltase,,,CHEMBL1123195,5085,1
CHEMBL1230806,N[C@H]1C=C(CO)[C@@H](O)[C@H](O)[C@H]1O,1267806,CHEMBL710105,CHEMBL2074,IC50,340000,nM,,=,single protein format,B,Inhibitory activity against porcine maltase,,Outside typical range,CHEMBL1123195,5088,1
CHEMBL3349432,OC[C@@]1(O)C[C@H](N[C@@H]2CCCC[C@H]2O)[C@H](O)[C@@H](O)[C@@H]1O,1269189,CHEMBL710105,CHEMBL2074,IC50,6.1,nM,8.21,=,single protein format,B,Inhibitory activity against porcine maltase,,,CHEMBL1123195,5083,1
CHEMBL3349431,OCN(CO)[C@H]1C[C@](O)(CO)[C@@H](O)[C@H](O)[C@H]1O,1271881,CHEMBL710105,CHEMBL2074,IC50,15,nM,7.82,=,single protein format,B,Inhibitory activity against porcine maltase,,,CHEMBL1123195,5082,1
CHEMBL3349439,OC[C@@]1(O)C[C@H](N[C@H]2CCCC[C@@H]2O)[C@H](O)[C@@H](O)[C@@H]1O,1275778,CHEMBL710105,CHEMBL2074,IC50,1600,nM,5.8,=,single protein format,B,Inhibitory activity against porcine maltase,,,CHEMBL1123195,5100,1
CHEMBL3349435,OC[C@@]1(O)C[C@H](NCc2ccc(Br)cc2)[C@H](O)[C@@H](O)[C@@H]1O,1277109,CHEMBL710105,CHEMBL2074,IC50,230,nM,6.64,=,single protein format,B,Inhibitory activity against porcine maltase,,,CHEMBL1123195,5098,1
CHEMBL2051983,CO[C@H]1O[C@H](C)[C@@H](N[C@H]2C[C@](O)(CO)[C@@H](O)[C@H](O)[C@H]2O)[C@H](O)[C@H]1O,1277111,CHEMBL710105,CHEMBL2074,IC50,4.9,nM,8.31,=,single protein format,B,Inhibitory activity against porcine maltase,,,CHEMBL1123195,5091,1
CHEMBL3349440,OCC(CO)N[C@H]1C[C@H](CO)[C@@H](O)[C@H](O)[C@H]1O,1279599,CHEMBL710105,CHEMBL2074,IC50,550,nM,6.26,=,single protein format,B,Inhibitory activity against porcine maltase,,,CHEMBL1123195,5092,1
CHEMBL222396,N[C@H]1C[C@](O)(CO)[C@@H](O)[C@H](O)[C@H]1O,1280849,CHEMBL710105,CHEMBL2074,IC50,2200,nM,5.66,=,single protein format,B,Inhibitory activity against porcine maltase,,,CHEMBL1123195,5080,1
CHEMBL2051762,C[C@H]1C[C@H](O)[C@H](O)[C@@H](O)[C@H]1N[C@H]1C[C@](O)(CO)[C@@H](O)[C@H](O)[C@H]1O,1282079,CHEMBL710105,CHEMBL2074,IC50,68,nM,7.17,=,single protein format,B,Inhibitory activity against porcine maltase,,,CHEMBL1123195,5069,1
CHEMBL1628264,N[C@H]1C[C@H](CO)[C@@H](O)[C@H](O)[C@H]1O,1282114,CHEMBL710105,CHEMBL2074,IC50,110000,nM,,=,single protein format,B,Inhibitory activity against porcine maltase,,Outside typical range,CHEMBL1123195,5093,1
CHEMBL3349436,OCC1=C[C@H](NC(CO)CO)[C@H](O)[C@@H](O)[C@@H]1O,1283285,CHEMBL710105,CHEMBL2074,IC50,5900,nM,5.23,=,single protein format,B,Inhibitory activity against porcine maltase,,,CHEMBL1123195,5094,1
CHEMBL2051978,C[C@H]1C[C@H](N)[C@H](O)[C@@H](O)[C@H]1N[C@H]1C[C@](O)(CO)[C@@H](O)[C@H](O)[C@H]1O,1286913,CHEMBL710105,CHEMBL2074,IC50,1500,nM,5.82,=,single protein format,B,Inhibitory activity against porcine maltase,,,CHEMBL1123195,5070,1
CHEMBL2051981,CO[C@H]1O[C@H](CO)[C@@H](N[C@H]2C[C@](O)(CO)[C@@H](O)[C@H](O)[C@H]2O)[C@H](O)[C@H]1O,1288320,CHEMBL710105,CHEMBL2074,IC50,72,nM,7.14,=,single protein format,B,Inhibitory activity against porcine maltase,,,CHEMBL1123195,5077,1
CHEMBL3349441,OC[C@@]1(O)C[C@H](NCc2cccs2)[C@H](O)[C@@H](O)[C@@H]1O,1288359,CHEMBL710105,CHEMBL2074,IC50,200,nM,6.7,=,single protein format,B,Inhibitory activity against porcine maltase,,,CHEMBL1123195,5096,1
CHEMBL2374255,OC[C@@]1(O)C[C@H](NC[C@@H](O)c2ccccc2)[C@H](O)[C@H](O)[C@H]1O,1292452,CHEMBL710105,CHEMBL2074,IC50,5000,nM,5.3,=,single protein format,B,Inhibitory activity against porcine maltase,,,CHEMBL1123195,5089,1
CHEMBL2051763,CO[C@H]1O[C@H](CO)[C@@H](N[C@H]2C=C(CO)[C@@H](O)[C@H](O)[C@H]2O)[C@H](O)[C@H]1O,1293704,CHEMBL710105,CHEMBL2074,IC50,7200,nM,5.14,=,single protein format,B,Inhibitory activity against porcine maltase,,,CHEMBL1123195,5073,1
CHEMBL3349438,CC(C)=CCC/C(C)=C/CN[C@H]1C[C@](O)(CO)[C@@H](O)[C@H](O)[C@H]1O,1293760,CHEMBL710105,CHEMBL2074,IC50,520,nM,6.28,=,single protein format,B,Inhibitory activity against porcine maltase,,,CHEMBL1123195,5099,1
CHEMBL2051760,CO[C@H]1O[C@H](C)[C@H](N[C@H]2C[C@](O)(CO)[C@@H](O)[C@H](O)[C@H]2O)[C@H](O)[C@H]1O,1295094,CHEMBL710105,CHEMBL2074,IC50,650,nM,6.19,=,single protein format,B,Inhibitory activity against porcine maltase,,,CHEMBL1123195,5079,1
CHEMBL3349443,OC[C@@]1(O)C[C@H](NC/C=C/c2ccccc2)[C@H](O)[C@@H](O)[C@@H]1O,1296510,CHEMBL710105,CHEMBL2074,IC50,270,nM,6.57,=,single protein format,B,Inhibitory activity against porcine maltase,,,CHEMBL1123195,5087,1
CHEMBL2051979,CO[C@H]1O[C@H](CO)[C@H](N[C@H]2C=C(CO)[C@@H](O)[C@H](O)[C@H]2O)[C@H](O)[C@H]1O,1299286,CHEMBL710105,CHEMBL2074,IC50,80000,nM,4.1,=,single protein format,B,Inhibitory activity against porcine maltase,,,CHEMBL1123195,5072,1
CHEMBL2374253,OC[C@H](N[C@H]1C[C@](O)(CO)[C@@H](O)[C@H](O)[C@H]1O)c1ccccc1,1299392,CHEMBL710105,CHEMBL2074,IC50,13,nM,7.89,=,single protein format,B,Inhibitory activity against porcine maltase,,,CHEMBL1123195,5090,1
CHEMBL3349446,OC[C@@]1(O)C[C@H](NCc2cccnc2)[C@H](O)[C@@H](O)[C@@H]1O,1300700,CHEMBL710105,CHEMBL2074,IC50,330,nM,6.48,=,single protein format,B,Inhibitory activity against porcine maltase,,,CHEMBL1123195,5097,1
CHEMBL3349437,OC[C@@]1(O)C[C@H](NCCc2ccccc2)[C@H](O)[C@@H](O)[C@@H]1O,1302111,CHEMBL710105,CHEMBL2074,IC50,100,nM,7,=,single protein format,B,Inhibitory activity against porcine maltase,,,CHEMBL1123195,5095,1
CHEMBL3349434,OC[C@@]1(O)C[C@H](NC2CCCCC2)[C@H](O)[C@@H](O)[C@@H]1O,1303338,CHEMBL710105,CHEMBL2074,IC50,410,nM,6.39,=,single protein format,B,Inhibitory activity against porcine maltase,,,CHEMBL1123195,5081,1
CHEMBL3349442,CC(C)(C)c1cc(CN[C@H]2C[C@](O)(CO)[C@@H](O)[C@H](O)[C@H]2O)cc(C(C)(C)C)c1O,1303340,CHEMBL710105,CHEMBL2074,IC50,43,nM,7.37,=,single protein format,B,Inhibitory activity against porcine maltase,,,CHEMBL1123195,5086,1
CHEMBL2051764,CO[C@H]1O[C@H](C)[C@H](N[C@H]2C=C(CO)[C@@H](O)[C@H](O)[C@H]2O)[C@H](O)[C@H]1O,1306418,CHEMBL710105,CHEMBL2074,IC50,100000,nM,4,=,single protein format,B,Inhibitory activity against porcine maltase,,,CHEMBL1123195,5074,1
CHEMBL2051759,CO[C@H]1O[C@H](CO)[C@H](N[C@H]2C[C@](O)(CO)[C@@H](O)[C@H](O)[C@H]2O)[C@H](O)[C@H]1O,1307679,CHEMBL710105,CHEMBL2074,IC50,100,nM,7,=,single protein format,B,Inhibitory activity against porcine maltase,,,CHEMBL1123195,5076,1
CHEMBL307429,OC[C@H]1NC[C@H](O)[C@@H](O)[C@@H]1O,1401852,CHEMBL827835,CHEMBL2074,IC50,40,nM,7.4,=,single protein format,B,Inhibitory concentration against human alpha-glucosidase,,,CHEMBL1142734,360302,1
CHEMBL368121,OC[C@H]1NC[C@@H](O)[C@H](O)[C@H]1O,1403947,CHEMBL829855,CHEMBL2074,Inhibition,50,%,,<,single protein format,B,Percent inhibition of human alpha-glucosidase at 1000 uM,,,CHEMBL1142734,361236,1
CHEMBL175901,OC[C@@H]1NC[C@H](O)[C@@H](O)[C@@H]1O,1404079,CHEMBL829855,CHEMBL2074,Inhibition,50,%,,<,single protein format,B,Percent inhibition of human alpha-glucosidase at 1000 uM,,,CHEMBL1142734,361237,1
CHEMBL369297,OC[C@@H]1NC[C@@H](O)[C@H](O)[C@H]1O,1405313,CHEMBL829855,CHEMBL2074,Inhibition,50,%,,<,single protein format,B,Percent inhibition of human alpha-glucosidase at 1000 uM,,,CHEMBL1142734,361209,1
CHEMBL84844,OC[C@H]1NC[C@@H](O)[C@@H](O)[C@@H]1O,1405331,CHEMBL829855,CHEMBL2074,Inhibition,50,%,,<,single protein format,B,Percent inhibition of human alpha-glucosidase at 1000 uM,,,CHEMBL1142734,361210,1
CHEMBL179085,OC[C@@H]1NC[C@H](O)[C@H](O)[C@H]1O,1405468,CHEMBL829855,CHEMBL2074,Inhibition,50,%,,<,single protein format,B,Percent inhibition of human alpha-glucosidase at 1000 uM,,,CHEMBL1142734,361211,1
CHEMBL176206,OC[C@H]1NC[C@H](O)[C@H](O)[C@@H]1O,1405486,CHEMBL829855,CHEMBL2074,Inhibition,50,%,,<,single protein format,B,Percent inhibition of human alpha-glucosidase at 1000 uM,,,CHEMBL1142734,361216,1
CHEMBL179130,OC[C@@H]1NC[C@@H](O)[C@@H](O)[C@H]1O,1405621,CHEMBL829855,CHEMBL2074,Inhibition,50,%,,<,single protein format,B,Percent inhibition of human alpha-glucosidase at 1000 uM,,,CHEMBL1142734,361221,1
CHEMBL110458,OC[C@H]1NC[C@H](O)[C@@H](O)[C@H]1O,1405778,CHEMBL829855,CHEMBL2074,Inhibition,50,%,,<,single protein format,B,Percent inhibition of human alpha-glucosidase at 1000 uM,,,CHEMBL1142734,361228,1
CHEMBL176021,OC[C@@H]1NC[C@@H](O)[C@H](O)[C@@H]1O,1405796,CHEMBL829855,CHEMBL2074,Inhibition,50,%,,<,single protein format,B,Percent inhibition of human alpha-glucosidase at 1000 uM,,,CHEMBL1142734,361229,1
CHEMBL369046,OC[C@H]1NC[C@H](O)[C@H](O)[C@H]1O,1405923,CHEMBL829855,CHEMBL2074,Inhibition,50,%,,<,single protein format,B,Percent inhibition of human alpha-glucosidase at 1000 uM,,,CHEMBL1142734,361230,1
CHEMBL176209,OC[C@@H]1NC[C@@H](O)[C@@H](O)[C@@H]1O,1405941,CHEMBL829855,CHEMBL2074,Inhibition,50,%,,<,single protein format,B,Percent inhibition of human alpha-glucosidase at 1000 uM,,,CHEMBL1142734,361235,1
CHEMBL186141,C=C1CC[C@@H]2[C@](C)(CO)[C@H](O)CC[C@@]2(C)[C@@H]1C/C=C1/C(=O)OC[C@H]1O,1714827,CHEMBL865093,CHEMBL2074,Inhibition,,%,,,single protein format,B,Inhibition of alpha glucosidase at 100 uM,Not Active,,CHEMBL1147699,474306,1
CHEMBL379946,CC(C)=C1C=C(/C=C/[C@@H]2[C@@]3(CC[C@@H]4[C@](C)(CO)[C@H](O)CC[C@]42C)CO3)C(=O)O1,1714828,CHEMBL865093,CHEMBL2074,Inhibition,,%,,,single protein format,B,Inhibition of alpha glucosidase at 100 uM,Not Active,,CHEMBL1147699,474331,1
CHEMBL208071,C[C@]1(CO)[C@H]2CC[C@@]3(CO3)[C@@H](/C=C/C3=CCOC3=O)[C@]2(C)CC[C@H]1O,1714829,CHEMBL865093,CHEMBL2074,Inhibition,,%,,,single protein format,B,Inhibition of alpha glucosidase at 100 uM,Not Active,,CHEMBL1147699,474330,1
CHEMBL425056,C=C1CC[C@@H]2[C@](C)(CO)[C@H](O)CC[C@@]2(C)[C@@H]1/C=C/C1=C/C(=C/c2ccc(Cl)cc2)OC1=O,1714830,CHEMBL865093,CHEMBL2074,Inhibition,,%,,,single protein format,B,Inhibition of alpha glucosidase at 100 uM,Not Active,,CHEMBL1147699,474326,1
CHEMBL206838,C=C1CC[C@@H]2[C@](C)(CO)[C@H](O)CC[C@@]2(C)[C@@H]1/C=C/C1=C/C(=C/c2ccc(F)cc2)OC1=O,1714831,CHEMBL865093,CHEMBL2074,Inhibition,,%,,,single protein format,B,Inhibition of alpha glucosidase at 100 uM,Not Active,,CHEMBL1147699,474325,1
CHEMBL207119,C=C1CC[C@@H]2[C@](C)(CO)[C@H](O)CC[C@@]2(C)[C@@H]1/C=C/C1=C/C(=C/C=C(/C)CCC=C(C)C)OC1=O,1714832,CHEMBL865093,CHEMBL2074,Inhibition,,%,,,single protein format,B,Inhibition of alpha glucosidase at 100 uM,Not Active,,CHEMBL1147699,474324,1
CHEMBL207495,C=C1CC[C@@H]2[C@](C)(CO)[C@H](O)CC[C@@]2(C)/C1=C/C=C1\C=COC1=O,1714833,CHEMBL865093,CHEMBL2074,Inhibition,,%,,,single protein format,B,Inhibition of alpha glucosidase at 100 uM,Not Active,,CHEMBL1147699,474320,1
CHEMBL377422,C=C1CC[C@@H]2[C@]3(C)COC(c4ccc(Cl)cc4)O[C@@H]3CC[C@@]2(C)[C@@H]1C/C=C1/C(=O)OC[C@H]1O,1714834,CHEMBL865093,CHEMBL2074,Inhibition,,%,,,single protein format,B,Inhibition of alpha glucosidase at 100 uM,Not Active,,CHEMBL1147699,474314,1
CHEMBL207094,C=C1CC[C@@H]2[C@]3(C)COC(CCCC)O[C@@H]3CC[C@@]2(C)[C@@H]1C/C=C1/C(=O)OC[C@H]1O,1714835,CHEMBL865093,CHEMBL2074,Inhibition,,%,,,single protein format,B,Inhibition of alpha glucosidase at 100 uM,Not Active,,CHEMBL1147699,474309,1
CHEMBL208002,C=C1CC[C@@H]2[C@]3(C)COC(C)(C)O[C@@H]3CC[C@@]2(C)[C@@H]1C/C=C1/C(=O)OC[C@H]1O,1714836,CHEMBL865093,CHEMBL2074,Inhibition,,%,,,single protein format,B,Inhibition of alpha glucosidase at 100 uM,Not Active,,CHEMBL1147699,474308,1
CHEMBL208001,C=C1CC[C@@H]2[C@]3(C)COCO[C@@H]3CC[C@@]2(C)[C@@H]1C/C=C1/C(=O)OC[C@H]1O,1714837,CHEMBL865093,CHEMBL2074,Inhibition,,%,,,single protein format,B,Inhibition of alpha glucosidase at 100 uM,Not Active,,CHEMBL1147699,474307,1
CHEMBL206839,C=C1CC[C@@H]2[C@]3(C)COC(CCCCCC)O[C@@H]3CC[C@@]2(C)[C@@H]1C/C=C1/C(=O)OC[C@H]1O,1714850,CHEMBL865093,CHEMBL2074,Inhibition,20.1,%,,=,single protein format,B,Inhibition of alpha glucosidase at 100 uM,,,CHEMBL1147699,474310,1
CHEMBL205969,C[C@]1(CO)[C@H]2CC[C@@]3(CO3)[C@@H](/C=C/C3=C/C(=C/C=C/c4ccccc4)OC3=O)[C@]2(C)CC[C@H]1O,1714851,CHEMBL865093,CHEMBL2074,Inhibition,49.2,%,,=,single protein format,B,Inhibition of alpha glucosidase at 100 uM,,,CHEMBL1147699,474333,1
CHEMBL205155,COc1ccc(/C=C2/C=C(/C=C/[C@@H]3[C@@]4(CC[C@@H]5[C@](C)(CO)[C@H](O)CC[C@]53C)CO4)C(=O)O2)cc1,1714852,CHEMBL865093,CHEMBL2074,Inhibition,37.7,%,,=,single protein format,B,Inhibition of alpha glucosidase at 100 uM,,,CHEMBL1147699,474332,1
CHEMBL209093,C=C1CC[C@@H]2[C@](C)(CO)[C@H](O)CC[C@@]2(C)[C@@H]1/C=C/C1=C/C(=C/C=C/c2ccccc2)OC1=O,1714853,CHEMBL865093,CHEMBL2074,Inhibition,84.3,%,,=,single protein format,B,Inhibition of alpha glucosidase at 100 uM,,,CHEMBL1147699,474329,1
CHEMBL377520,C=C1CC[C@@H]2[C@](C)(CO)[C@H](O)CC[C@@]2(C)[C@@H]1/C=C/C1=C/C(=C/c2ccc(OC)cc2)OC1=O,1714854,CHEMBL865093,CHEMBL2074,Inhibition,100,%,,=,single protein format,B,Inhibition of alpha glucosidase at 100 uM,,,CHEMBL1147699,474328,1
CHEMBL207747,C=C1CC[C@@H]2[C@](C)(CO)[C@H](O)CC[C@@]2(C)[C@@H]1/C=C/C1=C/C(=C/c2cccc(Br)c2)OC1=O,1714855,CHEMBL865093,CHEMBL2074,Inhibition,16.7,%,,=,single protein format,B,Inhibition of alpha glucosidase at 100 uM,,,CHEMBL1147699,474327,1
CHEMBL206309,C=C1CC[C@@H]2[C@](C)(CO)[C@H](O)CC[C@@]2(C)[C@@H]1/C=C/C1=C/C(=C/CCC)OC1=O,1714856,CHEMBL865093,CHEMBL2074,Inhibition,43.5,%,,=,single protein format,B,Inhibition of alpha glucosidase at 100 uM,,,CHEMBL1147699,474323,1
CHEMBL205812,C=C1CC[C@@H]2[C@](C)(CO)[C@H](O)CC[C@@]2(C)[C@@H]1/C=C/C1=CC(=C(C)C)OC1=O,1714857,CHEMBL865093,CHEMBL2074,Inhibition,17.1,%,,=,single protein format,B,Inhibition of alpha glucosidase at 100 uM,,,CHEMBL1147699,474322,1
CHEMBL205153,C=C1CC[C@@H]2[C@](C)(CO)[C@H](O)CC[C@@]2(C)[C@@H]1/C=C/C1=C/C(=C/C)OC1=O,1714858,CHEMBL865093,CHEMBL2074,Inhibition,15.1,%,,=,single protein format,B,Inhibition of alpha glucosidase at 100 uM,,,CHEMBL1147699,474321,1
CHEMBL361796,C=C1CC[C@@H]2[C@](C)(CO)[C@H](O)CC[C@@]2(C)[C@@H]1CCC1C(=O)OC[C@H]1O,1714859,CHEMBL865093,CHEMBL2074,Inhibition,34.2,%,,=,single protein format,B,Inhibition of alpha glucosidase at 100 uM,,,CHEMBL1147699,474319,1
CHEMBL361568,C=C1CC[C@@H]2[C@](C)(CO)[C@H](O)CC[C@@]2(C)[C@@H]1/C=C/C1=CCOC1=O,1714860,CHEMBL865093,CHEMBL2074,Inhibition,16.5,%,,=,single protein format,B,Inhibition of alpha glucosidase at 100 uM,,,CHEMBL1147699,474318,1
CHEMBL207963,C=C1CC[C@@H]2[C@]3(C)COC(c4cc(OC)c(OC)cc4OC)O[C@@H]3CC[C@@]2(C)[C@@H]1C/C=C1/C(=O)OC[C@H]1O,1714861,CHEMBL865093,CHEMBL2074,Inhibition,14.5,%,,=,single protein format,B,Inhibition of alpha glucosidase at 100 uM,,,CHEMBL1147699,474317,1
CHEMBL208244,C=C1CC[C@@H]2[C@]3(C)COC(c4ccc(OC)cc4)O[C@@H]3CC[C@@]2(C)[C@@H]1C/C=C1/C(=O)OC[C@H]1O,1714862,CHEMBL865093,CHEMBL2074,Inhibition,13.2,%,,=,single protein format,B,Inhibition of alpha glucosidase at 100 uM,,,CHEMBL1147699,474316,1
CHEMBL208058,C=C1CC[C@@H]2[C@]3(C)COC(c4ccccc4OC)O[C@@H]3CC[C@@]2(C)[C@@H]1C/C=C1/C(=O)OC[C@H]1O,1714863,CHEMBL865093,CHEMBL2074,Inhibition,5.5,%,,=,single protein format,B,Inhibition of alpha glucosidase at 100 uM,,,CHEMBL1147699,474315,1
CHEMBL207762,C=C1CC[C@@H]2[C@]3(C)COC(c4ccc(F)cc4)O[C@@H]3CC[C@@]2(C)[C@@H]1C/C=C1/C(=O)OC[C@H]1O,1714864,CHEMBL865093,CHEMBL2074,Inhibition,26.2,%,,=,single protein format,B,Inhibition of alpha glucosidase at 100 uM,,,CHEMBL1147699,474313,1
CHEMBL379280,C=C1CC[C@@H]2[C@]3(C)COC(c4cccc(Br)c4)O[C@@H]3CC[C@@]2(C)[C@@H]1C/C=C1/C(=O)OC[C@H]1O,1714865,CHEMBL865093,CHEMBL2074,Inhibition,49.6,%,,=,single protein format,B,Inhibition of alpha glucosidase at 100 uM,,,CHEMBL1147699,474312,1
CHEMBL380336,C=C1CC[C@@H]2[C@]3(C)COC(c4ccccc4)O[C@@H]3CC[C@@]2(C)[C@@H]1C/C=C1/C(=O)OC[C@H]1O,1714866,CHEMBL865093,CHEMBL2074,Inhibition,48.9,%,,=,single protein format,B,Inhibition of alpha glucosidase at 100 uM,,,CHEMBL1147699,474311,1
CHEMBL380336,C=C1CC[C@@H]2[C@]3(C)COC(c4ccccc4)O[C@@H]3CC[C@@]2(C)[C@@H]1C/C=C1/C(=O)OC[C@H]1O,1714883,CHEMBL865094,CHEMBL2074,IC50,101000,nM,,=,single protein format,B,Inhibition of alpha glucosidase,,Outside typical range,CHEMBL1147699,474311,1
CHEMBL205969,C[C@]1(CO)[C@H]2CC[C@@]3(CO3)[C@@H](/C=C/C3=C/C(=C/C=C/c4ccccc4)OC3=O)[C@]2(C)CC[C@H]1O,1714884,CHEMBL865094,CHEMBL2074,IC50,101000,nM,,=,single protein format,B,Inhibition of alpha glucosidase,,Outside typical range,CHEMBL1147699,474333,1
CHEMBL205155,COc1ccc(/C=C2/C=C(/C=C/[C@@H]3[C@@]4(CC[C@@H]5[C@](C)(CO)[C@H](O)CC[C@]53C)CO4)C(=O)O2)cc1,1714885,CHEMBL865094,CHEMBL2074,IC50,120000,nM,,=,single protein format,B,Inhibition of alpha glucosidase,,Outside typical range,CHEMBL1147699,474332,1
CHEMBL209093,C=C1CC[C@@H]2[C@](C)(CO)[C@H](O)CC[C@@]2(C)[C@@H]1/C=C/C1=C/C(=C/C=C/c2ccccc2)OC1=O,1714886,CHEMBL865094,CHEMBL2074,IC50,58000,nM,4.24,=,single protein format,B,Inhibition of alpha glucosidase,,,CHEMBL1147699,474329,1
CHEMBL377520,C=C1CC[C@@H]2[C@](C)(CO)[C@H](O)CC[C@@]2(C)[C@@H]1/C=C/C1=C/C(=C/c2ccc(OC)cc2)OC1=O,1714887,CHEMBL865094,CHEMBL2074,IC50,16000,nM,4.8,=,single protein format,B,Inhibition of alpha glucosidase,,,CHEMBL1147699,474328,1
CHEMBL206309,C=C1CC[C@@H]2[C@](C)(CO)[C@H](O)CC[C@@]2(C)[C@@H]1/C=C/C1=C/C(=C/CCC)OC1=O,1714888,CHEMBL865094,CHEMBL2074,IC50,110000,nM,,=,single protein format,B,Inhibition of alpha glucosidase,,Outside typical range,CHEMBL1147699,474323,1
CHEMBL379280,C=C1CC[C@@H]2[C@]3(C)COC(c4cccc(Br)c4)O[C@@H]3CC[C@@]2(C)[C@@H]1C/C=C1/C(=O)OC[C@H]1O,1714889,CHEMBL865094,CHEMBL2074,IC50,100000,nM,4,=,single protein format,B,Inhibition of alpha glucosidase,,,CHEMBL1147699,474312,1
CHEMBL222170,CC(=O)OC1=CC2=C(COC2=O)[C@@]2(C)CCCC(C)(C)[C@H]12,1817824,CHEMBL856853,CHEMBL2074,Activity,,,,,single protein format,B,Inhibition of alpha-glucosidase in 1.20 mg/200 uL,Not Active,,CHEMBL1141413,625335,1
CHEMBL218539,CC(=O)O[C@@H]1[C@@H](O[C@H]2O[C@@H]3O[C@H](C4=C[C@@H](OC(C)=O)[C@H]5C(C)(C)CCC[C@]5(C)[C@@]4(O)C=O)O[C@@]34C2=C[C@@H](OC(C)=O)[C@H]2C(C)(C)CCC[C@@]24C)C2=C(C(=O)OC2)[C@@]2(C)CCCC(C)(C)[C@H]12,1817825,CHEMBL856853,CHEMBL2074,Activity,,,,,single protein format,B,Inhibition of alpha-glucosidase in 1.20 mg/200 uL,Not Active,,CHEMBL1141413,625347,1
CHEMBL218039,CC(=O)O[C@@H]1C=C([C@@H]2O[C@@H]3O[C@H](O)C4=C[C@@H](OC(C)=O)[C@H]5C(C)(C)CCC[C@]5(C)[C@]43O2)[C@](O)(C=O)[C@@]2(C)CCCC(C)(C)[C@H]12,1817826,CHEMBL856853,CHEMBL2074,Activity,,,,,single protein format,B,Inhibition of alpha-glucosidase in 1.20 mg/200 uL,Not Active,,CHEMBL1141413,625345,1
CHEMBL121305,CC(C)=CCC/C(C)=C/CC/C(C)=C/CC[C@]1(C)CCc2cc(O)cc(C)c2O1,1817827,CHEMBL856853,CHEMBL2074,Activity,,,,,single protein format,B,Inhibition of alpha-glucosidase in 1.20 mg/200 uL,Not Active,,CHEMBL1141413,625344,1
CHEMBL218100,CC1(C)CCC[C@]2(C)[C@H](C=O)C(C=O)=CC[C@@H]12,1817828,CHEMBL856853,CHEMBL2074,Activity,,,,,single protein format,B,Inhibition of alpha-glucosidase in 1.20 mg/200 uL,Not Active,,CHEMBL1141413,625343,1
CHEMBL218666,CC1(C)CCC[C@]2(C)[C@H]3COC(=O)C3=CC[C@@H]12,1817829,CHEMBL856853,CHEMBL2074,Activity,,,,,single protein format,B,Inhibition of alpha-glucosidase in 1.20 mg/200 uL,Not Active,,CHEMBL1141413,625342,1
CHEMBL385842,CC1(C)CCC[C@]2(C)C3=C(C=C[C@@H]12)C(=O)OC3,1817830,CHEMBL856853,CHEMBL2074,Activity,,,,,single protein format,B,Inhibition of alpha-glucosidase in 1.20 mg/200 uL,Not Active,,CHEMBL1141413,625339,1
CHEMBL265860,CC(=O)O[C@@H]1C=C2C3OC4OC5OC(O[C@@]24[C@@]2(C)CCCC(C)(C)[C@H]12)C1=C[C@@H](OC(C)=O)[C@H]2C(C)(C)CCC[C@]2(C)[C@]15O3,1817831,CHEMBL856853,CHEMBL2074,Activity,,,,,single protein format,B,Inhibition of alpha-glucosidase in 1.20 mg/200 uL,Not Active,,CHEMBL1141413,625338,1
CHEMBL437333,CC(=O)O[C@@H]1[C@H]([C@@H]2C3=C(C(=O)OC3)[C@@]3(C)CCCC(C)(C)[C@@H]3[C@@H]2OC(C)=O)C2=C(C(=O)OC2)[C@@]2(C)CCCC(C)(C)[C@H]12,1817832,CHEMBL856853,CHEMBL2074,Activity,,,,,single protein format,B,Inhibition of alpha-glucosidase in 1.20 mg/200 uL,Not Active,,CHEMBL1141413,625337,1
CHEMBL221384,CC1=C(C(=O)O)C(=O)C2=C3[C@@](C)(CCC[C@]13C)CO2,1817833,CHEMBL856853,CHEMBL2074,Activity,,,,,single protein format,B,Inhibition of alpha-glucosidase in 1.20 mg/200 uL,Not Active,,CHEMBL1141413,625336,1
CHEMBL376261,CC(=O)O[C@@H]1C=C(C2O[C@@H]3OC(O)C4=C[C@@H](OC(C)=O)[C@H]5C(C)(C)CCC[C@]5(C)[C@]43O2)[C@](O)(C=O)[C@@]2(C)CCCC(C)(C)[C@H]12,1817834,CHEMBL856853,CHEMBL2074,Inhibition,89.4,%,,=,single protein format,B,Inhibition of alpha-glucosidase in 1.20 mg/200 uL,,,CHEMBL1141413,625340,1
CHEMBL307429,OC[C@H]1NC[C@H](O)[C@@H](O)[C@@H]1O,1817835,CHEMBL856853,CHEMBL2074,Inhibition,100,%,,=,single protein format,B,Inhibition of alpha-glucosidase in 1.20 mg/200 uL,,,CHEMBL1141413,625348,1
CHEMBL385716,COC1O[C@H]2O[C@H](C3=C[C@@H](OC(C)=O)[C@H]4C(C)(C)CCC[C@]4(C)[C@@]3(O)C=O)O[C@@]23C1=C[C@@H](OC(C)=O)[C@H]1C(C)(C)CCC[C@@]13C,1817836,CHEMBL856853,CHEMBL2074,Inhibition,26.5,%,,=,single protein format,B,Inhibition of alpha-glucosidase in 1.20 mg/200 uL,,,CHEMBL1141413,625346,1
CHEMBL373458,CC(=O)O[C@@H]1C=C(C=O)[C@](O)(C=O)[C@@]2(C)CCCC(C)(C)[C@H]12,1817837,CHEMBL856853,CHEMBL2074,Inhibition,78.2,%,,=,single protein format,B,Inhibition of alpha-glucosidase in 1.20 mg/200 uL,,,CHEMBL1141413,625341,1
CHEMBL361796,C=C1CC[C@@H]2[C@](C)(CO)[C@H](O)CC[C@@]2(C)[C@@H]1CCC1C(=O)OC[C@H]1O,2028488,CHEMBL886165,CHEMBL2074,Inhibition,34,%,,=,single protein format,B,Inhibition of alpha-glucosidase at 100 uM,,,CHEMBL1139933,673655,1
CHEMBL394049,C=C1CC[C@@H]2[C@](C)(COC(=O)c3cccnc3)[C@H](OC(=O)c3cccnc3)CC[C@@]2(C)[C@@H]1/C=C/C1=C/C(=C\c2ccc(OC)cc2)OC1=O,2028489,CHEMBL886165,CHEMBL2074,Inhibition,100,%,,=,single protein format,B,Inhibition of alpha-glucosidase at 100 uM,,,CHEMBL1139933,673677,1
CHEMBL240080,C=C1CC[C@@H]2[C@](C)(COC(=O)c3cccnc3)[C@H](OC(=O)c3cccnc3)CC[C@@]2(C)[C@@H]1/C=C/C1=C/C(=C/c2ccco2)OC1=O,2028490,CHEMBL886165,CHEMBL2074,Inhibition,95.9,%,,=,single protein format,B,Inhibition of alpha-glucosidase at 100 uM,,,CHEMBL1139933,673676,1
CHEMBL437564,C=C1CC[C@@H]2[C@](C)(COC(=O)c3cccnc3)[C@H](OC(=O)c3cccnc3)CC[C@@]2(C)[C@@H]1/C=C/C1=C/C(=C\c2ccc(N(C)C)cc2)OC1=O,2028491,CHEMBL886165,CHEMBL2074,Inhibition,74.8,%,,=,single protein format,B,Inhibition of alpha-glucosidase at 100 uM,,,CHEMBL1139933,673675,1
CHEMBL396679,C=C1CC[C@@H]2[C@](C)(COC(=O)c3cccnc3)[C@H](OC(=O)c3cccnc3)CC[C@@]2(C)[C@@H]1/C=C/C1=C/C(=C\c2cccc(Br)c2)OC1=O,2028492,CHEMBL886165,CHEMBL2074,Inhibition,100,%,,=,single protein format,B,Inhibition of alpha-glucosidase at 100 uM,,,CHEMBL1139933,673674,1
CHEMBL394682,C=C1CC[C@@H]2[C@](C)(COC(=O)c3cccnc3)[C@H](OC(=O)c3cccnc3)CC[C@@]2(C)[C@@H]1/C=C/C1=C/C(=C\c2ccc(Cl)cc2)OC1=O,2028493,CHEMBL886165,CHEMBL2074,Inhibition,100,%,,=,single protein format,B,Inhibition of alpha-glucosidase at 100 uM,,,CHEMBL1139933,673673,1
CHEMBL396678,C=C1CC[C@@H]2[C@](C)(COC(=O)c3cccnc3)[C@H](OC(=O)c3cccnc3)CC[C@@]2(C)[C@@H]1/C=C/C1=C/C(=C\c2ccccc2)OC1=O,2028494,CHEMBL886165,CHEMBL2074,Inhibition,100,%,,=,single protein format,B,Inhibition of alpha-glucosidase at 100 uM,,,CHEMBL1139933,673672,1
CHEMBL396677,C=C1CC[C@@H]2[C@](C)(COC(=O)c3cccnc3)[C@H](OC(=O)c3cccnc3)CC[C@@]2(C)[C@@H]1/C=C/C1=C/C(=C\C(C)=C\CCC/C=C/C)OC1=O,2028495,CHEMBL886165,CHEMBL2074,Inhibition,68.9,%,,=,single protein format,B,Inhibition of alpha-glucosidase at 100 uM,,,CHEMBL1139933,673671,1
CHEMBL241374,C=C1CC[C@@H]2[C@](C)(CO)[C@H](O)CC[C@@]2(C)[C@@H]1/C=C/C1=C/C(=C/c2ccco2)OC1=O,2028496,CHEMBL886165,CHEMBL2074,Inhibition,49.6,%,,=,single protein format,B,Inhibition of alpha-glucosidase at 100 uM,,,CHEMBL1139933,673670,1
CHEMBL398800,C=C1CC[C@@H]2[C@](C)(CO)[C@H](O)CC[C@@]2(C)[C@@H]1/C=C/C1=C/C(=C/c2ccc3c(c2)OCO3)OC1=O,2028497,CHEMBL886165,CHEMBL2074,Inhibition,59.3,%,,=,single protein format,B,Inhibition of alpha-glucosidase at 100 uM,,,CHEMBL1139933,673669,1
CHEMBL377520,C=C1CC[C@@H]2[C@](C)(CO)[C@H](O)CC[C@@]2(C)[C@@H]1/C=C/C1=C/C(=C/c2ccc(OC)cc2)OC1=O,2028498,CHEMBL886165,CHEMBL2074,Inhibition,100,%,,=,single protein format,B,Inhibition of alpha-glucosidase at 100 uM,,,CHEMBL1139933,673668,1
CHEMBL241165,C=C1CC[C@@H]2[C@](C)(CO)[C@H](O)CC[C@@]2(C)[C@@H]1/C=C/C1=C/C(=C/c2ccc(N(C)C)cc2)OC1=O,2028499,CHEMBL886165,CHEMBL2074,Inhibition,60.6,%,,=,single protein format,B,Inhibition of alpha-glucosidase at 100 uM,,,CHEMBL1139933,673667,1
CHEMBL207747,C=C1CC[C@@H]2[C@](C)(CO)[C@H](O)CC[C@@]2(C)[C@@H]1/C=C/C1=C/C(=C/c2cccc(Br)c2)OC1=O,2028500,CHEMBL886165,CHEMBL2074,Inhibition,16.7,%,,=,single protein format,B,Inhibition of alpha-glucosidase at 100 uM,,,CHEMBL1139933,673666,1
CHEMBL241374,C=C1CC[C@@H]2[C@](C)(CO)[C@H](O)CC[C@@]2(C)[C@@H]1/C=C/C1=C/C(=C/c2ccco2)OC1=O,2028501,CHEMBL886166,CHEMBL2074,IC50,100000,nM,4,=,single protein format,B,Inhibition of alpha-glucosidase,,,CHEMBL1139933,673670,1
CHEMBL238604,C=C1CC[C@@H]2[C@](C)(CO)[C@H](O)CC[C@@]2(C)[C@@H]1/C=C/C1=C/C(=C/c2cc(OC)c(OC)cc2OC)OC1=O,2028502,CHEMBL886165,CHEMBL2074,Inhibition,57.8,%,,=,single protein format,B,Inhibition of alpha-glucosidase at 100 uM,,,CHEMBL1139933,673664,1
CHEMBL238604,C=C1CC[C@@H]2[C@](C)(CO)[C@H](O)CC[C@@]2(C)[C@@H]1/C=C/C1=C/C(=C/c2cc(OC)c(OC)cc2OC)OC1=O,2028503,CHEMBL886166,CHEMBL2074,IC50,84000,nM,4.08,=,single protein format,B,Inhibition of alpha-glucosidase,,,CHEMBL1139933,673664,1
CHEMBL238603,C=C1CC[C@@H]2[C@](C)(CO)[C@H](O)CC[C@@]2(C)[C@@H]1/C=C/C1=C/C(=C/c2ccccc2)OC1=O,2028504,CHEMBL886165,CHEMBL2074,Inhibition,84.3,%,,=,single protein format,B,Inhibition of alpha-glucosidase at 100 uM,,,CHEMBL1139933,673662,1
CHEMBL206838,C=C1CC[C@@H]2[C@](C)(CO)[C@H](O)CC[C@@]2(C)[C@@H]1/C=C/C1=C/C(=C/c2ccc(F)cc2)OC1=O,2028505,CHEMBL886165,CHEMBL2074,Activity,,,,,single protein format,B,Inhibition of alpha-glucosidase at 100 uM,Not Active,,CHEMBL1139933,673663,1
CHEMBL205812,C=C1CC[C@@H]2[C@](C)(CO)[C@H](O)CC[C@@]2(C)[C@@H]1/C=C/C1=CC(=C(C)C)OC1=O,2028506,CHEMBL886165,CHEMBL2074,Inhibition,17.1,%,,=,single protein format,B,Inhibition of alpha-glucosidase at 100 uM,,,CHEMBL1139933,673660,1
CHEMBL208244,C=C1CC[C@@H]2[C@]3(C)COC(c4ccc(OC)cc4)O[C@@H]3CC[C@@]2(C)[C@@H]1C/C=C1/C(=O)OC[C@H]1O,2028507,CHEMBL886165,CHEMBL2074,Inhibition,13.2,%,,=,single protein format,B,Inhibition of alpha-glucosidase at 100 uM,,,CHEMBL1139933,673659,1
CHEMBL239474,C=C1CC[C@@H]2[C@]3(C)COCO[C@@H]3CC[C@@]2(C)[C@@H]1CC(O)C1=CCOC1=O,2028508,CHEMBL886165,CHEMBL2074,Inhibition,6.9,%,,=,single protein format,B,Inhibition of alpha-glucosidase at 100 uM,,,CHEMBL1139933,673658,1
CHEMBL361568,C=C1CC[C@@H]2[C@](C)(CO)[C@H](O)CC[C@@]2(C)[C@@H]1/C=C/C1=CCOC1=O,2028509,CHEMBL886165,CHEMBL2074,Inhibition,16.5,%,,=,single protein format,B,Inhibition of alpha-glucosidase at 100 uM,,,CHEMBL1139933,673657,1
CHEMBL361043,C[C@]1(CO)[C@H]2CC[C@@]3(CO3)[C@@H](C/C=C3/C(=O)OC[C@H]3O)[C@]2(C)CC[C@H]1O,2028510,CHEMBL886165,CHEMBL2074,Activity,,,,,single protein format,B,Inhibition of alpha-glucosidase at 100 uM,Not Active,,CHEMBL1139933,673654,1
CHEMBL186141,C=C1CC[C@@H]2[C@](C)(CO)[C@H](O)CC[C@@]2(C)[C@@H]1C/C=C1/C(=O)OC[C@H]1O,2028511,CHEMBL886165,CHEMBL2074,Activity,,,,,single protein format,B,Inhibition of alpha-glucosidase at 100 uM,Not Active,,CHEMBL1139933,673653,1
CHEMBL239473,C=C1CC[C@@H]2[C@](C)(CO)[C@H](O)CC[C@@]2(C)[C@@H]1CCC1CCOC1=O,2028512,CHEMBL886165,CHEMBL2074,Activity,,,,,single protein format,B,Inhibition of alpha-glucosidase at 100 uM,Not Active,,CHEMBL1139933,673656,1
CHEMBL240718,C=C1CC[C@@H]2[C@](C)(CO)[C@H](O)CC[C@@]2(C)[C@@H]1/C=C/C1=C/C(=C\C(C)=C\CCC/C=C/C)OC1=O,2028513,CHEMBL886165,CHEMBL2074,Activity,,,,,single protein format,B,Inhibition of alpha-glucosidase at 100 uM,Not Active,,CHEMBL1139933,673661,1
CHEMBL425056,C=C1CC[C@@H]2[C@](C)(CO)[C@H](O)CC[C@@]2(C)[C@@H]1/C=C/C1=C/C(=C/c2ccc(Cl)cc2)OC1=O,2028514,CHEMBL886165,CHEMBL2074,Activity,,,,,single protein format,B,Inhibition of alpha-glucosidase at 100 uM,Not Active,,CHEMBL1139933,673665,1
CHEMBL398800,C=C1CC[C@@H]2[C@](C)(CO)[C@H](O)CC[C@@]2(C)[C@@H]1/C=C/C1=C/C(=C/c2ccc3c(c2)OCO3)OC1=O,2028515,CHEMBL886166,CHEMBL2074,IC50,82000,nM,4.09,=,single protein format,B,Inhibition of alpha-glucosidase,,,CHEMBL1139933,673669,1
CHEMBL377520,C=C1CC[C@@H]2[C@](C)(CO)[C@H](O)CC[C@@]2(C)[C@@H]1/C=C/C1=C/C(=C/c2ccc(OC)cc2)OC1=O,2028516,CHEMBL886166,CHEMBL2074,IC50,16000,nM,4.8,=,single protein format,B,Inhibition of alpha-glucosidase,,,CHEMBL1139933,673668,1
CHEMBL241165,C=C1CC[C@@H]2[C@](C)(CO)[C@H](O)CC[C@@]2(C)[C@@H]1/C=C/C1=C/C(=C/c2ccc(N(C)C)cc2)OC1=O,2028517,CHEMBL886166,CHEMBL2074,IC50,70000,nM,4.16,=,single protein format,B,Inhibition of alpha-glucosidase,,,CHEMBL1139933,673667,1
CHEMBL394049,C=C1CC[C@@H]2[C@](C)(COC(=O)c3cccnc3)[C@H](OC(=O)c3cccnc3)CC[C@@]2(C)[C@@H]1/C=C/C1=C/C(=C\c2ccc(OC)cc2)OC1=O,2028518,CHEMBL886166,CHEMBL2074,IC50,11000,nM,4.96,=,single protein format,B,Inhibition of alpha-glucosidase,,,CHEMBL1139933,673677,1
CHEMBL240080,C=C1CC[C@@H]2[C@](C)(COC(=O)c3cccnc3)[C@H](OC(=O)c3cccnc3)CC[C@@]2(C)[C@@H]1/C=C/C1=C/C(=C/c2ccco2)OC1=O,2028519,CHEMBL886166,CHEMBL2074,IC50,36000,nM,4.44,=,single protein format,B,Inhibition of alpha-glucosidase,,,CHEMBL1139933,673676,1
CHEMBL437564,C=C1CC[C@@H]2[C@](C)(COC(=O)c3cccnc3)[C@H](OC(=O)c3cccnc3)CC[C@@]2(C)[C@@H]1/C=C/C1=C/C(=C\c2ccc(N(C)C)cc2)OC1=O,2028520,CHEMBL886166,CHEMBL2074,IC50,25000,nM,4.6,=,single protein format,B,Inhibition of alpha-glucosidase,,,CHEMBL1139933,673675,1
CHEMBL396679,C=C1CC[C@@H]2[C@](C)(COC(=O)c3cccnc3)[C@H](OC(=O)c3cccnc3)CC[C@@]2(C)[C@@H]1/C=C/C1=C/C(=C\c2cccc(Br)c2)OC1=O,2028521,CHEMBL886166,CHEMBL2074,IC50,14000,nM,4.85,=,single protein format,B,Inhibition of alpha-glucosidase,,,CHEMBL1139933,673674,1
CHEMBL394682,C=C1CC[C@@H]2[C@](C)(COC(=O)c3cccnc3)[C@H](OC(=O)c3cccnc3)CC[C@@]2(C)[C@@H]1/C=C/C1=C/C(=C\c2ccc(Cl)cc2)OC1=O,2028522,CHEMBL886166,CHEMBL2074,IC50,6000,nM,5.22,=,single protein format,B,Inhibition of alpha-glucosidase,,,CHEMBL1139933,673673,1
CHEMBL396678,C=C1CC[C@@H]2[C@](C)(COC(=O)c3cccnc3)[C@H](OC(=O)c3cccnc3)CC[C@@]2(C)[C@@H]1/C=C/C1=C/C(=C\c2ccccc2)OC1=O,2028523,CHEMBL886166,CHEMBL2074,IC50,16000,nM,4.8,=,single protein format,B,Inhibition of alpha-glucosidase,,,CHEMBL1139933,673672,1
CHEMBL396677,C=C1CC[C@@H]2[C@](C)(COC(=O)c3cccnc3)[C@H](OC(=O)c3cccnc3)CC[C@@]2(C)[C@@H]1/C=C/C1=C/C(=C\C(C)=C\CCC/C=C/C)OC1=O,2028524,CHEMBL886166,CHEMBL2074,IC50,28000,nM,4.55,=,single protein format,B,Inhibition of alpha-glucosidase,,,CHEMBL1139933,673671,1
CHEMBL238603,C=C1CC[C@@H]2[C@](C)(CO)[C@H](O)CC[C@@]2(C)[C@@H]1/C=C/C1=C/C(=C/c2ccccc2)OC1=O,2028525,CHEMBL886166,CHEMBL2074,IC50,58000,nM,4.24,=,single protein format,B,Inhibition of alpha-glucosidase,,,CHEMBL1139933,673662,1
CHEMBL404271,C[C@H]1O[C@H](O[C@H]2[C@H](O)[C@@H](O)[C@@H](O[C@H]3[C@H](O)[C@@H](O)C(O)O[C@@H]3CO)O[C@@H]2CO)[C@H](O)[C@@H](O)[C@@H]1N[C@H]1C=C(CO)[C@@H](O)[C@H](O)[C@H]1O,2028526,CHEMBL886167,CHEMBL2074,Inhibition,56.5,%,,=,single protein format,B,Inhibition of alpha-glucosidase at 1 mM,,,CHEMBL1139933,673678,1
CHEMBL8260,O=c1cc(-c2ccccc2)oc2cc(O)c(O)c(O)c12,2325303,CHEMBL997401,CHEMBL2074,Activity,,,,,single protein format,B,Inhibition of human intestinal alpha-glucosidase,Active,,CHEMBL1151315,787617,1
CHEMBL482750,CSc1c(C#N)c(N)c(C#N)c(-c2ccccc2)c1-c1ccccc1,2416849,CHEMBL976166,CHEMBL2074,Inhibition,10.5,%,,=,single protein format,B,Inhibition of alpha-glucosidase at 100 uM,,,CHEMBL1153999,808948,1
CHEMBL482965,COc1ccc(-c2c(C#N)c(N)c(C#N)c(SC)c2-c2ccccc2)cc1,2416850,CHEMBL976166,CHEMBL2074,Inhibition,5.7,%,,=,single protein format,B,Inhibition of alpha-glucosidase at 100 uM,,,CHEMBL1153999,809020,1
CHEMBL521291,COc1ccc(-c2c(C#N)c(N)c(C#N)c(SC)c2-c2ccc(F)cc2)c(OC)c1,2416851,CHEMBL976166,CHEMBL2074,Inhibition,79,%,,=,single protein format,B,Inhibition of alpha-glucosidase at 100 uM,,,CHEMBL1153999,809021,1
CHEMBL482966,COc1ccc(-c2c(C#N)c(N)c(C#N)c(SC)c2-c2ccc(OC)cc2)cc1,2416852,CHEMBL976166,CHEMBL2074,Inhibition,14.4,%,,=,single protein format,B,Inhibition of alpha-glucosidase at 100 uM,,,CHEMBL1153999,809022,1
CHEMBL483755,COc1ccc(-c2c(C#N)c(N)c(C#N)c(SC)c2-c2ccc(OC)c(OC)c2)cc1,2416853,CHEMBL976166,CHEMBL2074,Inhibition,25.9,%,,=,single protein format,B,Inhibition of alpha-glucosidase at 100 uM,,,CHEMBL1153999,809023,1
CHEMBL483947,COc1ccc(-c2c(C#N)c(N)c(C#N)c(SC)c2-c2ccc(F)cc2)cc1,2416854,CHEMBL976166,CHEMBL2074,Inhibition,13.4,%,,=,single protein format,B,Inhibition of alpha-glucosidase at 100 uM,,,CHEMBL1153999,809024,1
CHEMBL208539,CSc1c(C#N)c(N)c(C#N)c(C)c1-c1ccccc1F,2416855,CHEMBL976166,CHEMBL2074,Inhibition,,%,,,single protein format,B,Inhibition of alpha-glucosidase at 100 uM,Not Active,,CHEMBL1153999,809098,1
CHEMBL208032,CSc1c(C#N)c(N)c(C#N)c(C)c1-c1ccc(F)cc1,2416856,CHEMBL976166,CHEMBL2074,Inhibition,17.3,%,,=,single protein format,B,Inhibition of alpha-glucosidase at 100 uM,,,CHEMBL1153999,809099,1
CHEMBL441681,CSc1c(C#N)c(N)c(C#N)c(C)c1-c1ccc(C(F)(F)F)cc1,2416857,CHEMBL976166,CHEMBL2074,Inhibition,22.1,%,,=,single protein format,B,Inhibition of alpha-glucosidase at 100 uM,,,CHEMBL1153999,809100,1
CHEMBL378056,COc1ccc(-c2c(C)c(C#N)c(N)c(C#N)c2SC)c(OC)c1,2416858,CHEMBL976166,CHEMBL2074,Inhibition,10.5,%,,=,single protein format,B,Inhibition of alpha-glucosidase at 100 uM,,,CHEMBL1153999,809101,1
CHEMBL207270,COc1ccc(-c2c(C)c(C#N)c(N)c(C#N)c2SC)cc1OC,2416859,CHEMBL976166,CHEMBL2074,Inhibition,6.7,%,,=,single protein format,B,Inhibition of alpha-glucosidase at 100 uM,,,CHEMBL1153999,809102,1
CHEMBL520457,CSc1c(C#N)c(N)c(C#N)c(Cc2ccccc2)c1-c1ccccc1,2416860,CHEMBL976166,CHEMBL2074,Inhibition,,%,,,single protein format,B,Inhibition of alpha-glucosidase at 100 uM,Not Determined,,CHEMBL1153999,809103,1
CHEMBL208445,CSc1c(C)c(-c2ccccc2)c(C#N)c(N)c1C#N,2416861,CHEMBL976166,CHEMBL2074,Inhibition,6.7,%,,=,single protein format,B,Inhibition of alpha-glucosidase at 100 uM,,,CHEMBL1153999,809188,1
CHEMBL207835,CSc1c(C)c(-c2ccc(Cl)cc2)c(C#N)c(N)c1C#N,2416862,CHEMBL976166,CHEMBL2074,Inhibition,6.7,%,,=,single protein format,B,Inhibition of alpha-glucosidase at 100 uM,,,CHEMBL1153999,809189,1
CHEMBL381130,COc1ccc(-c2c(C)c(SC)c(C#N)c(N)c2C#N)cc1,2416863,CHEMBL976166,CHEMBL2074,Inhibition,17.3,%,,=,single protein format,B,Inhibition of alpha-glucosidase at 100 uM,,,CHEMBL1153999,809190,1
CHEMBL201308,Cc1c(-c2ccccc2)c(C#N)c(N)c(C#N)c1N1CCCCC1,2416864,CHEMBL976166,CHEMBL2074,Inhibition,,%,,,single protein format,B,Inhibition of alpha-glucosidase at 100 uM,Not Determined,,CHEMBL1153999,809191,1
CHEMBL216771,Cc1c(-c2ccccc2)c(C#N)c(N)c(C#N)c1N1CCC(C)CC1,2416865,CHEMBL976166,CHEMBL2074,Inhibition,,%,,,single protein format,B,Inhibition of alpha-glucosidase at 100 uM,Not Determined,,CHEMBL1153999,809192,1
CHEMBL485020,COc1ccc(-c2c(C)c(N3CCCCC3)c(C#N)c(N)c2C#N)cc1,2416866,CHEMBL976166,CHEMBL2074,Inhibition,,%,,,single protein format,B,Inhibition of alpha-glucosidase at 100 uM,Not Determined,,CHEMBL1153999,809193,1
CHEMBL470042,C=C1C[C@H]2[C@@](C)(C(=O)C(O)=C3C(C)(C)C(=O)CC[C@@]32C)[C@@H]2C(=O)O[C@@](C)(C(=O)OC)C(=O)[C@@]12C,2542210,CHEMBL1007704,CHEMBL2074,IC50,100,ug.mL-1,,>,single protein format,B,Inhibition of maltase,,Outside typical range,CHEMBL1141779,713544,1
CHEMBL470039,COc1cc(-c2cc3c(c(=O)o2)C[C@]2(O)[C@@]4(C)C(=O)C=CC(C)(C)[C@]4(O)CC[C@@]2(C)O3)cc2c1OCO2,2542211,CHEMBL1007704,CHEMBL2074,IC50,100,ug.mL-1,,>,single protein format,B,Inhibition of maltase,,Outside typical range,CHEMBL1141779,713567,1
CHEMBL511953,C=C1C[C@]2(O)[C@@]3(C)CCC(=O)C(C)(C)C3=C(O)C(=O)[C@@]2(C)[C@@H]2C(=O)O[C@@](C)(C(=O)OC)C(=O)[C@@]12C,2542212,CHEMBL1007704,CHEMBL2074,IC50,100,ug.mL-1,,>,single protein format,B,Inhibition of maltase,,Outside typical range,CHEMBL1141779,713545,1
CHEMBL307429,OC[C@H]1NC[C@H](O)[C@@H](O)[C@@H]1O,3204041,CHEMBL1099881,CHEMBL2074,IC50,2000,nM,5.7,=,single protein format,B,Inhibition of maltase by HPLC,,,CHEMBL1154826,893006,1
CHEMBL1561,OCCN1C[C@H](O)[C@@H](O)[C@H](O)[C@H]1CO,3204042,CHEMBL1099881,CHEMBL2074,IC50,6000,nM,5.22,=,single protein format,B,Inhibition of maltase by HPLC,,,CHEMBL1154826,893007,1
CHEMBL1029,CCCCN1C[C@H](O)[C@@H](O)[C@H](O)[C@H]1CO,3204043,CHEMBL1099881,CHEMBL2074,IC50,9000,nM,5.05,=,single protein format,B,Inhibition of maltase by HPLC,,,CHEMBL1154826,893008,1
CHEMBL574645,OC[C@@H]1[C@@H](O)[C@H](O)[C@@H](O)CN1CCCCCOCC12CC3CC(CC(C3)C1)C2,3204044,CHEMBL1099881,CHEMBL2074,IC50,4000,nM,5.4,=,single protein format,B,Inhibition of maltase by HPLC,,,CHEMBL1154826,893009,1
CHEMBL175901,OC[C@@H]1NC[C@H](O)[C@@H](O)[C@@H]1O,3204045,CHEMBL1099881,CHEMBL2074,IC50,1000000,nM,,>,single protein format,B,Inhibition of maltase by HPLC,,Outside typical range,CHEMBL1154826,893010,1
CHEMBL1076754,CCCCN1C[C@H](O)[C@@H](O)[C@H](O)[C@@H]1CO,3204046,CHEMBL1099881,CHEMBL2074,IC50,1000000,nM,,>,single protein format,B,Inhibition of maltase by HPLC,,Outside typical range,CHEMBL1154826,893011,1
CHEMBL1086996,OC[C@H]1[C@@H](O)[C@H](O)[C@@H](O)CN1CCCCCOCC12CC3CC(CC(C3)C1)C2,3204047,CHEMBL1099881,CHEMBL2074,IC50,1000000,nM,,=,single protein format,B,Inhibition of maltase by HPLC,,Outside typical range,CHEMBL1154826,893121,1
CHEMBL110458,OC[C@H]1NC[C@H](O)[C@@H](O)[C@H]1O,3204048,CHEMBL1099881,CHEMBL2074,IC50,1500,nM,5.82,=,single protein format,B,Inhibition of maltase by HPLC,,,CHEMBL1154826,893122,1
CHEMBL1086997,CCCCN1C[C@H](O)[C@@H](O)[C@@H](O)[C@H]1CO,3204049,CHEMBL1099881,CHEMBL2074,IC50,10000,nM,5,=,single protein format,B,Inhibition of maltase by HPLC,,,CHEMBL1154826,893123,1
CHEMBL1088158,OC[C@@H]1[C@H](O)[C@H](O)[C@@H](O)CN1CCCCCOCC12CC3CC(CC(C3)C1)C2,3204050,CHEMBL1099881,CHEMBL2074,IC50,15000,nM,4.82,=,single protein format,B,Inhibition of maltase by HPLC,,,CHEMBL1154826,893124,1
CHEMBL179409,OC[C@@H]1NC[C@H](O)[C@@H](O)[C@H]1O,3204051,CHEMBL1099881,CHEMBL2074,IC50,1000000,nM,,>,single protein format,B,Inhibition of maltase by HPLC,,Outside typical range,CHEMBL1154826,893125,1
CHEMBL1088291,CCCCN1C[C@H](O)[C@@H](O)[C@@H](O)[C@@H]1CO,3204052,CHEMBL1099881,CHEMBL2074,IC50,1000000,nM,,>,single protein format,B,Inhibition of maltase by HPLC,,Outside typical range,CHEMBL1154826,893126,1
CHEMBL1088292,OC[C@H]1[C@H](O)[C@H](O)[C@@H](O)CN1CCCCCOCC12CC3CC(CC(C3)C1)C2,3204053,CHEMBL1099881,CHEMBL2074,IC50,1000000,nM,,>,single protein format,B,Inhibition of maltase by HPLC,,Outside typical range,CHEMBL1154826,893127,1
CHEMBL1077922,Cc1cc(=O)oc2c3c(ccc12)OCC(CO)(CN1CCOCC1)C3=O,3221100,CHEMBL1109324,CHEMBL2074,Inhibition,34.3,%,,=,single protein format,B,Inhibition of alpha-glucosidase at 100 uM,,,CHEMBL1154339,896516,1
CHEMBL1081672,Cc1cc(=O)oc2c3c(ccc12)OCC(CO)(CN1CCCCC1)C3=O,3221101,CHEMBL1109324,CHEMBL2074,Inhibition,37.3,%,,=,single protein format,B,Inhibition of alpha-glucosidase at 100 uM,,,CHEMBL1154339,896517,1
CHEMBL1080948,Cc1cc(=O)oc2c3c(ccc12)OCC(CO)(CN1CCCC1)C3=O,3221102,CHEMBL1109324,CHEMBL2074,Inhibition,22.1,%,,=,single protein format,B,Inhibition of alpha-glucosidase at 100 uM,,,CHEMBL1154339,896603,1
CHEMBL1080949,CCOCC1(CN2CCOCC2)COc2ccc3c(C)cc(=O)oc3c2C1=O,3221103,CHEMBL1109324,CHEMBL2074,Inhibition,,%,,,single protein format,B,Inhibition of alpha-glucosidase at 100 uM,Not Active,,CHEMBL1154339,896604,1
CHEMBL1080227,CCOCC1(CN2CCCCC2)COc2ccc3c(C)cc(=O)oc3c2C1=O,3221104,CHEMBL1109324,CHEMBL2074,Inhibition,,%,,,single protein format,B,Inhibition of alpha-glucosidase at 100 uM,Not Active,,CHEMBL1154339,896605,1
CHEMBL1080228,CCOCC1(CN2CCCC2)COc2ccc3c(C)cc(=O)oc3c2C1=O,3221105,CHEMBL1109324,CHEMBL2074,Inhibition,12,%,,=,single protein format,B,Inhibition of alpha-glucosidase at 100 uM,,,CHEMBL1154339,896606,1
CHEMBL1080229,CCOCC1(CN(CC)CC)COc2ccc3c(C)cc(=O)oc3c2C1=O,3221106,CHEMBL1109324,CHEMBL2074,Inhibition,,%,,,single protein format,B,Inhibition of alpha-glucosidase at 100 uM,Not Active,,CHEMBL1154339,896607,1
CHEMBL1082094,CCCCN(CCCC)CC1(COCC)COc2ccc3c(C)cc(=O)oc3c2C1=O,3221107,CHEMBL1109324,CHEMBL2074,Inhibition,27.9,%,,=,single protein format,B,Inhibition of alpha-glucosidase at 100 uM,,,CHEMBL1154339,890449,1
CHEMBL1076247,CCOCC1(CN2CCN(C)CC2)COc2ccc3c(C)cc(=O)oc3c2C1=O,3221108,CHEMBL1109324,CHEMBL2074,Inhibition,,%,,,single protein format,B,Inhibition of alpha-glucosidase at 100 uM,Not Active,,CHEMBL1154339,890450,1
CHEMBL1079387,CCOCC1(CN2CCN(c3ccccc3)CC2)COc2ccc3c(C)cc(=O)oc3c2C1=O,3221109,CHEMBL1109324,CHEMBL2074,Inhibition,16.2,%,,=,single protein format,B,Inhibition of alpha-glucosidase at 100 uM,,,CHEMBL1154339,890451,1
CHEMBL1081369,CCOCC1(CN2CCN(c3ccccn3)CC2)COc2ccc3c(C)cc(=O)oc3c2C1=O,3221110,CHEMBL1109324,CHEMBL2074,Inhibition,11.3,%,,=,single protein format,B,Inhibition of alpha-glucosidase at 100 uM,,,CHEMBL1154339,890452,1
CHEMBL1080641,Cc1cc(=O)oc2c3c(ccc12)OCC(CN1CCOCC1)(CN1CCOCC1)C3=O,3221111,CHEMBL1109324,CHEMBL2074,Inhibition,8.3,%,,=,single protein format,B,Inhibition of alpha-glucosidase at 100 uM,,,CHEMBL1154339,890532,1
CHEMBL1080642,Cc1cc(=O)oc2c3c(ccc12)OCC(CN1CCCCC1)(CN1CCCCC1)C3=O,3221112,CHEMBL1109324,CHEMBL2074,Inhibition,7.3,%,,=,single protein format,B,Inhibition of alpha-glucosidase at 100 uM,,,CHEMBL1154339,890533,1
CHEMBL1079574,Cc1cc(=O)oc2c3c(ccc12)OCC(CN1CCCC1)(CN1CCCC1)C3=O,3221113,CHEMBL1109324,CHEMBL2074,Inhibition,,%,,,single protein format,B,Inhibition of alpha-glucosidase at 100 uM,Not Active,,CHEMBL1154339,890534,1
CHEMBL1079575,CCN(CC)CC1(CN2CCCCC2)COc2ccc3c(C)cc(=O)oc3c2C1=O,3221114,CHEMBL1109324,CHEMBL2074,Inhibition,8.5,%,,=,single protein format,B,Inhibition of alpha-glucosidase at 100 uM,,,CHEMBL1154339,890535,1
CHEMBL1079926,CCCCN(CCCC)CC1(CN(CCCC)CCCC)COc2ccc3c(C)cc(=O)oc3c2C1=O,3221115,CHEMBL1109324,CHEMBL2074,Inhibition,,%,,,single protein format,B,Inhibition of alpha-glucosidase at 100 uM,Not Active,,CHEMBL1154339,890614,1
CHEMBL1081742,Cc1cc(=O)oc2c3c(ccc12)OCC(CN1CCN(C)CC1)(CN1CCN(C)CC1)C3=O,3221116,CHEMBL1109324,CHEMBL2074,Inhibition,6.4,%,,=,single protein format,B,Inhibition of alpha-glucosidase at 100 uM,,,CHEMBL1154339,890615,1
CHEMBL1076270,Cc1cc(=O)oc2c3c(ccc12)OCC(CN1CCN(c2ccccc2)CC1)(CN1CCN(c2ccccc2)CC1)C3=O,3221117,CHEMBL1109324,CHEMBL2074,Inhibition,15.9,%,,=,single protein format,B,Inhibition of alpha-glucosidase at 100 uM,,,CHEMBL1154339,890616,1
CHEMBL1076271,Cc1cc(=O)oc2c3c(ccc12)OCC(CN1CCN(c2ccccn2)CC1)(CN1CCN(c2ccccn2)CC1)C3=O,3221118,CHEMBL1109324,CHEMBL2074,Inhibition,15.8,%,,=,single protein format,B,Inhibition of alpha-glucosidase at 100 uM,,,CHEMBL1154339,890617,1
CHEMBL1089559,O=S(=O)([O-])O[C@@H]([C@H](O)[C@H](O)[C@H](O)CO)[C@H](O)C[S+]1C[C@@H](O)[C@H](O)[C@H]1CO,3263971,CHEMBL1112641,CHEMBL2074,Ki,200,nM,6.7,=,single protein format,B,Inhibition of recombinant human maltase glucoamylase N-terminal catalytic domain,,,CHEMBL1156241,904483,1
CHEMBL1093264,O=S(=O)([O-])O[C@@H]([C@H](O)[C@H](O)[C@@H](O)CO)[C@H](O)C[S+]1C[C@@H](O)[C@H](O)[C@H]1CO,3263972,CHEMBL1112641,CHEMBL2074,Ki,190,nM,6.72,=,single protein format,B,Inhibition of recombinant human maltase glucoamylase N-terminal catalytic domain,,,CHEMBL1156241,904484,1
CHEMBL1093524,O=S(=O)([O-])O[C@@H]([C@H](O)[C@@H](O)[C@@H](O)CO)[C@H](O)C[S+]1C[C@@H](O)[C@H](O)[C@H]1CO,3263973,CHEMBL1112641,CHEMBL2074,Ki,100,nM,7,=,single protein format,B,Inhibition of recombinant human maltase glucoamylase N-terminal catalytic domain,,,CHEMBL1156241,904485,1
CHEMBL1093525,O=S(=O)([O-])O[C@@H]([C@H](O)[C@@H](O)[C@H](O)CO)[C@H](O)C[S+]1C[C@@H](O)[C@H](O)[C@H]1CO,3263974,CHEMBL1112641,CHEMBL2074,Ki,130,nM,6.89,=,single protein format,B,Inhibition of recombinant human maltase glucoamylase N-terminal catalytic domain,,,CHEMBL1156241,904486,1
CHEMBL1258528,O=S(=O)([O-])O[C@@H]([C@H](O)[C@@H](O)CO)[C@H](O)C[S@+]1C[C@@H](O)[C@H](O)[C@H]1CO,3500353,CHEMBL1260349,CHEMBL2074,Ki,170,nM,6.77,=,single protein format,B,Inhibition of human recombinant N-terminal domain of maltase-glucoamylase after 60 mins by glucose oxidase assay,,,CHEMBL1255549,963524,1
CHEMBL1258529,OC[C@@H]1[C@@H](O)[C@H](O)C[S@@+]1C[C@@H](O)[C@@H](O)[C@H](O)[C@@H](O)CO.[Cl-],3500354,CHEMBL1260349,CHEMBL2074,Ki,43,nM,7.37,=,single protein format,B,Inhibition of human recombinant N-terminal domain of maltase-glucoamylase after 60 mins by glucose oxidase assay,,,CHEMBL1255549,963525,1
CHEMBL1258643,OC[C@@H](O)[C@@H](O)[C@H](O)[C@H](O)C[S@+]1C[C@@H](O)[C@H](O)[C@H]1CO.[Cl-],3500355,CHEMBL1260349,CHEMBL2074,Ki,15,nM,7.82,=,single protein format,B,Inhibition of human recombinant N-terminal domain of maltase-glucoamylase after 60 mins by glucose oxidase assay,,,CHEMBL1255549,963651,1
CHEMBL1258644,CO[C@@H]([C@H](O)[C@@H](O)CO)[C@H](O)C[S@+]1C[C@@H](O)[C@H](O)[C@H]1CO.[Cl-],3500356,CHEMBL1260349,CHEMBL2074,Ki,500,nM,6.3,=,single protein format,B,Inhibition of human recombinant N-terminal domain of maltase-glucoamylase after 60 mins by glucose oxidase assay,,,CHEMBL1255549,963652,1
CHEMBL1093264,O=S(=O)([O-])O[C@@H]([C@H](O)[C@H](O)[C@@H](O)CO)[C@H](O)C[S+]1C[C@@H](O)[C@H](O)[C@H]1CO,3558641,CHEMBL1286470,CHEMBL2074,Ki,190,nM,6.72,=,single protein format,B,Inhibition of human recombinant N-terminal subunit of maltase-glucoamylase after 60 mins by glucose oxidase assay,,,CHEMBL1275386,971330,1
CHEMBL1561,OCCN1C[C@H](O)[C@@H](O)[C@H](O)[C@H]1CO,3558642,CHEMBL1286470,CHEMBL2074,Ki,1000,nM,6,=,single protein format,B,Inhibition of human recombinant N-terminal subunit of maltase-glucoamylase after 60 mins by glucose oxidase assay,,,CHEMBL1275386,968778,1
CHEMBL1276973,OC[C@@H]1[C@@H](O)[C@H](O)C[S+]1C[C@@H](O)[C@@H](O)[C@H](O)[C@H](O)[C@@H](O)CO.[Cl-],3558643,CHEMBL1286470,CHEMBL2074,Ki,30,nM,7.52,=,single protein format,B,Inhibition of human recombinant N-terminal subunit of maltase-glucoamylase after 60 mins by glucose oxidase assay,,,CHEMBL1275386,971331,1
CHEMBL1208974,O=S(=O)([O-])O[C@@H](CO)[C@H](O)C[S@+]1C[C@@H](O)[C@H](O)[C@H]1CO,3558644,CHEMBL1286470,CHEMBL2074,Ki,1000,nM,6,=,single protein format,B,Inhibition of human recombinant N-terminal subunit of maltase-glucoamylase after 60 mins by glucose oxidase assay,,,CHEMBL1275386,968852,1
CHEMBL1277062,O=S(=O)(O)O[C@@H]([C@H](O)[C@H](O)[C@@H](O)CO)[C@H](O)CN1C[C@H](O)[C@@H](O)[C@H](O)[C@H]1CO,3558645,CHEMBL1286470,CHEMBL2074,Ki,2300,nM,5.64,=,single protein format,B,Inhibition of human recombinant N-terminal subunit of maltase-glucoamylase after 60 mins by glucose oxidase assay,,,CHEMBL1275386,971432,1
CHEMBL1277063,Cl.OC[C@@H]1[C@@H](O)[C@H](O)[C@@H](O)CN1C[C@@H](O)[C@@H](O)[C@H](O)[C@H](O)[C@@H](O)CO,3558646,CHEMBL1286470,CHEMBL2074,Ki,1400,nM,5.85,=,single protein format,B,Inhibition of human recombinant N-terminal subunit of maltase-glucoamylase after 60 mins by glucose oxidase assay,,,CHEMBL1275386,971433,1
CHEMBL1277152,O=S(=O)(O)O[C@@H]([C@H](O)[C@H](O)[C@@H](O)CO)[C@H](O)CN1C[C@@H](O)[C@H](O)[C@H]1CO,3558647,CHEMBL1286470,CHEMBL2074,Ki,90000,nM,4.05,=,single protein format,B,Inhibition of human recombinant N-terminal subunit of maltase-glucoamylase after 60 mins by glucose oxidase assay,,,CHEMBL1275386,971536,1
CHEMBL1277153,O=S(=O)([O-])O[C@@H]([C@H](O)[C@H](O)[C@@H](O)CO)[C@H](O)C[Se+]1C[C@@H](O)[C@H](O)[C@H]1CO,3558648,CHEMBL1286470,CHEMBL2074,Ki,80,nM,7.1,=,single protein format,B,Inhibition of human recombinant N-terminal subunit of maltase-glucoamylase after 60 mins by glucose oxidase assay,,,CHEMBL1275386,971537,1
CHEMBL1277240,Cl.OC[C@@H]1[C@@H](O)[C@H](O)CN1C[C@@H](O)[C@@H](O)[C@H](O)[C@H](O)[C@@H](O)CO,3558649,CHEMBL1286470,CHEMBL2074,Ki,60,nM,7.22,=,single protein format,B,Inhibition of human recombinant N-terminal subunit of maltase-glucoamylase after 60 mins by glucose oxidase assay,,,CHEMBL1275386,971639,1
CHEMBL1277241,OC[C@@H]1[C@@H](O)[C@H](O)C[Se+]1C[C@@H](O)[C@@H](O)[C@H](O)[C@H](O)[C@@H](O)CO.[Cl-],3558650,CHEMBL1286470,CHEMBL2074,Ki,20,nM,7.7,=,single protein format,B,Inhibition of human recombinant N-terminal subunit of maltase-glucoamylase after 60 mins by glucose oxidase assay,,,CHEMBL1275386,971640,1
CHEMBL1258644,CO[C@@H]([C@H](O)[C@@H](O)CO)[C@H](O)C[S@+]1C[C@@H](O)[C@H](O)[C@H]1CO.[Cl-],7855904,CHEMBL1912471,CHEMBL2074,Ki,500,nM,6.3,=,single protein format,B,Inhibition of human N-terminal maltase-glucoamylase,,,CHEMBL1909635,1541823,1
CHEMBL1258644,CO[C@@H]([C@H](O)[C@@H](O)CO)[C@H](O)C[S@+]1C[C@@H](O)[C@H](O)[C@H]1CO.[Cl-],7855909,CHEMBL1912577,CHEMBL2074,Ki,500,nM,6.3,=,single protein format,B,Inhibition of human recombinant N-terminal maltase-glucoamylase by Lineweaver-Burk plot analysis,,,CHEMBL1909635,1541823,1
CHEMBL1258529,OC[C@@H]1[C@@H](O)[C@H](O)C[S@@+]1C[C@@H](O)[C@@H](O)[C@H](O)[C@@H](O)CO.[Cl-],7855910,CHEMBL1912577,CHEMBL2074,Ki,43,nM,7.37,=,single protein format,B,Inhibition of human recombinant N-terminal maltase-glucoamylase by Lineweaver-Burk plot analysis,,,CHEMBL1909635,1541824,1
CHEMBL574645,OC[C@@H]1[C@@H](O)[C@H](O)[C@@H](O)CN1CCCCCOCC12CC3CC(CC(C3)C1)C2,15091549,CHEMBL3384694,CHEMBL2074,IC50,3000,nM,5.52,=,single protein format,B,Inhibition of intestinal maltase (unknown origin),,,CHEMBL3352260,2245349,1
CHEMBL1086996,OC[C@H]1[C@@H](O)[C@H](O)[C@@H](O)CN1CCCCCOCC12CC3CC(CC(C3)C1)C2,15091555,CHEMBL3384694,CHEMBL2074,IC50,500000,nM,,>,single protein format,B,Inhibition of intestinal maltase (unknown origin),,Outside typical range,CHEMBL3352260,2245350,1
CHEMBL3354025,OC[C@@H]1[C@@H](O)[C@H](O)[C@@H](O)CN1CCCCCOCc1ccc(-c2ccccc2)cc1,15091597,CHEMBL3384694,CHEMBL2074,IC50,2000,nM,5.7,=,single protein format,B,Inhibition of intestinal maltase (unknown origin),,,CHEMBL3352260,2245363,1
CHEMBL3354038,OC[C@H]1[C@@H](O)[C@H](O)[C@@H](O)CN1CCCCCOCc1ccc(-c2ccccc2)cc1,15091639,CHEMBL3384694,CHEMBL2074,IC50,100000,nM,,>,single protein format,B,Inhibition of intestinal maltase (unknown origin),,,CHEMBL3352260,2245376,1
CHEMBL3354062,OC[C@@H]1[C@@H](O)[C@H](O)[C@@H](O)CN1CCCCCOCc1ccccc1-c1ccccc1,15091714,CHEMBL3384694,CHEMBL2074,IC50,1500,nM,5.82,=,single protein format,B,Inhibition of intestinal maltase (unknown origin),,,CHEMBL3352260,2245400,1
CHEMBL3354063,OC[C@@H]1[C@@H](O)[C@H](O)[C@@H](O)CN1CCCCCOCc1cccc(-c2ccccc2)c1,15091720,CHEMBL3384694,CHEMBL2074,IC50,1500,nM,5.82,=,single protein format,B,Inhibition of intestinal maltase (unknown origin),,,CHEMBL3352260,2245401,1
CHEMBL3354620,OC[C@@H]1[C@@H](O)[C@H](O)[C@@H](O)CN1CC(F)(F)CCCOCc1ccc(-c2ccccc2)cc1,15091729,CHEMBL3384694,CHEMBL2074,IC50,100000,nM,,>,single protein format,B,Inhibition of intestinal maltase (unknown origin),,,CHEMBL3352260,2247363,1
CHEMBL3354621,OC[C@@H]1[C@@H](O)[C@H](O)[C@@H](O)CN1CCCC(F)(F)COCc1ccc(-c2ccccc2)cc1,15091735,CHEMBL3384694,CHEMBL2074,IC50,9000,nM,5.05,=,single protein format,B,Inhibition of intestinal maltase (unknown origin),,,CHEMBL3352260,2247364,1
CHEMBL3354622,C[C@H](OCCCCCN1C[C@H](O)[C@@H](O)[C@H](O)[C@H]1CO)c1ccc(-c2ccccc2)cc1,15091741,CHEMBL3384694,CHEMBL2074,IC50,2500,nM,5.6,=,single protein format,B,Inhibition of intestinal maltase (unknown origin),,,CHEMBL3352260,2247365,1
CHEMBL3354623,C[C@@H](OCCCCCN1C[C@H](O)[C@@H](O)[C@H](O)[C@H]1CO)c1ccc(-c2ccccc2)cc1,15091747,CHEMBL3384694,CHEMBL2074,IC50,4000,nM,5.4,=,single protein format,B,Inhibition of intestinal maltase (unknown origin),,,CHEMBL3352260,2247366,1
CHEMBL3354624,OC[C@@H]1[C@@H](O)[C@H](O)[C@@H](O)CN1CCCCCOCc1ccc(-c2ccccc2)cc1F,15091753,CHEMBL3384694,CHEMBL2074,IC50,2500,nM,5.6,=,single protein format,B,Inhibition of intestinal maltase (unknown origin),,,CHEMBL3352260,2247367,1
CHEMBL3354625,OC[C@@H]1[C@@H](O)[C@H](O)[C@@H](O)CN1CCCCCOCc1ccc(-c2ccccc2)c(F)c1,15091759,CHEMBL3384694,CHEMBL2074,IC50,3000,nM,5.52,=,single protein format,B,Inhibition of intestinal maltase (unknown origin),,,CHEMBL3352260,2247368,1
CHEMBL3354626,OC[C@@H]1[C@@H](O)[C@H](O)[C@@H](O)CN1CCCCCOCc1ccc(-c2ccccc2)cc1C(F)(F)F,15096226,CHEMBL3384694,CHEMBL2074,IC50,8000,nM,5.1,=,single protein format,B,Inhibition of intestinal maltase (unknown origin),,,CHEMBL3352260,2247369,1
CHEMBL3354627,OC[C@@H]1[C@@H](O)[C@H](O)[C@@H](O)CN1CCCCCOCc1ccc(-c2ccccc2)c(C(F)(F)F)c1,15096232,CHEMBL3384694,CHEMBL2074,IC50,7000,nM,5.16,=,single protein format,B,Inhibition of intestinal maltase (unknown origin),,,CHEMBL3352260,2247370,1
CHEMBL3354628,C[C@H](OCCCCCN1C[C@H](O)[C@@H](O)[C@H](O)[C@@H]1CO)c1ccc(-c2ccccc2)cc1,15096238,CHEMBL3384694,CHEMBL2074,IC50,100000,nM,,>,single protein format,B,Inhibition of intestinal maltase (unknown origin),,,CHEMBL3352260,2247371,1
CHEMBL3354629,C[C@@H](OCCCCCN1C[C@H](O)[C@@H](O)[C@H](O)[C@@H]1CO)c1ccc(-c2ccccc2)cc1,15096244,CHEMBL3384694,CHEMBL2074,IC50,100000,nM,,>,single protein format,B,Inhibition of intestinal maltase (unknown origin),,,CHEMBL3352260,2247372,1
CHEMBL3354630,OC[C@H]1[C@@H](O)[C@H](O)[C@@H](O)CN1CCCCCOCc1ccccc1-c1ccccc1,15096250,CHEMBL3384694,CHEMBL2074,IC50,100000,nM,,>,single protein format,B,Inhibition of intestinal maltase (unknown origin),,,CHEMBL3352260,2247373,1
CHEMBL3354631,OC[C@H]1[C@@H](O)[C@H](O)[C@@H](O)CN1CCCCCOCc1cccc(-c2ccccc2)c1,15096256,CHEMBL3384694,CHEMBL2074,IC50,100000,nM,,>,single protein format,B,Inhibition of intestinal maltase (unknown origin),,,CHEMBL3352260,2247374,1
CHEMBL3354632,OC[C@H]1[C@@H](O)[C@H](O)[C@@H](O)CN1CC(F)(F)CCCOCc1ccc(-c2ccccc2)cc1,15096262,CHEMBL3384694,CHEMBL2074,IC50,100000,nM,,>,single protein format,B,Inhibition of intestinal maltase (unknown origin),,,CHEMBL3352260,2247375,1
CHEMBL3354633,OC[C@H]1[C@@H](O)[C@H](O)[C@@H](O)CN1CCCC(F)(F)COCc1ccc(-c2ccccc2)cc1,15096268,CHEMBL3384694,CHEMBL2074,IC50,100000,nM,,>,single protein format,B,Inhibition of intestinal maltase (unknown origin),,,CHEMBL3352260,2247376,1
CHEMBL3354634,OC[C@H]1[C@@H](O)[C@H](O)[C@@H](O)CN1CCCCCOCc1ccc(-c2ccccc2)cc1C(F)(F)F,15096274,CHEMBL3384694,CHEMBL2074,IC50,100000,nM,,>,single protein format,B,Inhibition of intestinal maltase (unknown origin),,,CHEMBL3352260,2247377,1
CHEMBL3354635,OC[C@H]1[C@@H](O)[C@H](O)[C@@H](O)CN1CCCCCOCc1ccc(-c2ccccc2)c(C(F)(F)F)c1,15096280,CHEMBL3384694,CHEMBL2074,IC50,100000,nM,,>,single protein format,B,Inhibition of intestinal maltase (unknown origin),,,CHEMBL3352260,2247378,1
CHEMBL3354636,OC[C@H]1[C@@H](O)[C@H](O)[C@@H](O)CN1CCCCCOCc1ccc(-c2ccccc2)cc1F,15096286,CHEMBL3384694,CHEMBL2074,IC50,100000,nM,,>,single protein format,B,Inhibition of intestinal maltase (unknown origin),,,CHEMBL3352260,2247379,1
CHEMBL3354637,OC[C@H]1[C@@H](O)[C@H](O)[C@@H](O)CN1CCCCCOCc1ccc(-c2ccccc2)c(F)c1,15096292,CHEMBL3384694,CHEMBL2074,IC50,100000,nM,,>,single protein format,B,Inhibition of intestinal maltase (unknown origin),,,CHEMBL3352260,2247380,1
CHEMBL3407617,COc1ccc(O)c(/C=N/NC(=O)c2ccc(-c3nc4ccccc4s3)cc2)c1,15206378,CHEMBL3411113,CHEMBL2074,IC50,6500,nM,5.19,=,single protein format,B,Inhibition of alpha-glucosidase (unknown origin) using pNPG substrate incubated for 15 mins by microplate reader based method,,,CHEMBL3407334,2285820,1
CHEMBL3407618,O=C(N/N=C\c1ccccn1)c1ccc(-c2nc3ccccc3s2)cc1,15206379,CHEMBL3411113,CHEMBL2074,IC50,10230,nM,4.99,=,single protein format,B,Inhibition of alpha-glucosidase (unknown origin) using pNPG substrate incubated for 15 mins by microplate reader based method,,,CHEMBL3407334,2285821,1
CHEMBL3407619,O=C(N/N=C/c1cccnc1)c1ccc(-c2nc3ccccc3s2)cc1,15206380,CHEMBL3411113,CHEMBL2074,IC50,,,,,single protein format,B,Inhibition of alpha-glucosidase (unknown origin) using pNPG substrate incubated for 15 mins by microplate reader based method,Not Active,,CHEMBL3407334,2285822,1
CHEMBL3407620,O=C(N/N=C/c1ccc(O)cc1)c1ccc(-c2nc3ccccc3s2)cc1,15206381,CHEMBL3411113,CHEMBL2074,IC50,11290,nM,4.95,=,single protein format,B,Inhibition of alpha-glucosidase (unknown origin) using pNPG substrate incubated for 15 mins by microplate reader based method,,,CHEMBL3407334,2285823,1
CHEMBL3407621,O=C(N/N=C/c1cccs1)c1ccc(-c2nc3ccccc3s2)cc1,15206382,CHEMBL3411113,CHEMBL2074,IC50,8480,nM,5.07,=,single protein format,B,Inhibition of alpha-glucosidase (unknown origin) using pNPG substrate incubated for 15 mins by microplate reader based method,,,CHEMBL3407334,2285824,1
CHEMBL3407622,O=C(N/N=C/c1cccc(O)c1O)c1ccc(-c2nc3ccccc3s2)cc1,15206383,CHEMBL3411113,CHEMBL2074,IC50,11220,nM,4.95,=,single protein format,B,Inhibition of alpha-glucosidase (unknown origin) using pNPG substrate incubated for 15 mins by microplate reader based method,,,CHEMBL3407334,2285825,1
CHEMBL3407623,COc1ccc(/C=N/NC(=O)c2ccc(-c3nc4ccccc4s3)cc2)c(O)c1,15206384,CHEMBL3411113,CHEMBL2074,IC50,6970,nM,5.16,=,single protein format,B,Inhibition of alpha-glucosidase (unknown origin) using pNPG substrate incubated for 15 mins by microplate reader based method,,,CHEMBL3407334,2285826,1
CHEMBL3407624,O=C(N/N=C/c1ccccc1O)c1ccc(-c2nc3ccccc3s2)cc1,15206385,CHEMBL3411113,CHEMBL2074,IC50,5550,nM,5.26,=,single protein format,B,Inhibition of alpha-glucosidase (unknown origin) using pNPG substrate incubated for 15 mins by microplate reader based method,,,CHEMBL3407334,2285827,1
CHEMBL3407625,O=C(N/N=C\c1ccco1)c1ccc(-c2nc3ccccc3s2)cc1,15206386,CHEMBL3411113,CHEMBL2074,IC50,12750,nM,4.89,=,single protein format,B,Inhibition of alpha-glucosidase (unknown origin) using pNPG substrate incubated for 15 mins by microplate reader based method,,,CHEMBL3407334,2285828,1
CHEMBL3407626,O=C(N/N=C/c1ccc(O)c(O)c1)c1ccc(-c2nc3ccccc3s2)cc1,15206387,CHEMBL3411113,CHEMBL2074,IC50,15090,nM,4.82,=,single protein format,B,Inhibition of alpha-glucosidase (unknown origin) using pNPG substrate incubated for 15 mins by microplate reader based method,,,CHEMBL3407334,2285829,1
CHEMBL3407627,O=C(N/N=C/c1ccc(O)cc1O)c1ccc(-c2nc3ccccc3s2)cc1,15206388,CHEMBL3411113,CHEMBL2074,IC50,5580,nM,5.25,=,single protein format,B,Inhibition of alpha-glucosidase (unknown origin) using pNPG substrate incubated for 15 mins by microplate reader based method,,,CHEMBL3407334,2285830,1
CHEMBL3407628,COC(=O)c1ccc(/C=N/NC(=O)c2ccc(-c3nc4ccccc4s3)cc2)cc1,15206389,CHEMBL3411113,CHEMBL2074,IC50,,,,,single protein format,B,Inhibition of alpha-glucosidase (unknown origin) using pNPG substrate incubated for 15 mins by microplate reader based method,Not Active,,CHEMBL3407334,2285831,1
CHEMBL3407629,COc1ccc(/C=N/NC(=O)c2ccc(-c3nc4ccccc4s3)cc2)cc1OC,15206390,CHEMBL3411113,CHEMBL2074,IC50,,,,,single protein format,B,Inhibition of alpha-glucosidase (unknown origin) using pNPG substrate incubated for 15 mins by microplate reader based method,Not Active,,CHEMBL3407334,2285832,1
CHEMBL3407630,O=C(N/N=C/c1ccc([N+](=O)[O-])cc1)c1ccc(-c2nc3ccccc3s2)cc1,15206391,CHEMBL3411113,CHEMBL2074,IC50,26380,nM,4.58,=,single protein format,B,Inhibition of alpha-glucosidase (unknown origin) using pNPG substrate incubated for 15 mins by microplate reader based method,,,CHEMBL3407334,2285833,1
CHEMBL3407631,COc1ccc(/C=N/NC(=O)c2ccc(-c3nc4ccccc4s3)cc2)cc1O,15206392,CHEMBL3411113,CHEMBL2074,IC50,,,,,single protein format,B,Inhibition of alpha-glucosidase (unknown origin) using pNPG substrate incubated for 15 mins by microplate reader based method,Not Active,,CHEMBL3407334,2285834,1
CHEMBL404271,C[C@H]1O[C@H](O[C@H]2[C@H](O)[C@@H](O)[C@@H](O[C@H]3[C@H](O)[C@@H](O)C(O)O[C@@H]3CO)O[C@@H]2CO)[C@H](O)[C@@H](O)[C@@H]1N[C@H]1C=C(CO)[C@@H](O)[C@H](O)[C@H]1O,15206393,CHEMBL3411113,CHEMBL2074,IC50,906000,nM,,=,single protein format,B,Inhibition of alpha-glucosidase (unknown origin) using pNPG substrate incubated for 15 mins by microplate reader based method,,Outside typical range,CHEMBL3407334,2285835,1
CHEMBL3407632,O=C(N/N=C/c1ccc(F)cc1)c1ccc(-c2nc3ccccc3s2)cc1,15206394,CHEMBL3411113,CHEMBL2074,IC50,7120,nM,5.15,=,single protein format,B,Inhibition of alpha-glucosidase (unknown origin) using pNPG substrate incubated for 15 mins by microplate reader based method,,,CHEMBL3407334,2285836,1
CHEMBL3407633,COc1cc(/C=N/NC(=O)c2ccc(-c3nc4ccccc4s3)cc2)cc(OC)c1,15206395,CHEMBL3411113,CHEMBL2074,IC50,16170,nM,4.79,=,single protein format,B,Inhibition of alpha-glucosidase (unknown origin) using pNPG substrate incubated for 15 mins by microplate reader based method,,,CHEMBL3407334,2285837,1
CHEMBL3407634,O=C(N/N=C/c1ccccc1)c1ccc(-c2nc3ccccc3s2)cc1,15206396,CHEMBL3411113,CHEMBL2074,IC50,8050,nM,5.09,=,single protein format,B,Inhibition of alpha-glucosidase (unknown origin) using pNPG substrate incubated for 15 mins by microplate reader based method,,,CHEMBL3407334,2285838,1
CHEMBL3407635,O=C(N/N=C/c1ccc(F)c(Br)c1)c1ccc(-c2nc3ccccc3s2)cc1,15206397,CHEMBL3411113,CHEMBL2074,IC50,28020,nM,4.55,=,single protein format,B,Inhibition of alpha-glucosidase (unknown origin) using pNPG substrate incubated for 15 mins by microplate reader based method,,,CHEMBL3407334,2285839,1
CHEMBL3407636,COc1ccc(/C=N/NC(=O)c2ccc(-c3nc4ccccc4s3)cc2)cc1,15206398,CHEMBL3411113,CHEMBL2074,IC50,18330,nM,4.74,=,single protein format,B,Inhibition of alpha-glucosidase (unknown origin) using pNPG substrate incubated for 15 mins by microplate reader based method,,,CHEMBL3407334,2285840,1
CHEMBL3407637,O=C(N/N=C/c1c(O)cc(O)cc1O)c1ccc(-c2nc3ccccc3s2)cc1,15206399,CHEMBL3411113,CHEMBL2074,IC50,8370,nM,5.08,=,single protein format,B,Inhibition of alpha-glucosidase (unknown origin) using pNPG substrate incubated for 15 mins by microplate reader based method,,,CHEMBL3407334,2285841,1
CHEMBL3407638,O=C(N/N=C/c1ccc(O)c(Br)c1)c1ccc(-c2nc3ccccc3s2)cc1,15206400,CHEMBL3411113,CHEMBL2074,IC50,8070,nM,5.09,=,single protein format,B,Inhibition of alpha-glucosidase (unknown origin) using pNPG substrate incubated for 15 mins by microplate reader based method,,,CHEMBL3407334,2285842,1
CHEMBL3407639,O=C(N/N=C/c1ccc(Cl)cc1)c1ccc(-c2nc3ccccc3s2)cc1,15206401,CHEMBL3411113,CHEMBL2074,IC50,5310,nM,5.28,=,single protein format,B,Inhibition of alpha-glucosidase (unknown origin) using pNPG substrate incubated for 15 mins by microplate reader based method,,,CHEMBL3407334,2285843,1
CHEMBL3407640,COc1cccc(/C=N/NC(=O)c2ccc(-c3nc4ccccc4s3)cc2)c1,15206402,CHEMBL3411113,CHEMBL2074,IC50,11090,nM,4.96,=,single protein format,B,Inhibition of alpha-glucosidase (unknown origin) using pNPG substrate incubated for 15 mins by microplate reader based method,,,CHEMBL3407334,2285844,1
CHEMBL3407641,O=C(N/N=C/c1cccc(O)c1)c1ccc(-c2nc3ccccc3s2)cc1,15206403,CHEMBL3411113,CHEMBL2074,IC50,9210,nM,5.04,=,single protein format,B,Inhibition of alpha-glucosidase (unknown origin) using pNPG substrate incubated for 15 mins by microplate reader based method,,,CHEMBL3407334,2285845,1
CHEMBL3407642,O=C(N/N=C/c1ccncc1)c1ccc(-c2nc3ccccc3s2)cc1,15206404,CHEMBL3411113,CHEMBL2074,IC50,,,,,single protein format,B,Inhibition of alpha-glucosidase (unknown origin) using pNPG substrate incubated for 15 mins by microplate reader based method,Not Active,,CHEMBL3407334,2285846,1
CHEMBL3407643,COc1cc(/C=N/NC(=O)c2ccc(-c3nc4ccccc4s3)cc2)ccc1O,15206405,CHEMBL3411113,CHEMBL2074,IC50,53340,nM,4.27,=,single protein format,B,Inhibition of alpha-glucosidase (unknown origin) using pNPG substrate incubated for 15 mins by microplate reader based method,,,CHEMBL3407334,2285847,1
CHEMBL3407644,COc1ccc(/C=N/NC(=O)c2ccc(-c3nc4ccccc4s3)cc2)c(I)c1O,15206406,CHEMBL3411113,CHEMBL2074,IC50,44800,nM,4.35,=,single protein format,B,Inhibition of alpha-glucosidase (unknown origin) using pNPG substrate incubated for 15 mins by microplate reader based method,,,CHEMBL3407334,2285848,1
CHEMBL3407645,O=C(N/N=C/c1cc(O)ccc1O)c1ccc(-c2nc3ccccc3s2)cc1,15206407,CHEMBL3411113,CHEMBL2074,IC50,11850,nM,4.93,=,single protein format,B,Inhibition of alpha-glucosidase (unknown origin) using pNPG substrate incubated for 15 mins by microplate reader based method,,,CHEMBL3407334,2285849,1
CHEMBL3407646,O=C(N/N=C/c1cc(O)cc(O)c1)c1ccc(-c2nc3ccccc3s2)cc1,15206408,CHEMBL3411113,CHEMBL2074,IC50,11120,nM,4.95,=,single protein format,B,Inhibition of alpha-glucosidase (unknown origin) using pNPG substrate incubated for 15 mins by microplate reader based method,,,CHEMBL3407334,2285850,1
CHEMBL3814747,CO[C@@H](CO)[C@H](O)C[S+]1C[C@@H](O)[C@H](O)[C@H]1CO.[Cl-],16616240,CHEMBL3815265,CHEMBL2074,IC50,2000,nM,5.7,=,assay format,B,Inhibition of human small intestine microsomal maltase using maltose as substrate incubated for 30 mins by glucose-oxidase method,,,CHEMBL3813698,2781175,1
CHEMBL3814838,CCO[C@@H](CO)[C@H](O)C[S+]1C[C@@H](O)[C@H](O)[C@H]1CO.[Cl-],16616241,CHEMBL3815265,CHEMBL2074,IC50,960,nM,6.02,=,assay format,B,Inhibition of human small intestine microsomal maltase using maltose as substrate incubated for 30 mins by glucose-oxidase method,,,CHEMBL3813698,2781176,1
CHEMBL3814555,CCCCCO[C@@H](CO)[C@H](O)C[S+]1C[C@@H](O)[C@H](O)[C@H]1CO.[Cl-],16616242,CHEMBL3815265,CHEMBL2074,IC50,1500,nM,5.82,=,assay format,B,Inhibition of human small intestine microsomal maltase using maltose as substrate incubated for 30 mins by glucose-oxidase method,,,CHEMBL3813698,2781177,1
CHEMBL3814911,CCCCCCCO[C@@H](CO)[C@H](O)C[S+]1C[C@@H](O)[C@H](O)[C@H]1CO.[Cl-],16616243,CHEMBL3815265,CHEMBL2074,IC50,640,nM,6.19,=,assay format,B,Inhibition of human small intestine microsomal maltase using maltose as substrate incubated for 30 mins by glucose-oxidase method,,,CHEMBL3813698,2781178,1
CHEMBL3814264,CCCCCCCCCCCCCO[C@@H](CO)[C@H](O)C[S+]1C[C@@H](O)[C@H](O)[C@H]1CO.[Cl-],16616244,CHEMBL3815265,CHEMBL2074,IC50,1100,nM,5.96,=,assay format,B,Inhibition of human small intestine microsomal maltase using maltose as substrate incubated for 30 mins by glucose-oxidase method,,,CHEMBL3813698,2781179,1
CHEMBL3814988,CC(C)CO[C@@H](CO)[C@H](O)C[S+]1C[C@@H](O)[C@H](O)[C@H]1CO.[Cl-],16616245,CHEMBL3815265,CHEMBL2074,IC50,690,nM,6.16,=,assay format,B,Inhibition of human small intestine microsomal maltase using maltose as substrate incubated for 30 mins by glucose-oxidase method,,,CHEMBL3813698,2781180,1
CHEMBL3815109,CC(C)(C)CO[C@@H](CO)[C@H](O)C[S+]1C[C@@H](O)[C@H](O)[C@H]1CO.[Cl-],16616246,CHEMBL3815265,CHEMBL2074,IC50,470,nM,6.33,=,assay format,B,Inhibition of human small intestine microsomal maltase using maltose as substrate incubated for 30 mins by glucose-oxidase method,,,CHEMBL3813698,2781301,1
CHEMBL3814496,O=[N+]([O-])c1ccccc1CO[C@@H](CO)[C@H](O)C[S+]1C[C@@H](O)[C@H](O)[C@H]1CO.[Cl-],16616247,CHEMBL3815265,CHEMBL2074,IC50,150,nM,6.82,=,assay format,B,Inhibition of human small intestine microsomal maltase using maltose as substrate incubated for 30 mins by glucose-oxidase method,,,CHEMBL3813698,2781302,1
CHEMBL239249,O=S(=O)([O-])O[C@@H](CO)[C@H](O)C[S+]1C[C@@H](O)[C@H](O)[C@H]1CO,16616248,CHEMBL3815265,CHEMBL2074,IC50,4900,nM,5.31,=,assay format,B,Inhibition of human small intestine microsomal maltase using maltose as substrate incubated for 30 mins by glucose-oxidase method,,,CHEMBL3813698,2781303,1
CHEMBL1182462,OC[C@@H]1[C@@H](O)[C@H](O)C[S+]1C[C@@H](O)[C@@H](O)CO,16616249,CHEMBL3815265,CHEMBL2074,IC50,9000,nM,5.05,=,assay format,B,Inhibition of human small intestine microsomal maltase using maltose as substrate incubated for 30 mins by glucose-oxidase method,,,CHEMBL3813698,2781304,1
CHEMBL476960,OCC(CO)N[C@H]1C[C@](O)(CO)[C@@H](O)[C@H](O)[C@H]1O,16616250,CHEMBL3815265,CHEMBL2074,IC50,1300,nM,5.89,=,assay format,B,Inhibition of human small intestine microsomal maltase using maltose as substrate incubated for 30 mins by glucose-oxidase method,,,CHEMBL3813698,2781305,1
CHEMBL4299399,C[C@@H]1O[C@@H](O[C@@H]2[C@@H](O)[C@H](O)[C@H](O[C@H]3[C@H](O)[C@@H](O)C(O)O[C@@H]3CO)O[C@H]2CO)[C@@H](O)[C@H](O)[C@H]1N[C@H]1C=C(CO)[C@@H](O)[C@H](O)[C@H]1O,16616251,CHEMBL3815265,CHEMBL2074,IC50,15200,nM,4.82,=,assay format,B,Inhibition of human small intestine microsomal maltase using maltose as substrate incubated for 30 mins by glucose-oxidase method,,,CHEMBL3813698,2781306,1
CHEMBL1561,OCCN1C[C@H](O)[C@@H](O)[C@H](O)[C@H]1CO,16616252,CHEMBL3815265,CHEMBL2074,IC50,3700,nM,5.43,=,assay format,B,Inhibition of human small intestine microsomal maltase using maltose as substrate incubated for 30 mins by glucose-oxidase method,,,CHEMBL3813698,2781307,1
CHEMBL1208974,O=S(=O)([O-])O[C@@H](CO)[C@H](O)C[S@+]1C[C@@H](O)[C@H](O)[C@H]1CO,22445271,CHEMBL4679413,CHEMBL2074,Ki,190,nM,6.72,=,single protein format,B,Inhibition of recombinant human maltase-glucoamylase using p-nitrophenyl-alpha-D-glucopyranoside as substrate incubated for 35 mins by microtiter plate reader analysis,,,CHEMBL4673376,3517729,1
CHEMBL4754034,CCCC[S@+]1C[C@@H](O)[C@H](O)[C@H]1CO.[Cl-],22445272,CHEMBL4679413,CHEMBL2074,Ki,32000,nM,4.5,=,single protein format,B,Inhibition of recombinant human maltase-glucoamylase using p-nitrophenyl-alpha-D-glucopyranoside as substrate incubated for 35 mins by microtiter plate reader analysis,,,CHEMBL4673376,3517726,1
CHEMBL4749306,CCCCCCCCCCCCCC[S@+]1C[C@@H](O)[C@H](O)[C@H]1CO.[Cl-],22445273,CHEMBL4679413,CHEMBL2074,Ki,6000,nM,5.22,=,single protein format,B,Inhibition of recombinant human maltase-glucoamylase using p-nitrophenyl-alpha-D-glucopyranoside as substrate incubated for 35 mins by microtiter plate reader analysis,,,CHEMBL4673376,3517728,1
CHEMBL4750690,CCCCCCCC[S@+]1C[C@@H](O)[C@H](O)[C@H]1CO.[Cl-],22445274,CHEMBL4679413,CHEMBL2074,Ki,51000,nM,4.29,=,single protein format,B,Inhibition of recombinant human maltase-glucoamylase using p-nitrophenyl-alpha-D-glucopyranoside as substrate incubated for 35 mins by microtiter plate reader analysis,,,CHEMBL4673376,3517727,1
CHEMBL1208974,O=S(=O)([O-])O[C@@H](CO)[C@H](O)C[S@+]1C[C@@H](O)[C@H](O)[C@H]1CO,22445275,CHEMBL4679414,CHEMBL2074,IC50,4900,nM,5.31,=,tissue-based format,B,Inhibition of human intestinal maltase using maltose as substrate incubated for 30 mins and immediately heated for 2 mins by glucose oxidase method,,,CHEMBL4673376,3517729,1
CHEMBL1684162,[O-][C@@H](CO)[C@H](O)C[S@+]1C[C@@H](O)[C@H](O)[C@H]1CO,22445276,CHEMBL4679414,CHEMBL2074,IC50,9000,nM,5.05,=,tissue-based format,B,Inhibition of human intestinal maltase using maltose as substrate incubated for 30 mins and immediately heated for 2 mins by glucose oxidase method,,,CHEMBL4673376,3517730,1
CHEMBL476960,OCC(CO)N[C@H]1C[C@](O)(CO)[C@@H](O)[C@H](O)[C@H]1O,22445277,CHEMBL4679414,CHEMBL2074,IC50,1300,nM,5.89,=,tissue-based format,B,Inhibition of human intestinal maltase using maltose as substrate incubated for 30 mins and immediately heated for 2 mins by glucose oxidase method,,,CHEMBL4673376,3517731,1
CHEMBL404271,C[C@H]1O[C@H](O[C@H]2[C@H](O)[C@@H](O)[C@@H](O[C@H]3[C@H](O)[C@@H](O)C(O)O[C@@H]3CO)O[C@@H]2CO)[C@H](O)[C@@H](O)[C@@H]1N[C@H]1C=C(CO)[C@@H](O)[C@H](O)[C@H]1O,22445278,CHEMBL4679414,CHEMBL2074,IC50,15200,nM,4.82,=,tissue-based format,B,Inhibition of human intestinal maltase using maltose as substrate incubated for 30 mins and immediately heated for 2 mins by glucose oxidase method,,,CHEMBL4673376,3517732,1
CHEMBL1561,OCCN1C[C@H](O)[C@@H](O)[C@H](O)[C@H]1CO,22445279,CHEMBL4679414,CHEMBL2074,IC50,3700,nM,5.43,=,tissue-based format,B,Inhibition of human intestinal maltase using maltose as substrate incubated for 30 mins and immediately heated for 2 mins by glucose oxidase method,,,CHEMBL4673376,3517733,1
CHEMBL4757019,CCC[C@@H](O)[C@H](OS(=O)(=O)[O-])[C@H](O)C[S@+]1C[C@@H](O)[C@H](O)[C@H]1CO,22445286,CHEMBL4679418,CHEMBL2074,IC50,4800,nM,5.32,=,tissue-based format,B,Inhibition of human intestinal maltase,,,CHEMBL4673376,3517734,1
CHEMBL4744484,CCCCCC[C@@H](O)[C@H](OS(=O)(=O)[O-])[C@H](O)C[S@+]1C[C@@H](O)[C@H](O)[C@H]1CO,22445287,CHEMBL4679418,CHEMBL2074,IC50,1700,nM,5.77,=,tissue-based format,B,Inhibition of human intestinal maltase,,,CHEMBL4673376,3517735,1
CHEMBL4786471,CCCCCCCC[C@@H](O)[C@H](OS(=O)(=O)[O-])[C@H](O)C[S@+]1C[C@@H](O)[C@H](O)[C@H]1CO,22445288,CHEMBL4679418,CHEMBL2074,IC50,1200,nM,5.92,=,tissue-based format,B,Inhibition of human intestinal maltase,,,CHEMBL4673376,3517736,1
CHEMBL4779172,CCCCCCCCCC[C@@H](O)[C@H](OS(=O)(=O)[O-])[C@H](O)C[S@+]1C[C@@H](O)[C@H](O)[C@H]1CO,22445289,CHEMBL4679418,CHEMBL2074,IC50,1500,nM,5.82,=,tissue-based format,B,Inhibition of human intestinal maltase,,,CHEMBL4673376,3517737,1
CHEMBL4757822,CCCCCCCC[C@@H](O)[C@H](O)[C@H](O)C[S@+]1C[C@@H](O)[C@H](O)[C@H]1CO.CS(=O)(=O)[O-],22445290,CHEMBL4679418,CHEMBL2074,IC50,2000,nM,5.7,=,tissue-based format,B,Inhibition of human intestinal maltase,,,CHEMBL4673376,3517739,1
CHEMBL4757984,CCC[C@@H](O)[C@H](O)[C@H](O)C[S@+]1C[C@@H](O)[C@H](O)[C@H]1CO.CS(=O)(=O)[O-],22445291,CHEMBL4679418,CHEMBL2074,IC50,5000,nM,5.3,=,tissue-based format,B,Inhibition of human intestinal maltase,,,CHEMBL4673376,3517738,1
CHEMBL4760193,C/C=C/Cc1cc(-c2oc3c(C(C)(C)CC)c(O)cc(O)c3c(=O)c2O)cc(O)c1O,22464325,CHEMBL4683690,CHEMBL2074,Ki,4200,nM,5.38,=,single protein format,B,Mixed type inhibition of alpha-glucosidase (unknown origin) using p-nitrophenyl-alpha-D glucopyranoside as substrate incubated for 30 mins by Lineweaver-Burk plot analysis,,,CHEMBL4680156,3520730,1
CHEMBL457303,CC(C)=CCc1cc(-c2oc3cc(O)c(CC=C(C)C)c(O)c3c(=O)c2O)cc(O)c1O,22464326,CHEMBL4683690,CHEMBL2074,Ki,2300,nM,5.64,=,single protein format,B,Mixed type inhibition of alpha-glucosidase (unknown origin) using p-nitrophenyl-alpha-D glucopyranoside as substrate incubated for 30 mins by Lineweaver-Burk plot analysis,,,CHEMBL4680156,3520732,1
CHEMBL115452,CC(C)=CCc1cc(C(=O)/C=C/c2ccc(O)c(O)c2)c(O)cc1O,22464327,CHEMBL4683691,CHEMBL2074,Ki,5300,nM,5.28,=,single protein format,B,Non-competitive inhibition of alpha-glucosidase (unknown origin) using p-nitrophenyl-alpha-D glucopyranoside as substrate incubated for 30 mins by Lineweaver-Burk plot analysis,,,CHEMBL4680156,3520731,1
CHEMBL454551,COc1ccc([C@@H]2N[C@@H](CO)[C@H](O)[C@H]2O)cc1O,22464330,CHEMBL4683693,CHEMBL2074,IC50,6700,nM,5.17,=,single protein format,B,Inhibition of alpha-glucosidase (unknown origin) using sucrose as substrate incubated for 30 mins,,,CHEMBL4680156,3520738,1
CHEMBL4783560,OC[C@@H]1N[C@@H](c2ccc(O)cc2)[C@H](O)[C@H]1O,22464331,CHEMBL4683693,CHEMBL2074,IC50,9300,nM,5.03,=,single protein format,B,Inhibition of alpha-glucosidase (unknown origin) using sucrose as substrate incubated for 30 mins,,,CHEMBL4680156,3520739,1
CHEMBL307429,OC[C@H]1NC[C@H](O)[C@@H](O)[C@@H]1O,23244162,CHEMBL4829628,CHEMBL2074,IC50,1400,nM,5.85,=,single protein format,B,Inhibition of human alpha-glucosidase,,,CHEMBL4828725,3615795,1
CHEMBL4856375,C[C@]1(CO)NC[C@H](O)[C@@H](O)[C@@H]1O.Cl,23244163,CHEMBL4829628,CHEMBL2074,IC50,1000,nM,6,=,single protein format,B,Inhibition of human alpha-glucosidase,,,CHEMBL4828725,3615796,1
CHEMBL307429,OC[C@H]1NC[C@H](O)[C@@H](O)[C@@H]1O,24384098,CHEMBL5039478,CHEMBL2074,IC50,8030,nM,5.09,=,single protein format,B,Inhibition of alpha-glucosidase (unknown origin) preincubated for 5 mins followed by addition of pNPG substrate and measured after 30 mins by spectrophotometric method,,,CHEMBL5038584,3777801,1
CHEMBL5083981,COc1ccc(-c2oc3cc(OC)cc(OC)c3c(=O)c2OCCCCCN2C[C@H](O)[C@@H](O)[C@H](O)[C@H]2CO)cc1,24384099,CHEMBL5039478,CHEMBL2074,IC50,40560,nM,4.39,=,single protein format,B,Inhibition of alpha-glucosidase (unknown origin) preincubated for 5 mins followed by addition of pNPG substrate and measured after 30 mins by spectrophotometric method,,,CHEMBL5038584,3777803,1
CHEMBL5076041,COc1ccc(-c2oc3cc(OC)cc(OC)c3c(=O)c2OCCCCCCCCN2C[C@H](O)[C@@H](O)[C@H](O)[C@H]2CO)cc1,24384100,CHEMBL5039478,CHEMBL2074,IC50,1780,nM,5.75,=,single protein format,B,Inhibition of alpha-glucosidase (unknown origin) preincubated for 5 mins followed by addition of pNPG substrate and measured after 30 mins by spectrophotometric method,,,CHEMBL5038584,3777804,1
CHEMBL5082173,COc1ccc(-c2oc3cc(OC)cc(OC)c3c(=O)c2OCCCCCCCCCCCN2C[C@H](O)[C@@H](O)[C@H](O)[C@H]2CO)cc1,24384101,CHEMBL5039478,CHEMBL2074,IC50,240,nM,6.62,=,single protein format,B,Inhibition of alpha-glucosidase (unknown origin) preincubated for 5 mins followed by addition of pNPG substrate and measured after 30 mins by spectrophotometric method,,,CHEMBL5038584,3777805,1
CHEMBL5084733,C=C1C(=O)O[C@@H]2/C=C(\C)[C@@H](O)C/C=C(\C)C[C@@H](OC(=O)/C(=C\C)COC(C)=O)[C@@H]12,24507411,CHEMBL5054848,CHEMBL2074,IC50,25000,nM,,>,single protein format,B,Inhibition of alpha-glucosidase (unknown origin) using p-nitrophenyl-alpha-D-glucopyranoside as substrate incubated for 50 mins by microplate reader analysis,,,CHEMBL5053534,3837265,1
CHEMBL5094636,C=C1C(=O)O[C@@H]2/C=C(\C)CC/C=C(\C)C[C@@H](OC(=O)/C(=C\COC(C)=O)CO)[C@@H]12,24507412,CHEMBL5054848,CHEMBL2074,IC50,29000,nM,,>,single protein format,B,Inhibition of alpha-glucosidase (unknown origin) using p-nitrophenyl-alpha-D-glucopyranoside as substrate incubated for 50 mins by microplate reader analysis,,,CHEMBL5053534,3837266,1
CHEMBL5077500,C=C1C(=O)O[C@@H]2/C=C(\C)CC/C=C(\CO)C[C@@H](OC(=O)/C(C)=C/C)[C@@H]12,24507413,CHEMBL5054848,CHEMBL2074,IC50,25000,nM,,>,single protein format,B,Inhibition of alpha-glucosidase (unknown origin) using p-nitrophenyl-alpha-D-glucopyranoside as substrate incubated for 50 mins by microplate reader analysis,,,CHEMBL5053534,3837267,1
CHEMBL5070918,C=C1C(=O)O[C@@H]2/C=C(\C)CC/C=C(\C)C[C@@H](OC(=O)/C(=C\C)CO)[C@@H]12,24507414,CHEMBL5054848,CHEMBL2074,IC50,29000,nM,,>,single protein format,B,Inhibition of alpha-glucosidase (unknown origin) using p-nitrophenyl-alpha-D-glucopyranoside as substrate incubated for 50 mins by microplate reader analysis,,,CHEMBL5053534,3837268,1
CHEMBL521162,C=C1C(=O)O[C@@H]2/C=C(\C)C[C@H](O)/C=C(\C)C[C@@H](OC(=O)/C(=C\C)CO)[C@@H]12,24507415,CHEMBL5054848,CHEMBL2074,IC50,28000,nM,,>,single protein format,B,Inhibition of alpha-glucosidase (unknown origin) using p-nitrophenyl-alpha-D-glucopyranoside as substrate incubated for 50 mins by microplate reader analysis,,,CHEMBL5053534,3837269,1
CHEMBL5075131,C=C1C(=O)O[C@@H]2/C=C(\C)C[C@H](O)/C=C(\C)C[C@@H](OC(=O)/C(=C\C)COC(C)=O)[C@@H]12,24507416,CHEMBL5054848,CHEMBL2074,IC50,25000,nM,,>,single protein format,B,Inhibition of alpha-glucosidase (unknown origin) using p-nitrophenyl-alpha-D-glucopyranoside as substrate incubated for 50 mins by microplate reader analysis,,,CHEMBL5053534,3837270,1
CHEMBL5079023,C=C1C(=O)O[C@@H]2/C=C(\C)CC/C=C(\CC(=O)O)C[C@@H](OC(=O)/C(C)=C/C)[C@@H]12,24507417,CHEMBL5054848,CHEMBL2074,IC50,28000,nM,,>,single protein format,B,Inhibition of alpha-glucosidase (unknown origin) using p-nitrophenyl-alpha-D-glucopyranoside as substrate incubated for 50 mins by microplate reader analysis,,,CHEMBL5053534,3837271,1
CHEMBL5083965,C=C1C(=O)O[C@@H]2/C=C(\C)CC/C=C(\C)C[C@@H](OC(=O)/C(=C/C)CO)[C@@H]12,24507418,CHEMBL5054848,CHEMBL2074,IC50,29000,nM,,>,single protein format,B,Inhibition of alpha-glucosidase (unknown origin) using p-nitrophenyl-alpha-D-glucopyranoside as substrate incubated for 50 mins by microplate reader analysis,,,CHEMBL5053534,3837272,1
CHEMBL5088957,C=C1C(=O)O[C@@H]2/C=C(\C)CC/C=C(\C)C[C@@H](OC(=O)/C(=C/C)COC(C)=O)[C@@H]12,24507419,CHEMBL5054848,CHEMBL2074,IC50,25000,nM,,>,single protein format,B,Inhibition of alpha-glucosidase (unknown origin) using p-nitrophenyl-alpha-D-glucopyranoside as substrate incubated for 50 mins by microplate reader analysis,,,CHEMBL5053534,3837273,1
CHEMBL490011,C=C1C(=O)O[C@@H]2/C=C(\C)CC/C=C(\C)C[C@@H](OC(=O)/C(=C/CO)CO)[C@@H]12,24507420,CHEMBL5054848,CHEMBL2074,IC50,28000,nM,,>,single protein format,B,Inhibition of alpha-glucosidase (unknown origin) using p-nitrophenyl-alpha-D-glucopyranoside as substrate incubated for 50 mins by microplate reader analysis,,,CHEMBL5053534,3837274,1
CHEMBL50,O=c1c(O)c(-c2ccc(O)c(O)c2)oc2cc(O)cc(O)c12,24507421,CHEMBL5054848,CHEMBL2074,IC50,10800,nM,4.97,=,single protein format,B,Inhibition of alpha-glucosidase (unknown origin) using p-nitrophenyl-alpha-D-glucopyranoside as substrate incubated for 50 mins by microplate reader analysis,,,CHEMBL5053534,3837276,1
CHEMBL5201393,CC(C)=CCc1cc(C[C@@]2(C(=O)O)OC(=O)C(OC(C)(C)[C@@H](O)Cc3cc(C[C@@]4(C(=O)O)OC(=O)C(O)=C4c4ccc(O)cc4)ccc3O)=C2c2ccc(O)cc2)ccc1O,24706348,CHEMBL5108694,CHEMBL2074,IC50,10500,nM,4.98,=,single protein format,B,Inhibition of alpha-glucosidase (unknown origin),,,CHEMBL5107956,3852633,1
CHEMBL5172902,COc1cc2c(c(O)c1CO)C(=O)OC[C@@H]2O,24706354,CHEMBL5108700,CHEMBL2074,IC50,1410000,nM,,=,single protein format,B,Inhibition of alpha-Glucosidase (unknown origin) using pNPG as substrate incubated for 20 mins by micro plate reader analysis,,Outside typical range,CHEMBL5107956,3852636,1
CHEMBL5196850,COc1ccc(C(=O)Nc2cccc(C(=O)/C=C3/Nc4ccccc4NC3=O)c2)cc1,24724950,CHEMBL5114179,CHEMBL2074,IC50,166090,nM,,=,single protein format,B,Inhibition of alpha-glucosidase (unknown origin),,Outside typical range,CHEMBL5113380,3856820,1
CHEMBL5201575,O=C(/C=C/c1ccccc1)/C=C1/Nc2ccccc2NC1=O,24724951,CHEMBL5114179,CHEMBL2074,IC50,40090,nM,4.4,=,single protein format,B,Inhibition of alpha-glucosidase (unknown origin),,,CHEMBL5113380,3856821,1
CHEMBL4571630,COc1ccc(C2SCC(=O)N2c2ccc3nc(Cc4ccc(O)cc4)c(=O)[nH]c3c2)cc1,24724952,CHEMBL5114179,CHEMBL2074,IC50,276270,nM,,=,single protein format,B,Inhibition of alpha-glucosidase (unknown origin),,Outside typical range,CHEMBL5113380,3856704,1
CHEMBL5187552,CC(C)c1nc2ccc(N3C(=O)CSC3c3ccc([N+](=O)[O-])cc3)cc2[nH]c1=O,24724953,CHEMBL5114179,CHEMBL2074,IC50,301150,nM,,=,single protein format,B,Inhibition of alpha-glucosidase (unknown origin),,Outside typical range,CHEMBL5113380,3856707,1
CHEMBL5203236,O=c1[nH]c2ccccc2nc1N/N=C/c1cccs1,24724954,CHEMBL5114179,CHEMBL2074,IC50,9990,nM,5,=,single protein format,B,Inhibition of alpha-glucosidase (unknown origin),,,CHEMBL5113380,3856574,1
CHEMBL5194852,COc1cccc(/C=N/Nc2nc3ccccc3[nH]c2=O)c1,24724955,CHEMBL5114179,CHEMBL2074,IC50,13930,nM,4.86,=,single protein format,B,Inhibition of alpha-glucosidase (unknown origin),,,CHEMBL5113380,3856575,1
CHEMBL5207115,O=c1[nH]c2ccccc2n2c(-c3ccc([N+](=O)[O-])cc3[N+](=O)[O-])ccc12,24724956,CHEMBL5114179,CHEMBL2074,IC50,22990,nM,4.64,=,single protein format,B,Inhibition of alpha-glucosidase (unknown origin),,,CHEMBL5113380,3856576,1
CHEMBL5200953,O=c1[nH]c2ccccc2n2c(-c3ccc(O)cc3O)ccc12,24724957,CHEMBL5114179,CHEMBL2074,IC50,12910,nM,4.89,=,single protein format,B,Inhibition of alpha-glucosidase (unknown origin),,,CHEMBL5113380,3856577,1
CHEMBL5179709,O=c1[nH]c2ccccc2n2c(-c3ccc(Cl)c(Cl)c3)ccc12,24724958,CHEMBL5114179,CHEMBL2074,IC50,12980,nM,4.89,=,single protein format,B,Inhibition of alpha-glucosidase (unknown origin),,,CHEMBL5113380,3856578,1
CHEMBL5173825,Cc1ccc(NC(=O)Cn2c(=O)c(C)nc3ccccc32)c([N+](=O)[O-])c1,24724959,CHEMBL5114179,CHEMBL2074,IC50,83780,nM,4.08,=,single protein format,B,Inhibition of alpha-glucosidase (unknown origin),,,CHEMBL5113380,3856579,1
CHEMBL5179527,Cc1nc2ccccc2n(CC(=O)N/N=C/c2ccc(OCCn3cc(CN4CCOCC4)nn3)cc2)c1=O,24724960,CHEMBL5114179,CHEMBL2074,IC50,21.92,ug.mL-1,,=,single protein format,B,Inhibition of alpha-glucosidase (unknown origin),,,CHEMBL5113380,3856580,1
CHEMBL5183163,Cc1nc2ccccc2n(CC(=O)N/N=C/c2ccc(OCCn3cc(CN4CCCCC4)nn3)cc2)c1=O,24724961,CHEMBL5114179,CHEMBL2074,IC50,22.32,ug.mL-1,,=,single protein format,B,Inhibition of alpha-glucosidase (unknown origin),,,CHEMBL5113380,3856581,1
CHEMBL5179462,Cc1nc2ccccc2n(CC(=O)N/N=C/c2ccc(OCCn3cc(CN4CCCC4)nn3)cc2)c1=O,24724962,CHEMBL5114179,CHEMBL2074,IC50,23.58,ug.mL-1,,=,single protein format,B,Inhibition of alpha-glucosidase (unknown origin),,,CHEMBL5113380,3856582,1
CHEMBL5171904,Cc1ccc(-n2cc(COc3ccc(/C=N/NC(=O)Cn4c(=O)c(C)nc5ccccc54)cc3)nn2)cc1,24724963,CHEMBL5114179,CHEMBL2074,IC50,24.5,ug.mL-1,,=,single protein format,B,Inhibition of alpha-glucosidase (unknown origin),,,CHEMBL5113380,3856583,1
CHEMBL404271,C[C@H]1O[C@H](O[C@H]2[C@H](O)[C@@H](O)[C@@H](O[C@H]3[C@H](O)[C@@H](O)C(O)O[C@@H]3CO)O[C@@H]2CO)[C@H](O)[C@@H](O)[C@@H]1N[C@H]1C=C(CO)[C@@H](O)[C@H](O)[C@H]1O,24724964,CHEMBL5114179,CHEMBL2074,IC50,22.32,ug.mL-1,,=,single protein format,B,Inhibition of alpha-glucosidase (unknown origin),,,CHEMBL5113380,3856584,1
CHEMBL5186369,C=CCc1cc(-c2cc(CC=C)c3oc(SCc4nnc(-c5ccccc5)o4)nc3c2)c2oc(SCc3nnc(-c4ccccc4)o3)nc2c1,24779177,CHEMBL5129103,CHEMBL2074,IC50,,,,,single protein format,B,Inhibition of alpha-glucosidase (unknown origin) using PNPG as substrate preincubated for 15 mins followed by substrate addition and measured after 10 mins by microplate reader analysis,ND,,CHEMBL5126577,3867547,1
CHEMBL5175555,C=CCc1cc(-c2cc(CC=C)c3oc(SCc4nnc(-c5ccccc5F)o4)nc3c2)c2oc(SCc3nnc(-c4ccccc4F)o3)nc2c1,24779178,CHEMBL5129103,CHEMBL2074,IC50,,,,,single protein format,B,Inhibition of alpha-glucosidase (unknown origin) using PNPG as substrate preincubated for 15 mins followed by substrate addition and measured after 10 mins by microplate reader analysis,ND,,CHEMBL5126577,3867548,1
CHEMBL5181039,C=CCc1cc(-c2cc(CC=C)c3oc(SCc4nnc(-c5cccc(F)c5)o4)nc3c2)c2oc(SCc3nnc(-c4cccc(F)c4)o3)nc2c1,24779179,CHEMBL5129103,CHEMBL2074,IC50,,,,,single protein format,B,Inhibition of alpha-glucosidase (unknown origin) using PNPG as substrate preincubated for 15 mins followed by substrate addition and measured after 10 mins by microplate reader analysis,ND,,CHEMBL5126577,3867549,1
CHEMBL5187266,C=CCc1cc(-c2cc(CC=C)c3oc(SCc4nnc(-c5ccc(F)cc5)o4)nc3c2)c2oc(SCc3nnc(-c4ccc(F)cc4)o3)nc2c1,24779180,CHEMBL5129103,CHEMBL2074,IC50,,,,,single protein format,B,Inhibition of alpha-glucosidase (unknown origin) using PNPG as substrate preincubated for 15 mins followed by substrate addition and measured after 10 mins by microplate reader analysis,ND,,CHEMBL5126577,3867550,1
CHEMBL5201996,C=CCc1cc(-c2cc(CC=C)c3oc(SCc4nnc(-c5ccccc5Cl)o4)nc3c2)c2oc(SCc3nnc(-c4ccccc4Cl)o3)nc2c1,24779181,CHEMBL5129103,CHEMBL2074,IC50,,,,,single protein format,B,Inhibition of alpha-glucosidase (unknown origin) using PNPG as substrate preincubated for 15 mins followed by substrate addition and measured after 10 mins by microplate reader analysis,ND,,CHEMBL5126577,3867551,1
CHEMBL5173632,C=CCc1cc(-c2cc(CC=C)c3oc(SCc4nnc(-c5cccc(Cl)c5)o4)nc3c2)c2oc(SCc3nnc(-c4cccc(Cl)c4)o3)nc2c1,24779182,CHEMBL5129103,CHEMBL2074,IC50,,,,,single protein format,B,Inhibition of alpha-glucosidase (unknown origin) using PNPG as substrate preincubated for 15 mins followed by substrate addition and measured after 10 mins by microplate reader analysis,ND,,CHEMBL5126577,3867552,1
CHEMBL5184528,C=CCc1cc(-c2cc(CC=C)c3oc(SCc4nnc(-c5ccc(Cl)cc5)o4)nc3c2)c2oc(SCc3nnc(-c4ccc(Cl)cc4)o3)nc2c1,24779183,CHEMBL5129103,CHEMBL2074,IC50,,,,,single protein format,B,Inhibition of alpha-glucosidase (unknown origin) using PNPG as substrate preincubated for 15 mins followed by substrate addition and measured after 10 mins by microplate reader analysis,ND,,CHEMBL5126577,3867553,1
CHEMBL5209522,C=CCc1cc(-c2cc(CC=C)c3oc(SCc4nnc(-c5ccccc5Br)o4)nc3c2)c2oc(SCc3nnc(-c4ccccc4Br)o3)nc2c1,24779184,CHEMBL5129103,CHEMBL2074,IC50,25800,nM,4.59,=,single protein format,B,Inhibition of alpha-glucosidase (unknown origin) using PNPG as substrate preincubated for 15 mins followed by substrate addition and measured after 10 mins by microplate reader analysis,,,CHEMBL5126577,3867554,1
CHEMBL5188001,C=CCc1cc(-c2cc(CC=C)c3oc(SCc4nnc(-c5cccc(Br)c5)o4)nc3c2)c2oc(SCc3nnc(-c4cccc(Br)c4)o3)nc2c1,24779185,CHEMBL5129103,CHEMBL2074,IC50,,,,,single protein format,B,Inhibition of alpha-glucosidase (unknown origin) using PNPG as substrate preincubated for 15 mins followed by substrate addition and measured after 10 mins by microplate reader analysis,ND,,CHEMBL5126577,3867555,1
CHEMBL5184785,C=CCc1cc(-c2cc(CC=C)c3oc(SCc4nnc(-c5ccc(Br)cc5)o4)nc3c2)c2oc(SCc3nnc(-c4ccc(Br)cc4)o3)nc2c1,24779186,CHEMBL5129103,CHEMBL2074,IC50,,,,,single protein format,B,Inhibition of alpha-glucosidase (unknown origin) using PNPG as substrate preincubated for 15 mins followed by substrate addition and measured after 10 mins by microplate reader analysis,ND,,CHEMBL5126577,3867556,1
CHEMBL5178321,C=CCc1cc(-c2cc(CC=C)c3oc(SCc4nnc(-c5ccccc5C)o4)nc3c2)c2oc(SCc3nnc(-c4ccccc4C)o3)nc2c1,24779187,CHEMBL5129103,CHEMBL2074,IC50,25000,nM,4.6,=,single protein format,B,Inhibition of alpha-glucosidase (unknown origin) using PNPG as substrate preincubated for 15 mins followed by substrate addition and measured after 10 mins by microplate reader analysis,,,CHEMBL5126577,3867557,1
CHEMBL5202537,C=CCc1cc(-c2cc(CC=C)c3oc(SCc4nnc(-c5cccc(C)c5)o4)nc3c2)c2oc(SCc3nnc(-c4cccc(C)c4)o3)nc2c1,24779188,CHEMBL5129103,CHEMBL2074,IC50,18900,nM,4.72,=,single protein format,B,Inhibition of alpha-glucosidase (unknown origin) using PNPG as substrate preincubated for 15 mins followed by substrate addition and measured after 10 mins by microplate reader analysis,,,CHEMBL5126577,3867558,1
CHEMBL5179105,C=CCc1cc(-c2cc(CC=C)c3oc(SCc4nnc(-c5ccc(C)cc5)o4)nc3c2)c2oc(SCc3nnc(-c4ccc(C)cc4)o3)nc2c1,24779189,CHEMBL5129103,CHEMBL2074,IC50,,,,,single protein format,B,Inhibition of alpha-glucosidase (unknown origin) using PNPG as substrate preincubated for 15 mins followed by substrate addition and measured after 10 mins by microplate reader analysis,ND,,CHEMBL5126577,3867559,1
CHEMBL5191158,C=CCc1cc(-c2cc(CC=C)c3oc(SCc4nnc(-c5ccccc5OC)o4)nc3c2)c2oc(SCc3nnc(-c4ccccc4OC)o3)nc2c1,24779190,CHEMBL5129103,CHEMBL2074,IC50,,,,,single protein format,B,Inhibition of alpha-glucosidase (unknown origin) using PNPG as substrate preincubated for 15 mins followed by substrate addition and measured after 10 mins by microplate reader analysis,ND,,CHEMBL5126577,3867560,1
CHEMBL5186121,C=CCc1cc(-c2cc(CC=C)c3oc(SCc4nnc(-c5cccc(OC)c5)o4)nc3c2)c2oc(SCc3nnc(-c4cccc(OC)c4)o3)nc2c1,24779191,CHEMBL5129103,CHEMBL2074,IC50,24500,nM,4.61,=,single protein format,B,Inhibition of alpha-glucosidase (unknown origin) using PNPG as substrate preincubated for 15 mins followed by substrate addition and measured after 10 mins by microplate reader analysis,,,CHEMBL5126577,3867561,1
CHEMBL5190273,C=CCc1cc(-c2cc(CC=C)c3oc(SCc4nnc(-c5ccc(OC)cc5)o4)nc3c2)c2oc(SCc3nnc(-c4ccc(OC)cc4)o3)nc2c1,24779192,CHEMBL5129103,CHEMBL2074,IC50,,,,,single protein format,B,Inhibition of alpha-glucosidase (unknown origin) using PNPG as substrate preincubated for 15 mins followed by substrate addition and measured after 10 mins by microplate reader analysis,ND,,CHEMBL5126577,3867562,1
CHEMBL5205832,C=CCc1cc(CSc2nnc(-c3ccccc3)o2)c(O)c(-c2ccc(O)c(CC=C)c2)c1,24779193,CHEMBL5129103,CHEMBL2074,IC50,,,,,single protein format,B,Inhibition of alpha-glucosidase (unknown origin) using PNPG as substrate preincubated for 15 mins followed by substrate addition and measured after 10 mins by microplate reader analysis,ND,,CHEMBL5126577,3867563,1
CHEMBL5209533,C=CCc1cc(CSc2nnc(-c3cccc(F)c3)o2)c(O)c(-c2ccc(O)c(CC=C)c2)c1,24779194,CHEMBL5129103,CHEMBL2074,IC50,,,,,single protein format,B,Inhibition of alpha-glucosidase (unknown origin) using PNPG as substrate preincubated for 15 mins followed by substrate addition and measured after 10 mins by microplate reader analysis,ND,,CHEMBL5126577,3867564,1
CHEMBL5204998,C=CCc1cc(CSc2nnc(-c3ccccc3Cl)o2)c(O)c(-c2ccc(O)c(CC=C)c2)c1,24779195,CHEMBL5129103,CHEMBL2074,IC50,,,,,single protein format,B,Inhibition of alpha-glucosidase (unknown origin) using PNPG as substrate preincubated for 15 mins followed by substrate addition and measured after 10 mins by microplate reader analysis,ND,,CHEMBL5126577,3867565,1
CHEMBL5204398,C=CCc1cc(CSc2nnc(-c3ccc(Cl)cc3)o2)c(O)c(-c2ccc(O)c(CC=C)c2)c1,24779196,CHEMBL5129103,CHEMBL2074,IC50,,,,,single protein format,B,Inhibition of alpha-glucosidase (unknown origin) using PNPG as substrate preincubated for 15 mins followed by substrate addition and measured after 10 mins by microplate reader analysis,ND,,CHEMBL5126577,3867566,1
CHEMBL5179659,C=CCc1cc(CSc2nnc(-c3ccc(Br)cc3)o2)c(O)c(-c2ccc(O)c(CC=C)c2)c1,24779197,CHEMBL5129103,CHEMBL2074,IC50,,,,,single protein format,B,Inhibition of alpha-glucosidase (unknown origin) using PNPG as substrate preincubated for 15 mins followed by substrate addition and measured after 10 mins by microplate reader analysis,ND,,CHEMBL5126577,3867567,1
CHEMBL5208330,C=CCc1cc(CSc2nnc(-c3ccccc3C)o2)c(O)c(-c2ccc(O)c(CC=C)c2)c1,24779198,CHEMBL5129103,CHEMBL2074,IC50,,,,,single protein format,B,Inhibition of alpha-glucosidase (unknown origin) using PNPG as substrate preincubated for 15 mins followed by substrate addition and measured after 10 mins by microplate reader analysis,ND,,CHEMBL5126577,3867568,1
CHEMBL5186894,C=CCc1cc(CSc2nnc(-c3cccc(C)c3)o2)c(O)c(-c2ccc(O)c(CC=C)c2)c1,24779199,CHEMBL5129103,CHEMBL2074,IC50,,,,,single protein format,B,Inhibition of alpha-glucosidase (unknown origin) using PNPG as substrate preincubated for 15 mins followed by substrate addition and measured after 10 mins by microplate reader analysis,ND,,CHEMBL5126577,3867569,1
CHEMBL5203202,C=CCc1cc(CSc2nnc(-c3ccc(C)cc3)o2)c(O)c(-c2ccc(O)c(CC=C)c2)c1,24779200,CHEMBL5129103,CHEMBL2074,IC50,,,,,single protein format,B,Inhibition of alpha-glucosidase (unknown origin) using PNPG as substrate preincubated for 15 mins followed by substrate addition and measured after 10 mins by microplate reader analysis,ND,,CHEMBL5126577,3867570,1
CHEMBL5195148,C=CCc1cc(CSc2nnc(-c3cccc(OC)c3)o2)c(O)c(-c2ccc(O)c(CC=C)c2)c1,24779201,CHEMBL5129103,CHEMBL2074,IC50,52900,nM,4.28,=,single protein format,B,Inhibition of alpha-glucosidase (unknown origin) using PNPG as substrate preincubated for 15 mins followed by substrate addition and measured after 10 mins by microplate reader analysis,,,CHEMBL5126577,3867571,1
CHEMBL5199453,C=CCc1cc(CSc2nnc(-c3ccc([N+](=O)[O-])cc3)o2)c(O)c(-c2ccc(O)c(CC=C)c2)c1,24779202,CHEMBL5129103,CHEMBL2074,IC50,,,,,single protein format,B,Inhibition of alpha-glucosidase (unknown origin) using PNPG as substrate preincubated for 15 mins followed by substrate addition and measured after 10 mins by microplate reader analysis,ND,,CHEMBL5126577,3867572,1
CHEMBL5187952,C=CCc1cc(CSc2nnc(-c3cccnc3)o2)c(O)c(-c2ccc(O)c(CC=C)c2)c1,24779203,CHEMBL5129103,CHEMBL2074,IC50,,,,,single protein format,B,Inhibition of alpha-glucosidase (unknown origin) using PNPG as substrate preincubated for 15 mins followed by substrate addition and measured after 10 mins by microplate reader analysis,ND,,CHEMBL5126577,3867573,1
CHEMBL16901,C=CCc1ccc(O)c(-c2ccc(O)c(CC=C)c2)c1,24779204,CHEMBL5129103,CHEMBL2074,IC50,,,,,single protein format,B,Inhibition of alpha-glucosidase (unknown origin) using PNPG as substrate preincubated for 15 mins followed by substrate addition and measured after 10 mins by microplate reader analysis,ND,,CHEMBL5126577,3867574,1
CHEMBL404271,C[C@H]1O[C@H](O[C@H]2[C@H](O)[C@@H](O)[C@@H](O[C@H]3[C@H](O)[C@@H](O)C(O)O[C@@H]3CO)O[C@@H]2CO)[C@H](O)[C@@H](O)[C@@H]1N[C@H]1C=C(CO)[C@@H](O)[C@H](O)[C@H]1O,24779205,CHEMBL5129103,CHEMBL2074,IC50,24400,nM,4.61,=,single protein format,B,Inhibition of alpha-glucosidase (unknown origin) using PNPG as substrate preincubated for 15 mins followed by substrate addition and measured after 10 mins by microplate reader analysis,,,CHEMBL5126577,3867575,1
CHEMBL5186369,C=CCc1cc(-c2cc(CC=C)c3oc(SCc4nnc(-c5ccccc5)o4)nc3c2)c2oc(SCc3nnc(-c4ccccc4)o3)nc2c1,24779206,CHEMBL5129104,CHEMBL2074,Inhibition,6.3,%,,=,single protein format,B,Inhibition of alpha-glucosidase (unknown origin) using PNPG as substrate at 5 to 45 uM preincubated for 15 mins followed by substrate addition and measured after 10 mins by microplate reader analysis,,,CHEMBL5126577,3867547,1
CHEMBL5175555,C=CCc1cc(-c2cc(CC=C)c3oc(SCc4nnc(-c5ccccc5F)o4)nc3c2)c2oc(SCc3nnc(-c4ccccc4F)o3)nc2c1,24779207,CHEMBL5129104,CHEMBL2074,Inhibition,33.9,%,,=,single protein format,B,Inhibition of alpha-glucosidase (unknown origin) using PNPG as substrate at 5 to 45 uM preincubated for 15 mins followed by substrate addition and measured after 10 mins by microplate reader analysis,,,CHEMBL5126577,3867548,1
CHEMBL5181039,C=CCc1cc(-c2cc(CC=C)c3oc(SCc4nnc(-c5cccc(F)c5)o4)nc3c2)c2oc(SCc3nnc(-c4cccc(F)c4)o3)nc2c1,24779208,CHEMBL5129104,CHEMBL2074,Inhibition,14.6,%,,=,single protein format,B,Inhibition of alpha-glucosidase (unknown origin) using PNPG as substrate at 5 to 45 uM preincubated for 15 mins followed by substrate addition and measured after 10 mins by microplate reader analysis,,,CHEMBL5126577,3867549,1
CHEMBL5187266,C=CCc1cc(-c2cc(CC=C)c3oc(SCc4nnc(-c5ccc(F)cc5)o4)nc3c2)c2oc(SCc3nnc(-c4ccc(F)cc4)o3)nc2c1,24779209,CHEMBL5129104,CHEMBL2074,Inhibition,8.4,%,,=,single protein format,B,Inhibition of alpha-glucosidase (unknown origin) using PNPG as substrate at 5 to 45 uM preincubated for 15 mins followed by substrate addition and measured after 10 mins by microplate reader analysis,,,CHEMBL5126577,3867550,1
CHEMBL5201996,C=CCc1cc(-c2cc(CC=C)c3oc(SCc4nnc(-c5ccccc5Cl)o4)nc3c2)c2oc(SCc3nnc(-c4ccccc4Cl)o3)nc2c1,24779210,CHEMBL5129104,CHEMBL2074,Inhibition,19.4,%,,=,single protein format,B,Inhibition of alpha-glucosidase (unknown origin) using PNPG as substrate at 5 to 45 uM preincubated for 15 mins followed by substrate addition and measured after 10 mins by microplate reader analysis,,,CHEMBL5126577,3867551,1
CHEMBL5173632,C=CCc1cc(-c2cc(CC=C)c3oc(SCc4nnc(-c5cccc(Cl)c5)o4)nc3c2)c2oc(SCc3nnc(-c4cccc(Cl)c4)o3)nc2c1,24779211,CHEMBL5129104,CHEMBL2074,Inhibition,10.4,%,,=,single protein format,B,Inhibition of alpha-glucosidase (unknown origin) using PNPG as substrate at 5 to 45 uM preincubated for 15 mins followed by substrate addition and measured after 10 mins by microplate reader analysis,,,CHEMBL5126577,3867552,1
CHEMBL5184528,C=CCc1cc(-c2cc(CC=C)c3oc(SCc4nnc(-c5ccc(Cl)cc5)o4)nc3c2)c2oc(SCc3nnc(-c4ccc(Cl)cc4)o3)nc2c1,24779212,CHEMBL5129104,CHEMBL2074,Inhibition,57.9,%,,=,single protein format,B,Inhibition of alpha-glucosidase (unknown origin) using PNPG as substrate at 5 to 45 uM preincubated for 15 mins followed by substrate addition and measured after 10 mins by microplate reader analysis,,,CHEMBL5126577,3867553,1
CHEMBL5209522,C=CCc1cc(-c2cc(CC=C)c3oc(SCc4nnc(-c5ccccc5Br)o4)nc3c2)c2oc(SCc3nnc(-c4ccccc4Br)o3)nc2c1,24779213,CHEMBL5129104,CHEMBL2074,Inhibition,91.5,%,,=,single protein format,B,Inhibition of alpha-glucosidase (unknown origin) using PNPG as substrate at 5 to 45 uM preincubated for 15 mins followed by substrate addition and measured after 10 mins by microplate reader analysis,,,CHEMBL5126577,3867554,1
CHEMBL5188001,C=CCc1cc(-c2cc(CC=C)c3oc(SCc4nnc(-c5cccc(Br)c5)o4)nc3c2)c2oc(SCc3nnc(-c4cccc(Br)c4)o3)nc2c1,24779214,CHEMBL5129104,CHEMBL2074,Inhibition,12.4,%,,=,single protein format,B,Inhibition of alpha-glucosidase (unknown origin) using PNPG as substrate at 5 to 45 uM preincubated for 15 mins followed by substrate addition and measured after 10 mins by microplate reader analysis,,,CHEMBL5126577,3867555,1
CHEMBL5184785,C=CCc1cc(-c2cc(CC=C)c3oc(SCc4nnc(-c5ccc(Br)cc5)o4)nc3c2)c2oc(SCc3nnc(-c4ccc(Br)cc4)o3)nc2c1,24779215,CHEMBL5129104,CHEMBL2074,Inhibition,22.4,%,,=,single protein format,B,Inhibition of alpha-glucosidase (unknown origin) using PNPG as substrate at 5 to 45 uM preincubated for 15 mins followed by substrate addition and measured after 10 mins by microplate reader analysis,,,CHEMBL5126577,3867556,1
CHEMBL5178321,C=CCc1cc(-c2cc(CC=C)c3oc(SCc4nnc(-c5ccccc5C)o4)nc3c2)c2oc(SCc3nnc(-c4ccccc4C)o3)nc2c1,24779216,CHEMBL5129104,CHEMBL2074,Inhibition,95.3,%,,=,single protein format,B,Inhibition of alpha-glucosidase (unknown origin) using PNPG as substrate at 5 to 45 uM preincubated for 15 mins followed by substrate addition and measured after 10 mins by microplate reader analysis,,,CHEMBL5126577,3867557,1
CHEMBL5202537,C=CCc1cc(-c2cc(CC=C)c3oc(SCc4nnc(-c5cccc(C)c5)o4)nc3c2)c2oc(SCc3nnc(-c4cccc(C)c4)o3)nc2c1,24779217,CHEMBL5129104,CHEMBL2074,Inhibition,95.2,%,,=,single protein format,B,Inhibition of alpha-glucosidase (unknown origin) using PNPG as substrate at 5 to 45 uM preincubated for 15 mins followed by substrate addition and measured after 10 mins by microplate reader analysis,,,CHEMBL5126577,3867558,1
CHEMBL5179105,C=CCc1cc(-c2cc(CC=C)c3oc(SCc4nnc(-c5ccc(C)cc5)o4)nc3c2)c2oc(SCc3nnc(-c4ccc(C)cc4)o3)nc2c1,24779218,CHEMBL5129104,CHEMBL2074,Inhibition,13.5,%,,=,single protein format,B,Inhibition of alpha-glucosidase (unknown origin) using PNPG as substrate at 5 to 45 uM preincubated for 15 mins followed by substrate addition and measured after 10 mins by microplate reader analysis,,,CHEMBL5126577,3867559,1
CHEMBL5191158,C=CCc1cc(-c2cc(CC=C)c3oc(SCc4nnc(-c5ccccc5OC)o4)nc3c2)c2oc(SCc3nnc(-c4ccccc4OC)o3)nc2c1,24779219,CHEMBL5129104,CHEMBL2074,Inhibition,25.2,%,,=,single protein format,B,Inhibition of alpha-glucosidase (unknown origin) using PNPG as substrate at 5 to 45 uM preincubated for 15 mins followed by substrate addition and measured after 10 mins by microplate reader analysis,,,CHEMBL5126577,3867560,1
CHEMBL5186121,C=CCc1cc(-c2cc(CC=C)c3oc(SCc4nnc(-c5cccc(OC)c5)o4)nc3c2)c2oc(SCc3nnc(-c4cccc(OC)c4)o3)nc2c1,24779220,CHEMBL5129104,CHEMBL2074,Inhibition,95.5,%,,=,single protein format,B,Inhibition of alpha-glucosidase (unknown origin) using PNPG as substrate at 5 to 45 uM preincubated for 15 mins followed by substrate addition and measured after 10 mins by microplate reader analysis,,,CHEMBL5126577,3867561,1
CHEMBL5190273,C=CCc1cc(-c2cc(CC=C)c3oc(SCc4nnc(-c5ccc(OC)cc5)o4)nc3c2)c2oc(SCc3nnc(-c4ccc(OC)cc4)o3)nc2c1,24779221,CHEMBL5129104,CHEMBL2074,Inhibition,9.9,%,,=,single protein format,B,Inhibition of alpha-glucosidase (unknown origin) using PNPG as substrate at 5 to 45 uM preincubated for 15 mins followed by substrate addition and measured after 10 mins by microplate reader analysis,,,CHEMBL5126577,3867562,1
CHEMBL5205832,C=CCc1cc(CSc2nnc(-c3ccccc3)o2)c(O)c(-c2ccc(O)c(CC=C)c2)c1,24779222,CHEMBL5129104,CHEMBL2074,Inhibition,69.8,%,,=,single protein format,B,Inhibition of alpha-glucosidase (unknown origin) using PNPG as substrate at 5 to 45 uM preincubated for 15 mins followed by substrate addition and measured after 10 mins by microplate reader analysis,,,CHEMBL5126577,3867563,1
CHEMBL5209533,C=CCc1cc(CSc2nnc(-c3cccc(F)c3)o2)c(O)c(-c2ccc(O)c(CC=C)c2)c1,24779223,CHEMBL5129104,CHEMBL2074,Inhibition,53.5,%,,=,single protein format,B,Inhibition of alpha-glucosidase (unknown origin) using PNPG as substrate at 5 to 45 uM preincubated for 15 mins followed by substrate addition and measured after 10 mins by microplate reader analysis,,,CHEMBL5126577,3867564,1
CHEMBL5204998,C=CCc1cc(CSc2nnc(-c3ccccc3Cl)o2)c(O)c(-c2ccc(O)c(CC=C)c2)c1,24779224,CHEMBL5129104,CHEMBL2074,Inhibition,64.5,%,,=,single protein format,B,Inhibition of alpha-glucosidase (unknown origin) using PNPG as substrate at 5 to 45 uM preincubated for 15 mins followed by substrate addition and measured after 10 mins by microplate reader analysis,,,CHEMBL5126577,3867565,1
CHEMBL5204398,C=CCc1cc(CSc2nnc(-c3ccc(Cl)cc3)o2)c(O)c(-c2ccc(O)c(CC=C)c2)c1,24779225,CHEMBL5129104,CHEMBL2074,Inhibition,7.1,%,,=,single protein format,B,Inhibition of alpha-glucosidase (unknown origin) using PNPG as substrate at 5 to 45 uM preincubated for 15 mins followed by substrate addition and measured after 10 mins by microplate reader analysis,,,CHEMBL5126577,3867566,1
CHEMBL5179659,C=CCc1cc(CSc2nnc(-c3ccc(Br)cc3)o2)c(O)c(-c2ccc(O)c(CC=C)c2)c1,24779226,CHEMBL5129104,CHEMBL2074,Inhibition,3.7,%,,=,single protein format,B,Inhibition of alpha-glucosidase (unknown origin) using PNPG as substrate at 5 to 45 uM preincubated for 15 mins followed by substrate addition and measured after 10 mins by microplate reader analysis,,,CHEMBL5126577,3867567,1
CHEMBL5208330,C=CCc1cc(CSc2nnc(-c3ccccc3C)o2)c(O)c(-c2ccc(O)c(CC=C)c2)c1,24779227,CHEMBL5129104,CHEMBL2074,Inhibition,64.5,%,,=,single protein format,B,Inhibition of alpha-glucosidase (unknown origin) using PNPG as substrate at 5 to 45 uM preincubated for 15 mins followed by substrate addition and measured after 10 mins by microplate reader analysis,,,CHEMBL5126577,3867568,1
CHEMBL5186894,C=CCc1cc(CSc2nnc(-c3cccc(C)c3)o2)c(O)c(-c2ccc(O)c(CC=C)c2)c1,24779228,CHEMBL5129104,CHEMBL2074,Inhibition,78.2,%,,=,single protein format,B,Inhibition of alpha-glucosidase (unknown origin) using PNPG as substrate at 5 to 45 uM preincubated for 15 mins followed by substrate addition and measured after 10 mins by microplate reader analysis,,,CHEMBL5126577,3867569,1
CHEMBL5203202,C=CCc1cc(CSc2nnc(-c3ccc(C)cc3)o2)c(O)c(-c2ccc(O)c(CC=C)c2)c1,24779229,CHEMBL5129104,CHEMBL2074,Inhibition,6.7,%,,=,single protein format,B,Inhibition of alpha-glucosidase (unknown origin) using PNPG as substrate at 5 to 45 uM preincubated for 15 mins followed by substrate addition and measured after 10 mins by microplate reader analysis,,,CHEMBL5126577,3867570,1
CHEMBL5195148,C=CCc1cc(CSc2nnc(-c3cccc(OC)c3)o2)c(O)c(-c2ccc(O)c(CC=C)c2)c1,24779230,CHEMBL5129104,CHEMBL2074,Inhibition,81.8,%,,=,single protein format,B,Inhibition of alpha-glucosidase (unknown origin) using PNPG as substrate at 5 to 45 uM preincubated for 15 mins followed by substrate addition and measured after 10 mins by microplate reader analysis,,,CHEMBL5126577,3867571,1
CHEMBL5199453,C=CCc1cc(CSc2nnc(-c3ccc([N+](=O)[O-])cc3)o2)c(O)c(-c2ccc(O)c(CC=C)c2)c1,24779231,CHEMBL5129104,CHEMBL2074,Inhibition,79.5,%,,=,single protein format,B,Inhibition of alpha-glucosidase (unknown origin) using PNPG as substrate at 5 to 45 uM preincubated for 15 mins followed by substrate addition and measured after 10 mins by microplate reader analysis,,,CHEMBL5126577,3867572,1
CHEMBL5187952,C=CCc1cc(CSc2nnc(-c3cccnc3)o2)c(O)c(-c2ccc(O)c(CC=C)c2)c1,24779232,CHEMBL5129104,CHEMBL2074,Inhibition,33.2,%,,=,single protein format,B,Inhibition of alpha-glucosidase (unknown origin) using PNPG as substrate at 5 to 45 uM preincubated for 15 mins followed by substrate addition and measured after 10 mins by microplate reader analysis,,,CHEMBL5126577,3867573,1
CHEMBL16901,C=CCc1ccc(O)c(-c2ccc(O)c(CC=C)c2)c1,24779233,CHEMBL5129104,CHEMBL2074,Inhibition,17.1,%,,=,single protein format,B,Inhibition of alpha-glucosidase (unknown origin) using PNPG as substrate at 5 to 45 uM preincubated for 15 mins followed by substrate addition and measured after 10 mins by microplate reader analysis,,,CHEMBL5126577,3867574,1
CHEMBL404271,C[C@H]1O[C@H](O[C@H]2[C@H](O)[C@@H](O)[C@@H](O[C@H]3[C@H](O)[C@@H](O)C(O)O[C@@H]3CO)O[C@@H]2CO)[C@H](O)[C@@H](O)[C@@H]1N[C@H]1C=C(CO)[C@@H](O)[C@H](O)[C@H]1O,24779234,CHEMBL5129104,CHEMBL2074,Inhibition,96.4,%,,=,single protein format,B,Inhibition of alpha-glucosidase (unknown origin) using PNPG as substrate at 5 to 45 uM preincubated for 15 mins followed by substrate addition and measured after 10 mins by microplate reader analysis,,,CHEMBL5126577,3867575,1
CHEMBL5202537,C=CCc1cc(-c2cc(CC=C)c3oc(SCc4nnc(-c5cccc(C)c5)o4)nc3c2)c2oc(SCc3nnc(-c4cccc(C)c4)o3)nc2c1,24779235,CHEMBL5129105,CHEMBL2074,Ki,20800,nM,4.68,=,single protein format,B,Inhibition of alpha-glucosidase (unknown origin) assessed as inhibition constant incubated for 15 mins by dixon plot analysis,,,CHEMBL5126577,3867558,1
CHEMBL80254,OC[C@H]1NC[C@@H](O)[C@@H]1O,24821808,CHEMBL5140337,CHEMBL2074,IC50,56000,nM,4.25,=,subcellular format,B,Inhibition of human lysosomal alpha-glucosidase assessed as reduction of p-nitrophenol release using p-nitrophenyl-glycoside as substrate by spectrophotometric analysis,,,CHEMBL5137043,3876267,1
CHEMBL3751947,OC[C@@H]1NC[C@@H](O)[C@@H]1O,24821809,CHEMBL5140337,CHEMBL2074,IC50,2700,nM,5.57,=,subcellular format,B,Inhibition of human lysosomal alpha-glucosidase assessed as reduction of p-nitrophenol release using p-nitrophenyl-glycoside as substrate by spectrophotometric analysis,,,CHEMBL5137043,3876268,1
CHEMBL5199608,Cl.O[C@@H]1[C@@H](O)CN[C@H]1c1ccccc1,24821810,CHEMBL5140338,CHEMBL2074,Inhibition,24.6,%,,=,subcellular format,B,Inhibition of human lysosomal alpha-glucosidase assessed as reduction of p-nitrophenol release using p-nitrophenyl-glycoside as substrate at 1000 uM by spectrophotometric analysis,,,CHEMBL5137043,3876257,1
CHEMBL5187298,Cl.O[C@@H]1[C@@H](O)CN[C@H]1c1ccc(F)cc1,24821811,CHEMBL5140338,CHEMBL2074,Inhibition,30,%,,=,subcellular format,B,Inhibition of human lysosomal alpha-glucosidase assessed as reduction of p-nitrophenol release using p-nitrophenyl-glycoside as substrate at 1000 uM by spectrophotometric analysis,,,CHEMBL5137043,3876258,1
CHEMBL5172703,Cc1ccc([C@@H]2NC[C@H](O)[C@H]2O)cc1.Cl,24821812,CHEMBL5140338,CHEMBL2074,Inhibition,4.8,%,,=,subcellular format,B,Inhibition of human lysosomal alpha-glucosidase assessed as reduction of p-nitrophenol release using p-nitrophenyl-glycoside as substrate at 1000 uM by spectrophotometric analysis,,,CHEMBL5137043,3876259,1
CHEMBL5169411,Cl.O[C@@H]1[C@@H](O)CN[C@H]1c1ccc(-c2ccccc2)cc1,24821813,CHEMBL5140338,CHEMBL2074,Inhibition,15.6,%,,=,subcellular format,B,Inhibition of human lysosomal alpha-glucosidase assessed as reduction of p-nitrophenol release using p-nitrophenyl-glycoside as substrate at 1000 uM by spectrophotometric analysis,,,CHEMBL5137043,3876260,1
CHEMBL5190584,Cl.O[C@H]1[C@H](CCCc2ccccc2)NC[C@@H]1O,24821814,CHEMBL5140338,CHEMBL2074,Inhibition,27.8,%,,=,subcellular format,B,Inhibition of human lysosomal alpha-glucosidase assessed as reduction of p-nitrophenol release using p-nitrophenyl-glycoside as substrate at 1000 uM by spectrophotometric analysis,,,CHEMBL5137043,3876261,1
CHEMBL5189764,Cl.O[C@H]1[C@H](O)CN[C@@H]1c1ccccc1,24821815,CHEMBL5140338,CHEMBL2074,Inhibition,29,%,,=,subcellular format,B,Inhibition of human lysosomal alpha-glucosidase assessed as reduction of p-nitrophenol release using p-nitrophenyl-glycoside as substrate at 1000 uM by spectrophotometric analysis,,,CHEMBL5137043,3876262,1
CHEMBL5188105,Cl.O[C@H]1[C@H](O)CN[C@@H]1c1ccc(F)cc1,24821816,CHEMBL5140338,CHEMBL2074,Inhibition,13.4,%,,=,subcellular format,B,Inhibition of human lysosomal alpha-glucosidase assessed as reduction of p-nitrophenol release using p-nitrophenyl-glycoside as substrate at 1000 uM by spectrophotometric analysis,,,CHEMBL5137043,3876263,1
CHEMBL5192355,Cc1ccc([C@H]2NC[C@@H](O)[C@@H]2O)cc1.Cl,24821817,CHEMBL5140338,CHEMBL2074,Inhibition,15,%,,=,subcellular format,B,Inhibition of human lysosomal alpha-glucosidase assessed as reduction of p-nitrophenol release using p-nitrophenyl-glycoside as substrate at 1000 uM by spectrophotometric analysis,,,CHEMBL5137043,3876264,1
CHEMBL5204126,Cl.O[C@H]1[C@H](O)CN[C@@H]1c1ccc(-c2ccccc2)cc1,24821818,CHEMBL5140338,CHEMBL2074,Inhibition,2.9,%,,=,subcellular format,B,Inhibition of human lysosomal alpha-glucosidase assessed as reduction of p-nitrophenol release using p-nitrophenyl-glycoside as substrate at 1000 uM by spectrophotometric analysis,,,CHEMBL5137043,3876265,1
CHEMBL5181276,Cl.O[C@H]1[C@H](O)CN[C@@H]1CCCc1ccccc1,24821819,CHEMBL5140338,CHEMBL2074,Inhibition,26.5,%,,=,subcellular format,B,Inhibition of human lysosomal alpha-glucosidase assessed as reduction of p-nitrophenol release using p-nitrophenyl-glycoside as substrate at 1000 uM by spectrophotometric analysis,,,CHEMBL5137043,3876266,1
CHEMBL5175772,Cc1cc(O)c2c(c1)-c1c(-c3ccc(O)cc3)c(=O)oc3c1c-2c(O)c1cccc(O)c13,24823952,CHEMBL5140821,CHEMBL2074,IC50,890,nM,6.05,=,single protein format,B,Inhibition of alpha-glucosidase (unknown origin) using p-nitrophenyl-alpha-D-glucopyranoside as substrate incubated for 10 mins followed by substrate addition and measured after 15 mins by microplate reader analysis,,,CHEMBL5137056,3876838,1
CHEMBL5194087,Cc1cc(O)c2c(c1)-c1c(-c3c[nH]c4ccccc34)c(=O)oc3c1c-2c(O)c1cccc(O)c13,24823953,CHEMBL5140821,CHEMBL2074,IC50,1580,nM,5.8,=,single protein format,B,Inhibition of alpha-glucosidase (unknown origin) using p-nitrophenyl-alpha-D-glucopyranoside as substrate incubated for 10 mins followed by substrate addition and measured after 15 mins by microplate reader analysis,,,CHEMBL5137056,3876839,1
CHEMBL5175917,CC/C=C\C/C=C\CCC(=O)O[C@@]12[C@H](OC(=O)[C@@H](C)CC)[C@@H](C)[C@@]3(O)[C@@H](C(=O)C(CO)=C[C@]4(O)C(=O)C(C)=C[C@@H]34)[C@@H]1C2(C)C,24841168,CHEMBL5145587,CHEMBL2074,IC50,15300,nM,4.82,=,single protein format,B,Inhibition of Alpha-glucosidase (unknown origin),,,CHEMBL5143576,3880119,1
CHEMBL5289805,CC(C)=CCc1c(O)ccc2c1O/C(=C\c1ccc(O)cc1)C2=O,24972768,CHEMBL5223565,CHEMBL2074,IC50,73800,nM,4.13,=,single protein format,B,Inhibition of alpha-glucosidase (unknown origin),,,CHEMBL5223077,3902370,1
CHEMBL5274141,CC(C)(O)[C@H]1Cc2ccc3c(c2C1)O/C(=C\c1ccc(O)c(O)c1)C3=O,24972769,CHEMBL5223565,CHEMBL2074,IC50,62100,nM,4.21,=,single protein format,B,Inhibition of alpha-glucosidase (unknown origin),,,CHEMBL5223077,3902371,1
CHEMBL5281437,COc1ccc(CNC(=O)c2c(NC(=O)c3cccnc3)sc3c2CCC3)cc1,24978087,CHEMBL5225220,CHEMBL2074,Inhibition,55.4,%,,=,single protein format,B,Inhibition of alpha-glucosidase (unknown origin) at 100 uM relative to control,,,CHEMBL5223141,3903823,1
CHEMBL5267745,O=C(Nc1sc2c(c1C(=O)NCc1ccccc1)CCC2)c1cccnc1,24978088,CHEMBL5225220,CHEMBL2074,Inhibition,56.6,%,,=,single protein format,B,Inhibition of alpha-glucosidase (unknown origin) at 100 uM relative to control,,,CHEMBL5223141,3903824,1
CHEMBL5287336,O=C(Nc1sc2c(c1C(=O)NCc1ccccn1)CCC2)c1cccnc1,24978089,CHEMBL5225220,CHEMBL2074,Inhibition,30.5,%,,=,single protein format,B,Inhibition of alpha-glucosidase (unknown origin) at 100 uM relative to control,,,CHEMBL5223141,3903825,1
CHEMBL5274629,O=C(Nc1sc2c(c1C(=O)NCc1cccnc1)CCC2)c1cccnc1,24978090,CHEMBL5225220,CHEMBL2074,Inhibition,12.5,%,,=,single protein format,B,Inhibition of alpha-glucosidase (unknown origin) at 100 uM relative to control,,,CHEMBL5223141,3903826,1
CHEMBL5276020,O=C(Nc1sc2c(c1C(=O)NCc1ccncc1)CCC2)c1cccnc1,24978091,CHEMBL5225220,CHEMBL2074,Inhibition,1.1,%,,=,single protein format,B,Inhibition of alpha-glucosidase (unknown origin) at 100 uM relative to control,,,CHEMBL5223141,3903827,1
CHEMBL5283691,COc1cc(CNC(=O)c2c(NC(=O)c3cccnc3)sc3c2CCC3)ccc1O,24978092,CHEMBL5225220,CHEMBL2074,Inhibition,50.6,%,,=,single protein format,B,Inhibition of alpha-glucosidase (unknown origin) at 100 uM relative to control,,,CHEMBL5223141,3903828,1
CHEMBL5281833,COC(=O)c1ccc(CNC(=O)c2c(NC(=O)c3cccnc3)sc3c2CCC3)cc1,24978093,CHEMBL5225220,CHEMBL2074,Inhibition,21.9,%,,=,single protein format,B,Inhibition of alpha-glucosidase (unknown origin) at 100 uM relative to control,,,CHEMBL5223141,3903829,1
CHEMBL5275099,COc1cc2c(cc1OC)CN(C(=O)c1c(NC(=O)c3cccnc3)sc3c1CCC3)CC2,24978094,CHEMBL5225220,CHEMBL2074,Inhibition,23.2,%,,=,single protein format,B,Inhibition of alpha-glucosidase (unknown origin) at 100 uM relative to control,,,CHEMBL5223141,3903830,1
CHEMBL5286422,COc1ccc(CNC(=O)c2c(NC(=O)c3cccnc3)sc3c2CCCC3)cc1,24978095,CHEMBL5225220,CHEMBL2074,Inhibition,78.1,%,,=,single protein format,B,Inhibition of alpha-glucosidase (unknown origin) at 100 uM relative to control,,,CHEMBL5223141,3903831,1
CHEMBL5270418,O=C(Nc1sc2c(c1C(=O)NCc1ccccc1)CCCC2)c1cccnc1,24978096,CHEMBL5225220,CHEMBL2074,Inhibition,64.4,%,,=,single protein format,B,Inhibition of alpha-glucosidase (unknown origin) at 100 uM relative to control,,,CHEMBL5223141,3903832,1
CHEMBL5285158,O=C(Nc1sc2c(c1C(=O)NCc1ccccn1)CCCC2)c1cccnc1,24978097,CHEMBL5225220,CHEMBL2074,Inhibition,57.2,%,,=,single protein format,B,Inhibition of alpha-glucosidase (unknown origin) at 100 uM relative to control,,,CHEMBL5223141,3903833,1
CHEMBL5271561,O=C(Nc1sc2c(c1C(=O)NCc1cccnc1)CCCC2)c1cccnc1,24978098,CHEMBL5225220,CHEMBL2074,Inhibition,62.7,%,,=,single protein format,B,Inhibition of alpha-glucosidase (unknown origin) at 100 uM relative to control,,,CHEMBL5223141,3903834,1
CHEMBL5290656,O=C(Nc1sc2c(c1C(=O)NCc1ccncc1)CCCC2)c1cccnc1,24978099,CHEMBL5225220,CHEMBL2074,Inhibition,44.1,%,,=,single protein format,B,Inhibition of alpha-glucosidase (unknown origin) at 100 uM relative to control,,,CHEMBL5223141,3903835,1
CHEMBL5273222,COc1cc(CNC(=O)c2c(NC(=O)c3cccnc3)sc3c2CCCC3)ccc1O,24978100,CHEMBL5225220,CHEMBL2074,Inhibition,93.6,%,,=,single protein format,B,Inhibition of alpha-glucosidase (unknown origin) at 100 uM relative to control,,,CHEMBL5223141,3903836,1
CHEMBL5283357,COC(=O)c1ccc(CNC(=O)c2c(NC(=O)c3cccnc3)sc3c2CCCC3)cc1,24978101,CHEMBL5225220,CHEMBL2074,Inhibition,58.2,%,,=,single protein format,B,Inhibition of alpha-glucosidase (unknown origin) at 100 uM relative to control,,,CHEMBL5223141,3903837,1
CHEMBL5281231,COc1cc2c(cc1OC)CN(C(=O)c1c(NC(=O)c3cccnc3)sc3c1CCCC3)CC2,24978102,CHEMBL5225220,CHEMBL2074,Inhibition,42.2,%,,=,single protein format,B,Inhibition of alpha-glucosidase (unknown origin) at 100 uM relative to control,,,CHEMBL5223141,3903838,1
CHEMBL5270369,COc1ccc(CNC(=O)c2c(NC(=O)c3cccnc3)sc3c2CCCCC3)cc1,24978103,CHEMBL5225220,CHEMBL2074,Inhibition,44.1,%,,=,single protein format,B,Inhibition of alpha-glucosidase (unknown origin) at 100 uM relative to control,,,CHEMBL5223141,3903839,1
CHEMBL5268974,O=C(Nc1sc2c(c1C(=O)NCc1ccccc1)CCCCC2)c1cccnc1,24978104,CHEMBL5225220,CHEMBL2074,Inhibition,59,%,,=,single protein format,B,Inhibition of alpha-glucosidase (unknown origin) at 100 uM relative to control,,,CHEMBL5223141,3903840,1
CHEMBL5287807,O=C(Nc1sc2c(c1C(=O)NCc1ccccn1)CCCCC2)c1cccnc1,24978105,CHEMBL5225220,CHEMBL2074,Inhibition,26.8,%,,=,single protein format,B,Inhibition of alpha-glucosidase (unknown origin) at 100 uM relative to control,,,CHEMBL5223141,3903841,1
CHEMBL5273877,O=C(Nc1sc2c(c1C(=O)NCc1cccnc1)CCCCC2)c1cccnc1,24978106,CHEMBL5225220,CHEMBL2074,Inhibition,26.5,%,,=,single protein format,B,Inhibition of alpha-glucosidase (unknown origin) at 100 uM relative to control,,,CHEMBL5223141,3903842,1
CHEMBL5272800,O=C(Nc1sc2c(c1C(=O)NCc1ccncc1)CCCCC2)c1cccnc1,24978107,CHEMBL5225220,CHEMBL2074,Inhibition,9.2,%,,=,single protein format,B,Inhibition of alpha-glucosidase (unknown origin) at 100 uM relative to control,,,CHEMBL5223141,3903843,1
CHEMBL5269761,COc1cc(CNC(=O)c2c(NC(=O)c3cccnc3)sc3c2CCCCC3)ccc1O,24978108,CHEMBL5225220,CHEMBL2074,Inhibition,81.7,%,,=,single protein format,B,Inhibition of alpha-glucosidase (unknown origin) at 100 uM relative to control,,,CHEMBL5223141,3903844,1
CHEMBL5274886,COC(=O)c1ccc(CNC(=O)c2c(NC(=O)c3cccnc3)sc3c2CCCCC3)cc1,24978109,CHEMBL5225220,CHEMBL2074,Inhibition,18.1,%,,=,single protein format,B,Inhibition of alpha-glucosidase (unknown origin) at 100 uM relative to control,,,CHEMBL5223141,3903845,1
CHEMBL5291023,COc1cc2c(cc1OC)CN(C(=O)c1c(NC(=O)c3cccnc3)sc3c1CCCCC3)CC2,24978110,CHEMBL5225220,CHEMBL2074,Inhibition,29.1,%,,=,single protein format,B,Inhibition of alpha-glucosidase (unknown origin) at 100 uM relative to control,,,CHEMBL5223141,3903846,1
CHEMBL5281437,COc1ccc(CNC(=O)c2c(NC(=O)c3cccnc3)sc3c2CCC3)cc1,24978111,CHEMBL5225221,CHEMBL2074,IC50,87600,nM,4.06,=,single protein format,B,Inhibition of alpha-glucosidase (unknown origin),,,CHEMBL5223141,3903823,1
CHEMBL5267745,O=C(Nc1sc2c(c1C(=O)NCc1ccccc1)CCC2)c1cccnc1,24978112,CHEMBL5225221,CHEMBL2074,IC50,82500,nM,4.08,=,single protein format,B,Inhibition of alpha-glucosidase (unknown origin),,,CHEMBL5223141,3903824,1
CHEMBL5283691,COc1cc(CNC(=O)c2c(NC(=O)c3cccnc3)sc3c2CCC3)ccc1O,24978113,CHEMBL5225221,CHEMBL2074,IC50,93600,nM,4.03,=,single protein format,B,Inhibition of alpha-glucosidase (unknown origin),,,CHEMBL5223141,3903828,1
CHEMBL5286422,COc1ccc(CNC(=O)c2c(NC(=O)c3cccnc3)sc3c2CCCC3)cc1,24978114,CHEMBL5225221,CHEMBL2074,IC50,30200,nM,4.52,=,single protein format,B,Inhibition of alpha-glucosidase (unknown origin),,,CHEMBL5223141,3903831,1
CHEMBL5270418,O=C(Nc1sc2c(c1C(=O)NCc1ccccc1)CCCC2)c1cccnc1,24978115,CHEMBL5225221,CHEMBL2074,IC50,45300,nM,4.34,=,single protein format,B,Inhibition of alpha-glucosidase (unknown origin),,,CHEMBL5223141,3903832,1
CHEMBL5285158,O=C(Nc1sc2c(c1C(=O)NCc1ccccn1)CCCC2)c1cccnc1,24978116,CHEMBL5225221,CHEMBL2074,IC50,64100,nM,4.19,=,single protein format,B,Inhibition of alpha-glucosidase (unknown origin),,,CHEMBL5223141,3903833,1
CHEMBL5271561,O=C(Nc1sc2c(c1C(=O)NCc1cccnc1)CCCC2)c1cccnc1,24978117,CHEMBL5225221,CHEMBL2074,IC50,507000,nM,,=,single protein format,B,Inhibition of alpha-glucosidase (unknown origin),,Outside typical range,CHEMBL5223141,3903834,1
CHEMBL5273222,COc1cc(CNC(=O)c2c(NC(=O)c3cccnc3)sc3c2CCCC3)ccc1O,24978118,CHEMBL5225221,CHEMBL2074,IC50,9900,nM,5,=,single protein format,B,Inhibition of alpha-glucosidase (unknown origin),,,CHEMBL5223141,3903836,1
CHEMBL5283357,COC(=O)c1ccc(CNC(=O)c2c(NC(=O)c3cccnc3)sc3c2CCCC3)cc1,24978119,CHEMBL5225221,CHEMBL2074,IC50,87800,nM,4.06,=,single protein format,B,Inhibition of alpha-glucosidase (unknown origin),,,CHEMBL5223141,3903837,1
CHEMBL5268974,O=C(Nc1sc2c(c1C(=O)NCc1ccccc1)CCCCC2)c1cccnc1,24978120,CHEMBL5225221,CHEMBL2074,IC50,63400,nM,4.2,=,single protein format,B,Inhibition of alpha-glucosidase (unknown origin),,,CHEMBL5223141,3903840,1
CHEMBL5269761,COc1cc(CNC(=O)c2c(NC(=O)c3cccnc3)sc3c2CCCCC3)ccc1O,24978121,CHEMBL5225221,CHEMBL2074,IC50,35400,nM,4.45,=,single protein format,B,Inhibition of alpha-glucosidase (unknown origin),,,CHEMBL5223141,3903844,1
CHEMBL404271,C[C@H]1O[C@H](O[C@H]2[C@H](O)[C@@H](O)[C@@H](O[C@H]3[C@H](O)[C@@H](O)C(O)O[C@@H]3CO)O[C@@H]2CO)[C@H](O)[C@@H](O)[C@@H]1N[C@H]1C=C(CO)[C@@H](O)[C@H](O)[C@H]1O,24978122,CHEMBL5225221,CHEMBL2074,IC50,258500,nM,,=,single protein format,B,Inhibition of alpha-glucosidase (unknown origin),,Outside typical range,CHEMBL5223141,3903847,1
CHEMBL1561,OCCN1C[C@H](O)[C@@H](O)[C@H](O)[C@H]1CO,24978123,CHEMBL5225221,CHEMBL2074,IC50,154300,nM,,=,single protein format,B,Inhibition of alpha-glucosidase (unknown origin),,Outside typical range,CHEMBL5223141,3903848,1
CHEMBL5273222,COc1cc(CNC(=O)c2c(NC(=O)c3cccnc3)sc3c2CCCC3)ccc1O,24978138,CHEMBL5225224,CHEMBL2074,Activity,,,,,single protein format,B,Inhibition of alpha-glucosidase (unknown origin) assessed as increase in intrinsic fluorescence emission,Dose-Dependent Effect,,CHEMBL5223141,3903836,1
CHEMBL5273222,COc1cc(CNC(=O)c2c(NC(=O)c3cccnc3)sc3c2CCCC3)ccc1O,24978139,CHEMBL5225225,CHEMBL2074,Activity,,,,,single protein format,B,Mixed type inhibition of alpha-glucosidase (unknown origin) assessed as decrease in Vmax by measuring increase in slope using pNPG as substrate at upto 25 uM by Lineweaver-Burk plot analysis,Active,,CHEMBL5223141,3903836,1
CHEMBL5273222,COc1cc(CNC(=O)c2c(NC(=O)c3cccnc3)sc3c2CCCC3)ccc1O,24978140,CHEMBL5225226,CHEMBL2074,Activity,,,,,single protein format,B,Mixed type inhibition of alpha-glucosidase (unknown origin) assessed as increase in Km by measuring increase in intercept using pNPG as substrate at upto 25 uM by Lineweaver-Burk plot analysis,Active,,CHEMBL5223141,3903836,1
CHEMBL5278597,C=CCc1ccc(O)c(-c2cc(CC=C)cc(CN(C)C(C)C)c2O)c1,25015110,CHEMBL5238062,CHEMBL2074,Inhibition,3.4,%,,=,single protein format,B,Inhibition of alpha-glucosidase (unknown origin) using pNPG as substrate at 64 uM preincubated with enzyme for 15 mins followed by substrate addition and measured after 10 mins by microplate reader analysis,,,CHEMBL5236583,3915619,1
CHEMBL5284378,C=CCc1ccc(O)c(-c2cc(CC=C)cc(CN(CC(C)C)CC(C)C)c2O)c1,25015111,CHEMBL5238062,CHEMBL2074,Inhibition,3.8,%,,=,single protein format,B,Inhibition of alpha-glucosidase (unknown origin) using pNPG as substrate at 64 uM preincubated with enzyme for 15 mins followed by substrate addition and measured after 10 mins by microplate reader analysis,,,CHEMBL5236583,3915620,1
CHEMBL5268930,C=CCc1ccc(O)c(-c2cc(CC=C)cc(CN(CCC)CCC)c2O)c1,25015112,CHEMBL5238062,CHEMBL2074,Inhibition,6.3,%,,=,single protein format,B,Inhibition of alpha-glucosidase (unknown origin) using pNPG as substrate at 64 uM preincubated with enzyme for 15 mins followed by substrate addition and measured after 10 mins by microplate reader analysis,,,CHEMBL5236583,3915621,1
CHEMBL5286697,C=CCc1ccc(O)c(-c2cc(CC=C)cc(CN(CCCC)CCCC)c2O)c1,25015113,CHEMBL5238062,CHEMBL2074,Inhibition,8.2,%,,=,single protein format,B,Inhibition of alpha-glucosidase (unknown origin) using pNPG as substrate at 64 uM preincubated with enzyme for 15 mins followed by substrate addition and measured after 10 mins by microplate reader analysis,,,CHEMBL5236583,3915622,1
CHEMBL5269416,C=CCc1ccc(O)c(-c2cc(CC=C)cc(CN3CCC(C)CC3)c2O)c1,25015114,CHEMBL5238062,CHEMBL2074,Inhibition,6.3,%,,=,single protein format,B,Inhibition of alpha-glucosidase (unknown origin) using pNPG as substrate at 64 uM preincubated with enzyme for 15 mins followed by substrate addition and measured after 10 mins by microplate reader analysis,,,CHEMBL5236583,3915623,1
CHEMBL4177042,C=CCc1ccc(O)c(-c2cc(CC=C)cc(CN3CCN(C)CC3)c2O)c1,25015115,CHEMBL5238062,CHEMBL2074,Inhibition,9.4,%,,=,single protein format,B,Inhibition of alpha-glucosidase (unknown origin) using pNPG as substrate at 64 uM preincubated with enzyme for 15 mins followed by substrate addition and measured after 10 mins by microplate reader analysis,,,CHEMBL5236583,3915624,1
CHEMBL5283373,C=CCc1ccc(O)c(-c2cc(CC=C)cc(CN(C)c3ccccc3)c2O)c1,25015116,CHEMBL5238062,CHEMBL2074,Inhibition,15.5,%,,=,single protein format,B,Inhibition of alpha-glucosidase (unknown origin) using pNPG as substrate at 64 uM preincubated with enzyme for 15 mins followed by substrate addition and measured after 10 mins by microplate reader analysis,,,CHEMBL5236583,3915625,1
CHEMBL5271754,C=CCc1cc(CN(C)C(C)C)c(O)c(-c2cc(CC=C)c(O)c(CN(C)C(C)C)c2)c1,25015117,CHEMBL5238062,CHEMBL2074,Inhibition,4.1,%,,=,single protein format,B,Inhibition of alpha-glucosidase (unknown origin) using pNPG as substrate at 64 uM preincubated with enzyme for 15 mins followed by substrate addition and measured after 10 mins by microplate reader analysis,,,CHEMBL5236583,3915626,1
CHEMBL5277979,C=CCc1cc(CN(C(C)C)C(C)C)c(O)c(-c2cc(CC=C)c(O)c(CN(C(C)C)C(C)C)c2)c1,25015118,CHEMBL5238062,CHEMBL2074,Inhibition,7.2,%,,=,single protein format,B,Inhibition of alpha-glucosidase (unknown origin) using pNPG as substrate at 64 uM preincubated with enzyme for 15 mins followed by substrate addition and measured after 10 mins by microplate reader analysis,,,CHEMBL5236583,3915627,1
CHEMBL5278009,C=CCc1cc(CN(CC(C)C)CC(C)C)c(O)c(-c2cc(CC=C)c(O)c(CN(CC(C)C)CC(C)C)c2)c1,25015119,CHEMBL5238062,CHEMBL2074,Inhibition,6.2,%,,=,single protein format,B,Inhibition of alpha-glucosidase (unknown origin) using pNPG as substrate at 64 uM preincubated with enzyme for 15 mins followed by substrate addition and measured after 10 mins by microplate reader analysis,,,CHEMBL5236583,3915628,1
CHEMBL5285651,C=CCc1cc(CN(CCC)CCC)c(O)c(-c2cc(CC=C)c(O)c(CN(CCC)CCC)c2)c1,25015120,CHEMBL5238062,CHEMBL2074,Inhibition,4.8,%,,=,single protein format,B,Inhibition of alpha-glucosidase (unknown origin) using pNPG as substrate at 64 uM preincubated with enzyme for 15 mins followed by substrate addition and measured after 10 mins by microplate reader analysis,,,CHEMBL5236583,3915629,1
CHEMBL5276286,C=CCc1cc(CN(CCCC)CCCC)c(O)c(-c2cc(CC=C)c(O)c(CN(CCCC)CCCC)c2)c1,25015121,CHEMBL5238062,CHEMBL2074,Inhibition,4.7,%,,=,single protein format,B,Inhibition of alpha-glucosidase (unknown origin) using pNPG as substrate at 64 uM preincubated with enzyme for 15 mins followed by substrate addition and measured after 10 mins by microplate reader analysis,,,CHEMBL5236583,3915630,1
CHEMBL5280782,C=CCc1cc(CN2CCC(C)CC2)c(O)c(-c2cc(CC=C)c(O)c(CN3CCC(C)CC3)c2)c1,25015122,CHEMBL5238062,CHEMBL2074,Inhibition,6.5,%,,=,single protein format,B,Inhibition of alpha-glucosidase (unknown origin) using pNPG as substrate at 64 uM preincubated with enzyme for 15 mins followed by substrate addition and measured after 10 mins by microplate reader analysis,,,CHEMBL5236583,3915631,1
CHEMBL5288159,C=CCc1cc(CN2CCCCC2C)c(O)c(-c2cc(CC=C)c(O)c(CN3CCCCC3C)c2)c1,25015123,CHEMBL5238062,CHEMBL2074,Inhibition,3.33,%,,=,single protein format,B,Inhibition of alpha-glucosidase (unknown origin) using pNPG as substrate at 64 uM preincubated with enzyme for 15 mins followed by substrate addition and measured after 10 mins by microplate reader analysis,,,CHEMBL5236583,3915632,1
CHEMBL5270429,C=CCc1cc(CN(C)c2ccccc2)c(O)c(-c2cc(CC=C)c(O)c(CN(C)c3ccccc3)c2)c1,25015124,CHEMBL5238062,CHEMBL2074,Inhibition,63,%,,=,single protein format,B,Inhibition of alpha-glucosidase (unknown origin) using pNPG as substrate at 64 uM preincubated with enzyme for 15 mins followed by substrate addition and measured after 10 mins by microplate reader analysis,,,CHEMBL5236583,3915633,1
CHEMBL5282477,C=CCc1cc(CN2CCCC2)c(O)c(-c2cc(CC=C)c(O)c(CN3CCCC3)c2)c1,25015125,CHEMBL5238062,CHEMBL2074,Inhibition,4.7,%,,=,single protein format,B,Inhibition of alpha-glucosidase (unknown origin) using pNPG as substrate at 64 uM preincubated with enzyme for 15 mins followed by substrate addition and measured after 10 mins by microplate reader analysis,,,CHEMBL5236583,3915634,1
CHEMBL404271,C[C@H]1O[C@H](O[C@H]2[C@H](O)[C@@H](O)[C@@H](O[C@H]3[C@H](O)[C@@H](O)C(O)O[C@@H]3CO)O[C@@H]2CO)[C@H](O)[C@@H](O)[C@@H]1N[C@H]1C=C(CO)[C@@H](O)[C@H](O)[C@H]1O,25015126,CHEMBL5238062,CHEMBL2074,Inhibition,99,%,,=,single protein format,B,Inhibition of alpha-glucosidase (unknown origin) using pNPG as substrate at 64 uM preincubated with enzyme for 15 mins followed by substrate addition and measured after 10 mins by microplate reader analysis,,,CHEMBL5236583,3915635,1
CHEMBL5287660,C=CCc1cc(-c2ccc(O)c(CC=C)c2)c(O)c(C(c2cc(OC)c(OC)c(OC)c2)N2CCCC2)c1,25015127,CHEMBL5238062,CHEMBL2074,Inhibition,43,%,,=,single protein format,B,Inhibition of alpha-glucosidase (unknown origin) using pNPG as substrate at 64 uM preincubated with enzyme for 15 mins followed by substrate addition and measured after 10 mins by microplate reader analysis,,,CHEMBL5236583,3915636,1
CHEMBL5287947,C=CCc1cc(-c2ccc(O)c(CC=C)c2)c(O)c(C(c2cc(OC)c(OC)c(OC)c2)N2CCCCC2)c1,25015128,CHEMBL5238062,CHEMBL2074,Inhibition,56.4,%,,=,single protein format,B,Inhibition of alpha-glucosidase (unknown origin) using pNPG as substrate at 64 uM preincubated with enzyme for 15 mins followed by substrate addition and measured after 10 mins by microplate reader analysis,,,CHEMBL5236583,3915637,1
CHEMBL5270854,C=CCc1cc(-c2ccc(O)c(CC=C)c2)c(O)c(C(c2ccc(OC)cc2)N2CCCCC2)c1,25015129,CHEMBL5238062,CHEMBL2074,Inhibition,85,%,,=,single protein format,B,Inhibition of alpha-glucosidase (unknown origin) using pNPG as substrate at 64 uM preincubated with enzyme for 15 mins followed by substrate addition and measured after 10 mins by microplate reader analysis,,,CHEMBL5236583,3915638,1
CHEMBL5267319,C=CCc1cc(-c2ccc(O)c(CC=C)c2)c(O)c(C(c2ccc(OC)cc2)N2CCOCC2)c1,25015130,CHEMBL5238062,CHEMBL2074,Inhibition,6.2,%,,=,single protein format,B,Inhibition of alpha-glucosidase (unknown origin) using pNPG as substrate at 64 uM preincubated with enzyme for 15 mins followed by substrate addition and measured after 10 mins by microplate reader analysis,,,CHEMBL5236583,3915639,1
CHEMBL5284335,C=CCc1cc(-c2ccc(O)c(CC=C)c2)c(O)c(C(c2ccccc2)N2CCCCC2)c1,25015131,CHEMBL5238062,CHEMBL2074,Inhibition,13.6,%,,=,single protein format,B,Inhibition of alpha-glucosidase (unknown origin) using pNPG as substrate at 64 uM preincubated with enzyme for 15 mins followed by substrate addition and measured after 10 mins by microplate reader analysis,,,CHEMBL5236583,3915640,1
CHEMBL5284885,C=CCc1cc(-c2ccc(O)c(CC=C)c2)c(O)c(C(c2ccccc2)N2CCC(C)CC2)c1,25015132,CHEMBL5238062,CHEMBL2074,Inhibition,25.8,%,,=,single protein format,B,Inhibition of alpha-glucosidase (unknown origin) using pNPG as substrate at 64 uM preincubated with enzyme for 15 mins followed by substrate addition and measured after 10 mins by microplate reader analysis,,,CHEMBL5236583,3915641,1
CHEMBL5269113,C=CCc1cc(-c2ccc(O)c(CC=C)c2)c(O)c(C(c2ccc(Cl)cc2)N2CCCC2)c1,25015133,CHEMBL5238062,CHEMBL2074,Inhibition,40.6,%,,=,single protein format,B,Inhibition of alpha-glucosidase (unknown origin) using pNPG as substrate at 64 uM preincubated with enzyme for 15 mins followed by substrate addition and measured after 10 mins by microplate reader analysis,,,CHEMBL5236583,3915642,1
CHEMBL5290242,C=CCc1cc(-c2ccc(O)c(CC=C)c2)c(O)c(C(c2ccc(Cl)cc2)N2CCCCC2)c1,25015134,CHEMBL5238062,CHEMBL2074,Inhibition,45,%,,=,single protein format,B,Inhibition of alpha-glucosidase (unknown origin) using pNPG as substrate at 64 uM preincubated with enzyme for 15 mins followed by substrate addition and measured after 10 mins by microplate reader analysis,,,CHEMBL5236583,3915643,1
CHEMBL5267886,C=CCc1cc(-c2ccc(O)c(CC=C)c2)c(O)c(C(c2ccc(Cl)cc2)N2CCC(C)CC2)c1,25015135,CHEMBL5238062,CHEMBL2074,Inhibition,8.6,%,,=,single protein format,B,Inhibition of alpha-glucosidase (unknown origin) using pNPG as substrate at 64 uM preincubated with enzyme for 15 mins followed by substrate addition and measured after 10 mins by microplate reader analysis,,,CHEMBL5236583,3915644,1
CHEMBL5280017,C=CCc1cc(-c2ccc(O)c(CC=C)c2)c(O)c(C(c2cc(Cl)cc(Cl)c2)N2CCCCC2)c1,25015136,CHEMBL5238062,CHEMBL2074,Inhibition,87.7,%,,=,single protein format,B,Inhibition of alpha-glucosidase (unknown origin) using pNPG as substrate at 64 uM preincubated with enzyme for 15 mins followed by substrate addition and measured after 10 mins by microplate reader analysis,,,CHEMBL5236583,3915645,1
CHEMBL5286499,C=CCc1cc(-c2ccc(O)c(CC=C)c2)c(O)c(C(c2cc(Cl)cc(Cl)c2)N2CCC(C)CC2)c1,25015137,CHEMBL5238062,CHEMBL2074,Inhibition,97.5,%,,=,single protein format,B,Inhibition of alpha-glucosidase (unknown origin) using pNPG as substrate at 64 uM preincubated with enzyme for 15 mins followed by substrate addition and measured after 10 mins by microplate reader analysis,,,CHEMBL5236583,3915646,1
CHEMBL5273816,C=CCc1cc(-c2ccc(O)c(CC=C)c2)c(O)c(C(c2cc(Cl)cc(Cl)c2)N2CCOCC2)c1,25015138,CHEMBL5238062,CHEMBL2074,Inhibition,92.6,%,,=,single protein format,B,Inhibition of alpha-glucosidase (unknown origin) using pNPG as substrate at 64 uM preincubated with enzyme for 15 mins followed by substrate addition and measured after 10 mins by microplate reader analysis,,,CHEMBL5236583,3915647,1
CHEMBL5286251,C=CCc1cc(-c2cc(CC=C)c(O)c(C(c3ccc(OC)cc3)N3CCC(C)CC3)c2)c(O)c(C(c2ccc(OC)cc2)N2CCC(C)CC2)c1,25015139,CHEMBL5238062,CHEMBL2074,Inhibition,27.8,%,,=,single protein format,B,Inhibition of alpha-glucosidase (unknown origin) using pNPG as substrate at 64 uM preincubated with enzyme for 15 mins followed by substrate addition and measured after 10 mins by microplate reader analysis,,,CHEMBL5236583,3915648,1
CHEMBL5269617,C=CCc1cc(-c2cc(CC=C)c(O)c(C(c3ccc(Cl)cc3)N3CCOCC3)c2)c(O)c(C(c2ccc(Cl)cc2)N2CCOCC2)c1,25015140,CHEMBL5238062,CHEMBL2074,Inhibition,80.1,%,,=,single protein format,B,Inhibition of alpha-glucosidase (unknown origin) using pNPG as substrate at 64 uM preincubated with enzyme for 15 mins followed by substrate addition and measured after 10 mins by microplate reader analysis,,,CHEMBL5236583,3915649,1
CHEMBL180920,C=CCc1ccc(O)c(-c2cc(CC=C)ccc2O)c1,25015141,CHEMBL5238062,CHEMBL2074,Inhibition,9.6,%,,=,single protein format,B,Inhibition of alpha-glucosidase (unknown origin) using pNPG as substrate at 64 uM preincubated with enzyme for 15 mins followed by substrate addition and measured after 10 mins by microplate reader analysis,,,CHEMBL5236583,3915650,1
CHEMBL16901,C=CCc1ccc(O)c(-c2ccc(O)c(CC=C)c2)c1,25015142,CHEMBL5238062,CHEMBL2074,Inhibition,30.6,%,,=,single protein format,B,Inhibition of alpha-glucosidase (unknown origin) using pNPG as substrate at 64 uM preincubated with enzyme for 15 mins followed by substrate addition and measured after 10 mins by microplate reader analysis,,,CHEMBL5236583,3915651,1
CHEMBL404271,C[C@H]1O[C@H](O[C@H]2[C@H](O)[C@@H](O)[C@@H](O[C@H]3[C@H](O)[C@@H](O)C(O)O[C@@H]3CO)O[C@@H]2CO)[C@H](O)[C@@H](O)[C@@H]1N[C@H]1C=C(CO)[C@@H](O)[C@H](O)[C@H]1O,25015143,CHEMBL5238063,CHEMBL2074,IC50,40730,nM,4.39,=,single protein format,B,Inhibition of alpha-glucosidase (unknown origin) using pNPG as substrate preincubated with enzyme for 15 mins followed by substrate addition and measured after 10 mins by microplate reader analysis,,,CHEMBL5236583,3915635,1
CHEMBL5270854,C=CCc1cc(-c2ccc(O)c(CC=C)c2)c(O)c(C(c2ccc(OC)cc2)N2CCCCC2)c1,25015144,CHEMBL5238063,CHEMBL2074,IC50,30450,nM,4.52,=,single protein format,B,Inhibition of alpha-glucosidase (unknown origin) using pNPG as substrate preincubated with enzyme for 15 mins followed by substrate addition and measured after 10 mins by microplate reader analysis,,,CHEMBL5236583,3915638,1
CHEMBL5280017,C=CCc1cc(-c2ccc(O)c(CC=C)c2)c(O)c(C(c2cc(Cl)cc(Cl)c2)N2CCCCC2)c1,25015145,CHEMBL5238063,CHEMBL2074,IC50,23510,nM,4.63,=,single protein format,B,Inhibition of alpha-glucosidase (unknown origin) using pNPG as substrate preincubated with enzyme for 15 mins followed by substrate addition and measured after 10 mins by microplate reader analysis,,,CHEMBL5236583,3915645,1
CHEMBL5286499,C=CCc1cc(-c2ccc(O)c(CC=C)c2)c(O)c(C(c2cc(Cl)cc(Cl)c2)N2CCC(C)CC2)c1,25015146,CHEMBL5238063,CHEMBL2074,IC50,14940,nM,4.83,=,single protein format,B,Inhibition of alpha-glucosidase (unknown origin) using pNPG as substrate preincubated with enzyme for 15 mins followed by substrate addition and measured after 10 mins by microplate reader analysis,,,CHEMBL5236583,3915646,1
CHEMBL5273816,C=CCc1cc(-c2ccc(O)c(CC=C)c2)c(O)c(C(c2cc(Cl)cc(Cl)c2)N2CCOCC2)c1,25015147,CHEMBL5238063,CHEMBL2074,IC50,13780,nM,4.86,=,single protein format,B,Inhibition of alpha-glucosidase (unknown origin) using pNPG as substrate preincubated with enzyme for 15 mins followed by substrate addition and measured after 10 mins by microplate reader analysis,,,CHEMBL5236583,3915647,1
CHEMBL5269617,C=CCc1cc(-c2cc(CC=C)c(O)c(C(c3ccc(Cl)cc3)N3CCOCC3)c2)c(O)c(C(c2ccc(Cl)cc2)N2CCOCC2)c1,25015148,CHEMBL5238063,CHEMBL2074,IC50,18580,nM,4.73,=,single protein format,B,Inhibition of alpha-glucosidase (unknown origin) using pNPG as substrate preincubated with enzyme for 15 mins followed by substrate addition and measured after 10 mins by microplate reader analysis,,,CHEMBL5236583,3915649,1
CHEMBL5286499,C=CCc1cc(-c2ccc(O)c(CC=C)c2)c(O)c(C(c2cc(Cl)cc(Cl)c2)N2CCC(C)CC2)c1,25015149,CHEMBL5238064,CHEMBL2074,Inhibition,,%,,,single protein format,B,Reversible inhibition of alpha-glucosidase (unknown origin) using pNPG as substrate assessed as reduction in velocity of enzyme-catalyzed reaction,Active,,CHEMBL5236583,3915646,1
CHEMBL5273816,C=CCc1cc(-c2ccc(O)c(CC=C)c2)c(O)c(C(c2cc(Cl)cc(Cl)c2)N2CCOCC2)c1,25015150,CHEMBL5238064,CHEMBL2074,Inhibition,,%,,,single protein format,B,Reversible inhibition of alpha-glucosidase (unknown origin) using pNPG as substrate assessed as reduction in velocity of enzyme-catalyzed reaction,Active,,CHEMBL5236583,3915647,1
CHEMBL5286499,C=CCc1cc(-c2ccc(O)c(CC=C)c2)c(O)c(C(c2cc(Cl)cc(Cl)c2)N2CCC(C)CC2)c1,25015151,CHEMBL5238065,CHEMBL2074,Inhibition,,%,,,single protein format,B,Non-competitive inhibition of alpha-glucosidase (unknown origin) using pNPG as substrate preincubated with enzyme for 15 mins followed by substrate addition and measured for 15 mins by Lineweaver-Burk plot analysis,Active,,CHEMBL5236583,3915646,1
CHEMBL5273816,C=CCc1cc(-c2ccc(O)c(CC=C)c2)c(O)c(C(c2cc(Cl)cc(Cl)c2)N2CCOCC2)c1,25015152,CHEMBL5238065,CHEMBL2074,Inhibition,,%,,,single protein format,B,Non-competitive inhibition of alpha-glucosidase (unknown origin) using pNPG as substrate preincubated with enzyme for 15 mins followed by substrate addition and measured for 15 mins by Lineweaver-Burk plot analysis,Active,,CHEMBL5236583,3915647,1
CHEMBL5286499,C=CCc1cc(-c2ccc(O)c(CC=C)c2)c(O)c(C(c2cc(Cl)cc(Cl)c2)N2CCC(C)CC2)c1,25015153,CHEMBL5238066,CHEMBL2074,Ki,1700,nM,5.77,=,single protein format,B,Non-competitive inhibition of alpha-glucosidase (unknown origin) using pNPG as substrate preincubated with enzyme for 15 mins followed by substrate addition and measured for 15 mins by Dixon plot analysis,,,CHEMBL5236583,3915646,1
CHEMBL5273816,C=CCc1cc(-c2ccc(O)c(CC=C)c2)c(O)c(C(c2cc(Cl)cc(Cl)c2)N2CCOCC2)c1,25015154,CHEMBL5238066,CHEMBL2074,Ki,3270,nM,5.49,=,single protein format,B,Non-competitive inhibition of alpha-glucosidase (unknown origin) using pNPG as substrate preincubated with enzyme for 15 mins followed by substrate addition and measured for 15 mins by Dixon plot analysis,,,CHEMBL5236583,3915647,1
CHEMBL404271,C[C@H]1O[C@H](O[C@H]2[C@H](O)[C@@H](O)[C@@H](O[C@H]3[C@H](O)[C@@H](O)C(O)O[C@@H]3CO)O[C@@H]2CO)[C@H](O)[C@@H](O)[C@@H]1N[C@H]1C=C(CO)[C@@H](O)[C@H](O)[C@H]1O,25015160,CHEMBL5238068,CHEMBL2074,Inhibition,,%,,,single protein format,B,Competitive inhibition of alpha-glucosidase (unknown origin) using pNPG as substrate preincubated with enzyme for 15 mins followed by substrate addition and measured for 15 mins by Lineweaver-Burk plot analysis,Active,,CHEMBL5236583,3915635,1
CHEMBL480722,CC(C)=CCC/C(C)=C/Cc1c(O)cc(O)c(C(=O)/C=C/c2ccc(O)cc2)c1O,25040343,CHEMBL5244601,CHEMBL2074,IC50,1080,nM,5.97,=,single protein format,B,Inhibition of alpha-glucosidase (unknown origin) using p-nitrophenyl-alpha-D-glucopyranoside as substrate incubated for 30 mins by spectrophotometric analysis,,,CHEMBL5244211,3922547,1
CHEMBL4634355,O=c1cc(-c2cc(O)c(O)c(O)c2)c2ccc(O)c(O)c2o1,25040344,CHEMBL5244602,CHEMBL2074,IC50,0.25,ug.mL-1,,=,single protein format,B,Inhibition of alpha-glucosidase (unknown origin) using PNPG as substrate incubated for 20 mins by microplate reader analysis,,,CHEMBL5244211,3922548,1
CHEMBL404271,C[C@H]1O[C@H](O[C@H]2[C@H](O)[C@@H](O)[C@@H](O[C@H]3[C@H](O)[C@@H](O)C(O)O[C@@H]3CO)O[C@@H]2CO)[C@H](O)[C@@H](O)[C@@H]1N[C@H]1C=C(CO)[C@@H](O)[C@H](O)[C@H]1O,25041518,CHEMBL5244945,CHEMBL2074,IC50,39600,nM,4.4,=,single protein format,B,Inhibition of alpha-glucosidase (unknown origin) using PNPG as substrate preincubated for 15 mins followed by substrate addition and measured after 30 mins by spectrophotometric assay,,,CHEMBL5244222,3923317,1
CHEMBL4856778,O=c1c2cc(O)c(O)cc2oc2cc(O)c([C@H]3O[C@@H](CO)[C@H](O)[C@@H](O)[C@@H]3O)c(O)c12,25041519,CHEMBL5244945,CHEMBL2074,IC50,13000,nM,4.89,=,single protein format,B,Inhibition of alpha-glucosidase (unknown origin) using PNPG as substrate preincubated for 15 mins followed by substrate addition and measured after 30 mins by spectrophotometric assay,,,CHEMBL5244222,3923383,1
CHEMBL3093492,COc1cc(O)c2c(=O)c3c(OC)c(OC)ccc3oc2c1OC,25041520,CHEMBL5244945,CHEMBL2074,IC50,65800,nM,4.18,=,single protein format,B,Inhibition of alpha-glucosidase (unknown origin) using PNPG as substrate preincubated for 15 mins followed by substrate addition and measured after 30 mins by spectrophotometric assay,,,CHEMBL5244222,3923348,1
CHEMBL5282121,COc1ccc2oc3cc(O)cc(O)c3c(=O)c2c1O,25041521,CHEMBL5244945,CHEMBL2074,IC50,71200,nM,4.15,=,single protein format,B,Inhibition of alpha-glucosidase (unknown origin) using PNPG as substrate preincubated for 15 mins followed by substrate addition and measured after 30 mins by spectrophotometric assay,,,CHEMBL5244222,3923349,1
CHEMBL3093478,COc1cc(O)c2c(=O)c3cc(O)ccc3oc2c1,25041522,CHEMBL5244945,CHEMBL2074,IC50,31800,nM,4.5,=,single protein format,B,Inhibition of alpha-glucosidase (unknown origin) using PNPG as substrate preincubated for 15 mins followed by substrate addition and measured after 30 mins by spectrophotometric assay,,,CHEMBL5244222,3923350,1
CHEMBL361025,O=c1c2cc(O)ccc2oc2cc(O)cc(O)c12,25041523,CHEMBL5244945,CHEMBL2074,IC50,31800,nM,4.5,=,single protein format,B,Inhibition of alpha-glucosidase (unknown origin) using PNPG as substrate preincubated for 15 mins followed by substrate addition and measured after 30 mins by spectrophotometric assay,,,CHEMBL5244222,3923351,1
CHEMBL5287329,COc1ccc2oc3cc(O)cc(O)c3c(=O)c2c1OC,25041524,CHEMBL5244945,CHEMBL2074,IC50,18000,nM,4.75,=,single protein format,B,Inhibition of alpha-glucosidase (unknown origin) using PNPG as substrate preincubated for 15 mins followed by substrate addition and measured after 30 mins by spectrophotometric assay,,,CHEMBL5244222,3923352,1
CHEMBL5280310,COc1cc(O)c2c(=O)c3c(O)ccc(O)c3oc2c1OC,25041525,CHEMBL5244945,CHEMBL2074,IC50,82200,nM,4.08,=,single protein format,B,Inhibition of alpha-glucosidase (unknown origin) using PNPG as substrate preincubated for 15 mins followed by substrate addition and measured after 30 mins by spectrophotometric assay,,,CHEMBL5244222,3923353,1
CHEMBL5276460,COc1cc(O)c2c(=O)c3c(OC)ccc(OC)c3oc2c1OC,25041526,CHEMBL5244945,CHEMBL2074,IC50,40100,nM,4.4,=,single protein format,B,Inhibition of alpha-glucosidase (unknown origin) using PNPG as substrate preincubated for 15 mins followed by substrate addition and measured after 30 mins by spectrophotometric assay,,,CHEMBL5244222,3923354,1
CHEMBL5290214,COc1cc(O)c2c(=O)c3c(OC)ccc(OC)c3oc2c1,25041527,CHEMBL5244945,CHEMBL2074,IC50,75800,nM,4.12,=,single protein format,B,Inhibition of alpha-glucosidase (unknown origin) using PNPG as substrate preincubated for 15 mins followed by substrate addition and measured after 30 mins by spectrophotometric assay,,,CHEMBL5244222,3923355,1
CHEMBL187043,O=c1c2c(O)cc(O)cc2oc2ccc(O)c(O)c12,25041528,CHEMBL5244945,CHEMBL2074,IC50,7090,nM,5.15,=,single protein format,B,Inhibition of alpha-glucosidase (unknown origin) using PNPG as substrate preincubated for 15 mins followed by substrate addition and measured after 30 mins by spectrophotometric assay,,,CHEMBL5244222,3923364,1
CHEMBL5287286,COc1cc(O[C@H]2O[C@@H](CO)[C@H](O)[C@H](O)[C@@H]2O)c2c(=O)c3ccc(O)c(OC)c3oc2c1,25041529,CHEMBL5244945,CHEMBL2074,IC50,84500,nM,4.07,=,single protein format,B,Inhibition of alpha-glucosidase (unknown origin) using PNPG as substrate preincubated for 15 mins followed by substrate addition and measured after 30 mins by spectrophotometric assay,,,CHEMBL5244222,3923367,1
CHEMBL5289610,COc1cc(O)c2c(=O)c3c(O)c(C4O[C@@H](O)[C@H](O)[C@H](O[C@@H]5O[C@@H](C)[C@@H](O)[C@@H](O)[C@@H]5O)[C@@H]4O[C@@H]4O[C@@H](C)[C@H](O)[C@@H](O)[C@H]4O)ccc3oc2c1,25041530,CHEMBL5244945,CHEMBL2074,IC50,500000,nM,,>,single protein format,B,Inhibition of alpha-glucosidase (unknown origin) using PNPG as substrate preincubated for 15 mins followed by substrate addition and measured after 30 mins by spectrophotometric assay,,Outside typical range,CHEMBL5244222,3923369,1
CHEMBL5280602,O=c1c2c(O[C@H]3O[C@@H](CO)[C@H](O)[C@H](O)[C@@H]3O)cc(O)cc2oc2ccc(O)c(O)c12,25041531,CHEMBL5244945,CHEMBL2074,IC50,133700,nM,,=,single protein format,B,Inhibition of alpha-glucosidase (unknown origin) using PNPG as substrate preincubated for 15 mins followed by substrate addition and measured after 30 mins by spectrophotometric assay,,Outside typical range,CHEMBL5244222,3923370,1
CHEMBL5287620,COc1cc(O)c2c(=O)c3c(O)c(O[C@H]4O[C@@H](CO)[C@H](O)[C@H](O)[C@@H]4O)ccc3oc2c1OC,25041532,CHEMBL5244945,CHEMBL2074,IC50,394900,nM,,=,single protein format,B,Inhibition of alpha-glucosidase (unknown origin) using PNPG as substrate preincubated for 15 mins followed by substrate addition and measured after 30 mins by spectrophotometric assay,,Outside typical range,CHEMBL5244222,3923371,1
CHEMBL5266980,COc1cc(O)c2c(=O)c3c(O)c(O[C@H]4O[C@@H](CO)[C@H](O)[C@H](O)[C@@H]4O)ccc3oc2c1,25041533,CHEMBL5244945,CHEMBL2074,IC50,115000,nM,,=,single protein format,B,Inhibition of alpha-glucosidase (unknown origin) using PNPG as substrate preincubated for 15 mins followed by substrate addition and measured after 30 mins by spectrophotometric assay,,Outside typical range,CHEMBL5244222,3923372,1
CHEMBL5279492,COc1cc(O[C@H]2O[C@@H](CO)[C@H](O)[C@H](O)[C@@H]2O)c2c(=O)c3c(OC)c(OC)ccc3oc2c1,25041534,CHEMBL5244945,CHEMBL2074,IC50,83800,nM,4.08,=,single protein format,B,Inhibition of alpha-glucosidase (unknown origin) using PNPG as substrate preincubated for 15 mins followed by substrate addition and measured after 30 mins by spectrophotometric assay,,,CHEMBL5244222,3923374,1
CHEMBL5270478,COc1cc(O)c2c(=O)c3c(OC)cc(O)cc3oc2c1OC,25041535,CHEMBL5244945,CHEMBL2074,IC50,500000,nM,,>,single protein format,B,Inhibition of alpha-glucosidase (unknown origin) using PNPG as substrate preincubated for 15 mins followed by substrate addition and measured after 30 mins by spectrophotometric assay,,Outside typical range,CHEMBL5244222,3923375,1
CHEMBL467590,COc1cc(O)c2c(=O)c3c(OC)c(O)ccc3oc2c1,25041536,CHEMBL5244945,CHEMBL2074,IC50,500000,nM,,>,single protein format,B,Inhibition of alpha-glucosidase (unknown origin) using PNPG as substrate preincubated for 15 mins followed by substrate addition and measured after 30 mins by spectrophotometric assay,,Outside typical range,CHEMBL5244222,3923376,1
CHEMBL1709767,COc1cc(O)c2c(=O)c3c(O)c(O)ccc3oc2c1OC,25041537,CHEMBL5244945,CHEMBL2074,IC50,5420,nM,5.27,=,single protein format,B,Inhibition of alpha-glucosidase (unknown origin) using PNPG as substrate preincubated for 15 mins followed by substrate addition and measured after 30 mins by spectrophotometric assay,,,CHEMBL5244222,3923377,1
CHEMBL3704820,COc1cc(O)c2c(=O)c3c(O)c(OC)ccc3oc2c1,25041538,CHEMBL5244945,CHEMBL2074,IC50,107800,nM,,=,single protein format,B,Inhibition of alpha-glucosidase (unknown origin) using PNPG as substrate preincubated for 15 mins followed by substrate addition and measured after 30 mins by spectrophotometric assay,,Outside typical range,CHEMBL5244222,3923378,1
CHEMBL26323,COc1cc(O)c2c(=O)c3c(OC)c(OC)ccc3oc2c1,25041539,CHEMBL5244945,CHEMBL2074,IC50,142100,nM,,=,single protein format,B,Inhibition of alpha-glucosidase (unknown origin) using PNPG as substrate preincubated for 15 mins followed by substrate addition and measured after 30 mins by spectrophotometric assay,,Outside typical range,CHEMBL5244222,3923379,1
CHEMBL187044,COc1cc(O)c2c(=O)c3c(O)c(O)ccc3oc2c1,25041540,CHEMBL5244945,CHEMBL2074,IC50,30600,nM,4.51,=,single protein format,B,Inhibition of alpha-glucosidase (unknown origin) using PNPG as substrate preincubated for 15 mins followed by substrate addition and measured after 30 mins by spectrophotometric assay,,,CHEMBL5244222,3923380,1
CHEMBL184574,O=c1c2c(O)cc(O)cc2oc2c(O)ccc(O)c12,25041541,CHEMBL5244945,CHEMBL2074,IC50,5300,nM,5.28,=,single protein format,B,Inhibition of alpha-glucosidase (unknown origin) using PNPG as substrate preincubated for 15 mins followed by substrate addition and measured after 30 mins by spectrophotometric assay,,,CHEMBL5244222,3923381,1
CHEMBL3093493,COc1cc(O)c2c(=O)c3c(OC)c(O)ccc3oc2c1OC,25041542,CHEMBL5244945,CHEMBL2074,IC50,77400,nM,4.11,=,single protein format,B,Inhibition of alpha-glucosidase (unknown origin) using PNPG as substrate preincubated for 15 mins followed by substrate addition and measured after 30 mins by spectrophotometric assay,,,CHEMBL5244222,3923382,1
CHEMBL2409395,COc1cc(O)c2c(=O)c3c(O)c(O[C@@H]4O[C@H](CO)[C@@H](O)[C@H](O)[C@H]4O[C@@H]4O[C@@H](C)[C@H](O)[C@@H](O)[C@H]4O)ccc3oc2c1,25041543,CHEMBL5244945,CHEMBL2074,IC50,75800,nM,4.12,=,single protein format,B,Inhibition of alpha-glucosidase (unknown origin) using PNPG as substrate preincubated for 15 mins followed by substrate addition and measured after 30 mins by spectrophotometric assay,,,CHEMBL5244222,3923386,1
CHEMBL512072,O=c1c2c(O)cc(O)cc2oc2c(O)ccc(O[C@@H]3O[C@H](CO)[C@@H](O)[C@H](O)[C@H]3O)c12,25041544,CHEMBL5244945,CHEMBL2074,IC50,500000,nM,,>,single protein format,B,Inhibition of alpha-glucosidase (unknown origin) using PNPG as substrate preincubated for 15 mins followed by substrate addition and measured after 30 mins by spectrophotometric assay,,Outside typical range,CHEMBL5244222,3923387,1
CHEMBL5271324,COc1cc(O)c2c(=O)c3c(O)c(O[C@@H]4OC[C@@H](O)[C@H](O)[C@H]4O[C@@H]4O[C@@H](C)[C@H](O)[C@@H](O)[C@H]4O)ccc3oc2c1,25041545,CHEMBL5244945,CHEMBL2074,IC50,31100,nM,4.51,=,single protein format,B,Inhibition of alpha-glucosidase (unknown origin) using PNPG as substrate preincubated for 15 mins followed by substrate addition and measured after 30 mins by spectrophotometric assay,,,CHEMBL5244222,3923388,1
CHEMBL5267559,O=c1c2c(O)c(O)ccc2oc2cc(O)c(O[C@@H]3O[C@H](CO)[C@@H](O)[C@H](O)[C@H]3O)c(O)c12,25041546,CHEMBL5244945,CHEMBL2074,IC50,140400,nM,,=,single protein format,B,Inhibition of alpha-glucosidase (unknown origin) using PNPG as substrate preincubated for 15 mins followed by substrate addition and measured after 30 mins by spectrophotometric assay,,Outside typical range,CHEMBL5244222,3923389,1
CHEMBL404271,C[C@H]1O[C@H](O[C@H]2[C@H](O)[C@@H](O)[C@@H](O[C@H]3[C@H](O)[C@@H](O)C(O)O[C@@H]3CO)O[C@@H]2CO)[C@H](O)[C@@H](O)[C@@H]1N[C@H]1C=C(CO)[C@@H](O)[C@H](O)[C@H]1O,25041547,CHEMBL5244946,CHEMBL2074,IC50,39800,nM,4.4,=,single protein format,B,Inhibition of alpha-glucosidase (unknown origin) using PNPG as substrate preincubated for 15 mins followed by substrate addition by spectrophotometric assay,,,CHEMBL5244222,3923317,1
CHEMBL4856778,O=c1c2cc(O)c(O)cc2oc2cc(O)c([C@H]3O[C@@H](CO)[C@H](O)[C@@H](O)[C@@H]3O)c(O)c12,25041548,CHEMBL5244946,CHEMBL2074,IC50,13300,nM,4.88,=,single protein format,B,Inhibition of alpha-glucosidase (unknown origin) using PNPG as substrate preincubated for 15 mins followed by substrate addition by spectrophotometric assay,,,CHEMBL5244222,3923383,1
CHEMBL5282121,COc1ccc2oc3cc(O)cc(O)c3c(=O)c2c1O,25041549,CHEMBL5244946,CHEMBL2074,IC50,71600,nM,4.14,=,single protein format,B,Inhibition of alpha-glucosidase (unknown origin) using PNPG as substrate preincubated for 15 mins followed by substrate addition by spectrophotometric assay,,,CHEMBL5244222,3923349,1
CHEMBL5287329,COc1ccc2oc3cc(O)cc(O)c3c(=O)c2c1OC,25041550,CHEMBL5244946,CHEMBL2074,IC50,18300,nM,4.74,=,single protein format,B,Inhibition of alpha-glucosidase (unknown origin) using PNPG as substrate preincubated for 15 mins followed by substrate addition by spectrophotometric assay,,,CHEMBL5244222,3923352,1
CHEMBL187043,O=c1c2c(O)cc(O)cc2oc2ccc(O)c(O)c12,25041551,CHEMBL5244946,CHEMBL2074,IC50,7300,nM,5.14,=,single protein format,B,Inhibition of alpha-glucosidase (unknown origin) using PNPG as substrate preincubated for 15 mins followed by substrate addition by spectrophotometric assay,,,CHEMBL5244222,3923364,1
CHEMBL5287286,COc1cc(O[C@H]2O[C@@H](CO)[C@H](O)[C@H](O)[C@@H]2O)c2c(=O)c3ccc(O)c(OC)c3oc2c1,25041552,CHEMBL5244946,CHEMBL2074,IC50,87600,nM,4.06,=,single protein format,B,Inhibition of alpha-glucosidase (unknown origin) using PNPG as substrate preincubated for 15 mins followed by substrate addition by spectrophotometric assay,,,CHEMBL5244222,3923367,1
CHEMBL5287620,COc1cc(O)c2c(=O)c3c(O)c(O[C@H]4O[C@@H](CO)[C@H](O)[C@H](O)[C@@H]4O)ccc3oc2c1OC,25041553,CHEMBL5244946,CHEMBL2074,IC50,134500,nM,,=,single protein format,B,Inhibition of alpha-glucosidase (unknown origin) using PNPG as substrate preincubated for 15 mins followed by substrate addition by spectrophotometric assay,,Outside typical range,CHEMBL5244222,3923371,1
CHEMBL5266980,COc1cc(O)c2c(=O)c3c(O)c(O[C@H]4O[C@@H](CO)[C@H](O)[C@H](O)[C@@H]4O)ccc3oc2c1,25041554,CHEMBL5244946,CHEMBL2074,IC50,395000,nM,,=,single protein format,B,Inhibition of alpha-glucosidase (unknown origin) using PNPG as substrate preincubated for 15 mins followed by substrate addition by spectrophotometric assay,,Outside typical range,CHEMBL5244222,3923372,1
CHEMBL5290427,COc1cc(O)c2c(=O)c3cc(O[C@H]4O[C@@H](CO)[C@H](O)[C@H](O)[C@@H]4O)ccc3oc2c1OC,25041555,CHEMBL5244946,CHEMBL2074,IC50,114800,nM,,=,single protein format,B,Inhibition of alpha-glucosidase (unknown origin) using PNPG as substrate preincubated for 15 mins followed by substrate addition by spectrophotometric assay,,Outside typical range,CHEMBL5244222,3923373,1
CHEMBL5270478,COc1cc(O)c2c(=O)c3c(OC)cc(O)cc3oc2c1OC,25041556,CHEMBL5244946,CHEMBL2074,IC50,20200,nM,4.7,=,single protein format,B,Inhibition of alpha-glucosidase (unknown origin) using PNPG as substrate preincubated for 15 mins followed by substrate addition by spectrophotometric assay,,,CHEMBL5244222,3923375,1
CHEMBL3704820,COc1cc(O)c2c(=O)c3c(O)c(OC)ccc3oc2c1,25041557,CHEMBL5244946,CHEMBL2074,IC50,108200,nM,,=,single protein format,B,Inhibition of alpha-glucosidase (unknown origin) using PNPG as substrate preincubated for 15 mins followed by substrate addition by spectrophotometric assay,,Outside typical range,CHEMBL5244222,3923378,1
CHEMBL26323,COc1cc(O)c2c(=O)c3c(OC)c(OC)ccc3oc2c1,25041558,CHEMBL5244946,CHEMBL2074,IC50,142200,nM,,=,single protein format,B,Inhibition of alpha-glucosidase (unknown origin) using PNPG as substrate preincubated for 15 mins followed by substrate addition by spectrophotometric assay,,Outside typical range,CHEMBL5244222,3923379,1
CHEMBL184574,O=c1c2c(O)cc(O)cc2oc2c(O)ccc(O)c12,25041559,CHEMBL5244946,CHEMBL2074,IC50,5200,nM,5.28,=,single protein format,B,Inhibition of alpha-glucosidase (unknown origin) using PNPG as substrate preincubated for 15 mins followed by substrate addition by spectrophotometric assay,,,CHEMBL5244222,3923381,1
CHEMBL5271324,COc1cc(O)c2c(=O)c3c(O)c(O[C@@H]4OC[C@@H](O)[C@H](O)[C@H]4O[C@@H]4O[C@@H](C)[C@H](O)[C@@H](O)[C@H]4O)ccc3oc2c1,25041560,CHEMBL5244946,CHEMBL2074,IC50,31600,nM,4.5,=,single protein format,B,Inhibition of alpha-glucosidase (unknown origin) using PNPG as substrate preincubated for 15 mins followed by substrate addition by spectrophotometric assay,,,CHEMBL5244222,3923388,1
CHEMBL219553,COc1cc(O)cc(CCc2ccc(O)c(OC)c2)c1,25045853,CHEMBL5246093,CHEMBL2074,IC50,103100,nM,,=,single protein format,B,Inhibition of alpha-glucosidase (unknown origin),,Outside typical range,CHEMBL5244253,3924633,1
CHEMBL450788,COc1cc(O)cc(CCc2cccc(O)c2)c1,25045854,CHEMBL5246093,CHEMBL2074,IC50,148800,nM,,=,single protein format,B,Inhibition of alpha-glucosidase (unknown origin),,Outside typical range,CHEMBL5244253,3924583,1
CHEMBL5282250,COc1ccc(CCc2cc(O)c(O)c(OC)c2)cc1,25045857,CHEMBL5246095,CHEMBL2074,IC50,199500,nM,,=,single protein format,B,Inhibition of alpha-glucosidase (unknown origin) by HPLC analysis,,Outside typical range,CHEMBL5244253,3924622,1
CHEMBL5281130,COc1cc([C@@H]2Oc3cc(CCc4ccc(O)cc4)cc(OC)c3O[C@H]2CO)cc(OC)c1O,25045858,CHEMBL5246095,CHEMBL2074,IC50,9460000,nM,,=,single protein format,B,Inhibition of alpha-glucosidase (unknown origin) by HPLC analysis,,Outside typical range,CHEMBL5244253,3924635,1
CHEMBL5266364,COc1cc(CCc2cccc(O)c2)cc(O)c1O,25045859,CHEMBL5246095,CHEMBL2074,IC50,213900,nM,,=,single protein format,B,Inhibition of alpha-glucosidase (unknown origin) by HPLC analysis,,Outside typical range,CHEMBL5244253,3924636,1
CHEMBL404271,C[C@H]1O[C@H](O[C@H]2[C@H](O)[C@@H](O)[C@@H](O[C@H]3[C@H](O)[C@@H](O)C(O)O[C@@H]3CO)O[C@@H]2CO)[C@H](O)[C@@H](O)[C@@H]1N[C@H]1C=C(CO)[C@@H](O)[C@H](O)[C@H]1O,25045860,CHEMBL5246095,CHEMBL2074,IC50,763500,nM,,=,single protein format,B,Inhibition of alpha-glucosidase (unknown origin) by HPLC analysis,,Outside typical range,CHEMBL5244253,3924637,1
CHEMBL404271,C[C@H]1O[C@H](O[C@H]2[C@H](O)[C@@H](O)[C@@H](O[C@H]3[C@H](O)[C@@H](O)C(O)O[C@@H]3CO)O[C@@H]2CO)[C@H](O)[C@@H](O)[C@@H]1N[C@H]1C=C(CO)[C@@H](O)[C@H](O)[C@H]1O,25082286,CHEMBL5256058,CHEMBL2074,IC50,750000,nM,,=,single protein format,B,Inhibition of alpha-glucosidase (unknown origin) using p-nitrophenyl glucopyranoside as substrate preincubated for 10 mins followed by substrate addition and measured after 20 mins by spectrophotometer assay,,Outside typical range,CHEMBL5252633,3931984,1
CHEMBL5271893,COc1cc(C2Nc3ccccc3C(=O)N2Nc2ccccc2)ccc1OCc1cn(CC(=O)NCc2ccc(C)cc2)nn1,25082287,CHEMBL5256058,CHEMBL2074,IC50,5400,nM,5.27,=,single protein format,B,Inhibition of alpha-glucosidase (unknown origin) using p-nitrophenyl glucopyranoside as substrate preincubated for 10 mins followed by substrate addition and measured after 20 mins by spectrophotometer assay,,,CHEMBL5252633,3931983,1
CHEMBL5277262,COc1cc(C2Nc3ccccc3C(=O)N2Nc2ccccc2)ccc1OCc1cn(CC(=O)NCc2ccccc2)nn1,25082288,CHEMBL5256058,CHEMBL2074,IC50,11600,nM,4.94,=,single protein format,B,Inhibition of alpha-glucosidase (unknown origin) using p-nitrophenyl glucopyranoside as substrate preincubated for 10 mins followed by substrate addition and measured after 20 mins by spectrophotometer assay,,,CHEMBL5252633,3931982,1
CHEMBL5281806,COc1cc(C2Nc3ccccc3C(=O)N2Nc2ccccc2)ccc1OCc1cn(CC(=O)Nc2ccc([N+](=O)[O-])cc2)nn1,25082289,CHEMBL5256058,CHEMBL2074,IC50,6000,nM,5.22,=,single protein format,B,Inhibition of alpha-glucosidase (unknown origin) using p-nitrophenyl glucopyranoside as substrate preincubated for 10 mins followed by substrate addition and measured after 20 mins by spectrophotometer assay,,,CHEMBL5252633,3931981,1
CHEMBL5266791,COc1cc(C2Nc3ccccc3C(=O)N2Nc2ccccc2)ccc1OCc1cn(CC(=O)Nc2ccc(Br)cc2)nn1,25082290,CHEMBL5256058,CHEMBL2074,IC50,140200,nM,,=,single protein format,B,Inhibition of alpha-glucosidase (unknown origin) using p-nitrophenyl glucopyranoside as substrate preincubated for 10 mins followed by substrate addition and measured after 20 mins by spectrophotometer assay,,Outside typical range,CHEMBL5252633,3931980,1
CHEMBL5282594,COc1cc(C2Nc3ccccc3C(=O)N2Nc2ccccc2)ccc1OCc1cn(CC(=O)Nc2ccc(Cl)cc2)nn1,25082291,CHEMBL5256058,CHEMBL2074,IC50,6700,nM,5.17,=,single protein format,B,Inhibition of alpha-glucosidase (unknown origin) using p-nitrophenyl glucopyranoside as substrate preincubated for 10 mins followed by substrate addition and measured after 20 mins by spectrophotometer assay,,,CHEMBL5252633,3931979,1
CHEMBL5268812,COc1ccc(NC(=O)Cn2cc(COc3ccc(C4Nc5ccccc5C(=O)N4Nc4ccccc4)cc3OC)nn2)cc1,25082292,CHEMBL5256058,CHEMBL2074,IC50,5000,nM,5.3,=,single protein format,B,Inhibition of alpha-glucosidase (unknown origin) using p-nitrophenyl glucopyranoside as substrate preincubated for 10 mins followed by substrate addition and measured after 20 mins by spectrophotometer assay,,,CHEMBL5252633,3931978,1
CHEMBL5277625,CCc1ccc(NC(=O)Cn2cc(COc3ccc(C4Nc5ccccc5C(=O)N4Nc4ccccc4)cc3OC)nn2)cc1,25082293,CHEMBL5256058,CHEMBL2074,IC50,7200,nM,5.14,=,single protein format,B,Inhibition of alpha-glucosidase (unknown origin) using p-nitrophenyl glucopyranoside as substrate preincubated for 10 mins followed by substrate addition and measured after 20 mins by spectrophotometer assay,,,CHEMBL5252633,3931977,1
CHEMBL5287920,COc1cc(C2Nc3ccccc3C(=O)N2Nc2ccccc2)ccc1OCc1cn(CC(=O)Nc2ccc(C)cc2C)nn1,25082294,CHEMBL5256058,CHEMBL2074,IC50,10600,nM,4.97,=,single protein format,B,Inhibition of alpha-glucosidase (unknown origin) using p-nitrophenyl glucopyranoside as substrate preincubated for 10 mins followed by substrate addition and measured after 20 mins by spectrophotometer assay,,,CHEMBL5252633,3931976,1
CHEMBL5287798,COc1cc(C2Nc3ccccc3C(=O)N2Nc2ccccc2)ccc1OCc1cn(CC(=O)Nc2ccc(C)cc2)nn1,25082295,CHEMBL5256058,CHEMBL2074,IC50,13000,nM,4.89,=,single protein format,B,Inhibition of alpha-glucosidase (unknown origin) using p-nitrophenyl glucopyranoside as substrate preincubated for 10 mins followed by substrate addition and measured after 20 mins by spectrophotometer assay,,,CHEMBL5252633,3931975,1
CHEMBL5275387,COc1cc(C2Nc3ccccc3C(=O)N2Nc2ccccc2)ccc1OCc1cn(CC(=O)Nc2ccccc2)nn1,25082296,CHEMBL5256058,CHEMBL2074,IC50,11700,nM,4.93,=,single protein format,B,Inhibition of alpha-glucosidase (unknown origin) using p-nitrophenyl glucopyranoside as substrate preincubated for 10 mins followed by substrate addition and measured after 20 mins by spectrophotometer assay,,,CHEMBL5252633,3931974,1
CHEMBL5268702,Cc1ccc(CNC(=O)Cn2cc(COc3ccc(C4Nc5ccccc5C(=O)N4Nc4ccccc4)cc3)nn2)cc1,25082297,CHEMBL5256058,CHEMBL2074,IC50,8300,nM,5.08,=,single protein format,B,Inhibition of alpha-glucosidase (unknown origin) using p-nitrophenyl glucopyranoside as substrate preincubated for 10 mins followed by substrate addition and measured after 20 mins by spectrophotometer assay,,,CHEMBL5252633,3931973,1
CHEMBL5286942,O=C(Cn1cc(COc2ccc(C3Nc4ccccc4C(=O)N3Nc3ccccc3)cc2)nn1)NCc1ccccc1,25082298,CHEMBL5256058,CHEMBL2074,IC50,12000,nM,4.92,=,single protein format,B,Inhibition of alpha-glucosidase (unknown origin) using p-nitrophenyl glucopyranoside as substrate preincubated for 10 mins followed by substrate addition and measured after 20 mins by spectrophotometer assay,,,CHEMBL5252633,3931972,1
CHEMBL5279383,O=C(Cn1cc(COc2ccc(C3Nc4ccccc4C(=O)N3Nc3ccccc3)cc2)nn1)Nc1ccc([N+](=O)[O-])cc1,25082299,CHEMBL5256058,CHEMBL2074,IC50,12000,nM,4.92,=,single protein format,B,Inhibition of alpha-glucosidase (unknown origin) using p-nitrophenyl glucopyranoside as substrate preincubated for 10 mins followed by substrate addition and measured after 20 mins by spectrophotometer assay,,,CHEMBL5252633,3931971,1
CHEMBL5283167,O=C(Cn1cc(COc2ccc(C3Nc4ccccc4C(=O)N3Nc3ccccc3)cc2)nn1)Nc1ccc(Br)cc1,25082300,CHEMBL5256058,CHEMBL2074,IC50,8000,nM,5.1,=,single protein format,B,Inhibition of alpha-glucosidase (unknown origin) using p-nitrophenyl glucopyranoside as substrate preincubated for 10 mins followed by substrate addition and measured after 20 mins by spectrophotometer assay,,,CHEMBL5252633,3931970,1
CHEMBL5280846,O=C(Cn1cc(COc2ccc(C3Nc4ccccc4C(=O)N3Nc3ccccc3)cc2)nn1)Nc1ccc(Cl)cc1,25082301,CHEMBL5256058,CHEMBL2074,IC50,15300,nM,4.82,=,single protein format,B,Inhibition of alpha-glucosidase (unknown origin) using p-nitrophenyl glucopyranoside as substrate preincubated for 10 mins followed by substrate addition and measured after 20 mins by spectrophotometer assay,,,CHEMBL5252633,3931969,1
CHEMBL5277603,COc1ccc(NC(=O)Cn2cc(COc3ccc(C4Nc5ccccc5C(=O)N4Nc4ccccc4)cc3)nn2)cc1,25082302,CHEMBL5256058,CHEMBL2074,IC50,42600,nM,4.37,=,single protein format,B,Inhibition of alpha-glucosidase (unknown origin) using p-nitrophenyl glucopyranoside as substrate preincubated for 10 mins followed by substrate addition and measured after 20 mins by spectrophotometer assay,,,CHEMBL5252633,3931968,1
CHEMBL5287039,CCc1ccc(NC(=O)Cn2cc(COc3ccc(C4Nc5ccccc5C(=O)N4Nc4ccccc4)cc3)nn2)cc1,25082303,CHEMBL5256058,CHEMBL2074,IC50,14700,nM,4.83,=,single protein format,B,Inhibition of alpha-glucosidase (unknown origin) using p-nitrophenyl glucopyranoside as substrate preincubated for 10 mins followed by substrate addition and measured after 20 mins by spectrophotometer assay,,,CHEMBL5252633,3931967,1
CHEMBL5279273,Cc1ccc(NC(=O)Cn2cc(COc3ccc(C4Nc5ccccc5C(=O)N4Nc4ccccc4)cc3)nn2)c(C)c1,25082304,CHEMBL5256058,CHEMBL2074,IC50,4800,nM,5.32,=,single protein format,B,Inhibition of alpha-glucosidase (unknown origin) using p-nitrophenyl glucopyranoside as substrate preincubated for 10 mins followed by substrate addition and measured after 20 mins by spectrophotometer assay,,,CHEMBL5252633,3931966,1
CHEMBL5271794,Cc1ccc(NC(=O)Cn2cc(COc3ccc(C4Nc5ccccc5C(=O)N4Nc4ccccc4)cc3)nn2)cc1,25082305,CHEMBL5256058,CHEMBL2074,IC50,95600,nM,4.02,=,single protein format,B,Inhibition of alpha-glucosidase (unknown origin) using p-nitrophenyl glucopyranoside as substrate preincubated for 10 mins followed by substrate addition and measured after 20 mins by spectrophotometer assay,,,CHEMBL5252633,3931965,1
CHEMBL5278958,O=C(Cn1cc(COc2ccc(C3Nc4ccccc4C(=O)N3Nc3ccccc3)cc2)nn1)Nc1ccccc1,25082306,CHEMBL5256058,CHEMBL2074,IC50,16600,nM,4.78,=,single protein format,B,Inhibition of alpha-glucosidase (unknown origin) using p-nitrophenyl glucopyranoside as substrate preincubated for 10 mins followed by substrate addition and measured after 20 mins by spectrophotometer assay,,,CHEMBL5252633,3931964,1
CHEMBL5270724,COc1ccc(-c2ncc(NC(=O)Cn3cc(COc4ccc(-c5nc6ccccc6[nH]5)cc4)nn3)s2)cc1,25082307,CHEMBL5256058,CHEMBL2074,IC50,6310,nM,5.2,=,single protein format,B,Inhibition of alpha-glucosidase (unknown origin) using p-nitrophenyl glucopyranoside as substrate preincubated for 10 mins followed by substrate addition and measured after 20 mins by spectrophotometer assay,,,CHEMBL5252633,3931963,1
CHEMBL5277400,CCc1ccc(NC(=O)Cn2cc(COc3ccc(-c4nc5ccccc5[nH]4)cc3)nn2)cc1,25082308,CHEMBL5256058,CHEMBL2074,IC50,25200,nM,4.6,=,single protein format,B,Inhibition of alpha-glucosidase (unknown origin) using p-nitrophenyl glucopyranoside as substrate preincubated for 10 mins followed by substrate addition and measured after 20 mins by spectrophotometer assay,,,CHEMBL5252633,3931962,1
CHEMBL5279273,Cc1ccc(NC(=O)Cn2cc(COc3ccc(C4Nc5ccccc5C(=O)N4Nc4ccccc4)cc3)nn2)c(C)c1,25082309,CHEMBL5256059,CHEMBL2074,Ki,4800,nM,5.32,=,single protein format,B,Inhibition of alpha-glucosidase (unknown origin) assessed as inhibition constant using p-nitrophenyl-alpha D-glucopyranoside as substrate by Lineweaver-Burk plot analysis,,,CHEMBL5252633,3931966,1
CHEMBL5279273,Cc1ccc(NC(=O)Cn2cc(COc3ccc(C4Nc5ccccc5C(=O)N4Nc4ccccc4)cc3)nn2)c(C)c1,25082310,CHEMBL5256060,CHEMBL2074,Inhibition,,%,,,single protein format,B,Inhibition of alpha-glucosidase (unknown origin) assessed as increase in Km using p-nitrophenyl-alpha D-glucopyranoside as substrate by Lineweaver-Burk plot analysis,Active,,CHEMBL5252633,3931966,1
CHEMBL5279273,Cc1ccc(NC(=O)Cn2cc(COc3ccc(C4Nc5ccccc5C(=O)N4Nc4ccccc4)cc3)nn2)c(C)c1,25082311,CHEMBL5256061,CHEMBL2074,Inhibition,,%,,,single protein format,B,Inhibition of alpha-glucosidase (unknown origin) assessed as change in Vmax using p-nitrophenyl-alpha D-glucopyranoside as substrate by Lineweaver-Burk plot analysis,Not Active,,CHEMBL5252633,3931966,1
CHEMBL404271,C[C@H]1O[C@H](O[C@H]2[C@H](O)[C@@H](O)[C@@H](O[C@H]3[C@H](O)[C@@H](O)C(O)O[C@@H]3CO)O[C@@H]2CO)[C@H](O)[C@@H](O)[C@@H]1N[C@H]1C=C(CO)[C@@H](O)[C@H](O)[C@H]1O,25082312,CHEMBL5256062,CHEMBL2074,IC50,26100,nM,4.58,=,single protein format,B,Inhibition of alpha-glucosidase (unknown origin),,,CHEMBL5252633,3931984,1
CHEMBL4128298,O=C(Cn1c(Cc2ccc(Br)cc2)nc2ccccc2c1=O)NNC(=O)c1cc2ccccc2oc1=O,25082313,CHEMBL5256062,CHEMBL2074,IC50,7300,nM,5.14,=,single protein format,B,Inhibition of alpha-glucosidase (unknown origin),,,CHEMBL5252633,3931960,1
CHEMBL30707,O=c1oc2cc(O)ccc2c2oc3cc(O)ccc3c12,25100119,CHEMBL5261134,CHEMBL2074,IC50,6000,nM,5.22,=,single protein format,B,Inhibition of Alpha-glucosidase (unknown origin),,,CHEMBL5260799,3936204,1
CHEMBL5279690,COc1ccc2c(c1)OC[C@H]1c3ccc(OC)c(O)c3O[C@@H]21,25100120,CHEMBL5261134,CHEMBL2074,IC50,128100,nM,,=,single protein format,B,Inhibition of Alpha-glucosidase (unknown origin),,Outside typical range,CHEMBL5260799,3936177,1
CHEMBL5269655,COc1ccc2c(c1OC)O[C@H]1c3ccc(O)cc3OC[C@@H]21,25100121,CHEMBL5261134,CHEMBL2074,IC50,174200,nM,,=,single protein format,B,Inhibition of Alpha-glucosidase (unknown origin),,Outside typical range,CHEMBL5260799,3936178,1
CHEMBL5290636,CC1(C)C=Cc2c(ccc3c2OC2c4ccc(O)cc4OCC32)O1,25100228,CHEMBL5261191,CHEMBL2074,IC50,6000,nM,5.22,=,single protein format,B,Inhibition of human Alpha-glucosidase,,,CHEMBL5260799,3936179,1
CHEMBL3264731,O=c1oc2ccc(Cl)cc2c(O)c1C(c1cccc([N+](=O)[O-])c1)c1c(O)c2cc(Cl)ccc2oc1=O,25106414,CHEMBL5263434,CHEMBL2074,IC50,27070,nM,4.57,=,single protein format,B,Inhibition of alpha-glucosidase (unknown origin),,,CHEMBL5260826,3937516,1
CHEMBL3264730,O=c1oc2ccc(Cl)cc2c(O)c1C(c1ccc(Cl)cc1Cl)c1c(O)c2cc(Cl)ccc2oc1=O,25106415,CHEMBL5263434,CHEMBL2074,IC50,16540,nM,4.78,=,single protein format,B,Inhibition of alpha-glucosidase (unknown origin),,,CHEMBL5260826,3937517,1
CHEMBL404271,C[C@H]1O[C@H](O[C@H]2[C@H](O)[C@@H](O)[C@@H](O[C@H]3[C@H](O)[C@@H](O)C(O)O[C@@H]3CO)O[C@@H]2CO)[C@H](O)[C@@H](O)[C@@H]1N[C@H]1C=C(CO)[C@@H](O)[C@H](O)[C@H]1O,25106416,CHEMBL5263434,CHEMBL2074,IC50,906000,nM,,=,single protein format,B,Inhibition of alpha-glucosidase (unknown origin),,Outside typical range,CHEMBL5260826,3937518,1
CHEMBL3264720,COc1cc(C(c2c(O)c3cc(C)ccc3oc2=O)c2c(O)c3cc(C)ccc3oc2=O)cc(OC)c1OC,25106417,CHEMBL5263434,CHEMBL2074,IC50,385990,nM,,=,single protein format,B,Inhibition of alpha-glucosidase (unknown origin),,Outside typical range,CHEMBL5260826,3937559,1
CHEMBL3264733,CCOc1cc(C(c2c(O)c3cc(C)ccc3oc2=O)c2c(O)c3cc(C)ccc3oc2=O)ccc1O,25106418,CHEMBL5263434,CHEMBL2074,IC50,221060,nM,,=,single protein format,B,Inhibition of alpha-glucosidase (unknown origin),,Outside typical range,CHEMBL5260826,3937560,1
CHEMBL3264735,COc1ccc(C(c2c(O)c3cc(C)ccc3oc2=O)c2c(O)c3cc(C)ccc3oc2=O)cc1,25106419,CHEMBL5263434,CHEMBL2074,IC50,106630,nM,,=,single protein format,B,Inhibition of alpha-glucosidase (unknown origin),,Outside typical range,CHEMBL5260826,3937561,1
CHEMBL3264726,COc1ccc(C(c2c(O)c3cc(Cl)ccc3oc2=O)c2c(O)c3cc(Cl)ccc3oc2=O)cc1O,25106420,CHEMBL5263434,CHEMBL2074,IC50,113050,nM,,=,single protein format,B,Inhibition of alpha-glucosidase (unknown origin),,Outside typical range,CHEMBL5260826,3937562,1
CHEMBL3264725,O=c1oc2ccc(Cl)cc2c(O)c1C(c1cccc(O)c1)c1c(O)c2cc(Cl)ccc2oc1=O,25106421,CHEMBL5263434,CHEMBL2074,IC50,84060,nM,4.08,=,single protein format,B,Inhibition of alpha-glucosidase (unknown origin),,,CHEMBL5260826,3937563,1
CHEMBL3264724,COc1cc(C(c2c(O)c3cc(Cl)ccc3oc2=O)c2c(O)c3cc(Cl)ccc3oc2=O)ccc1O,25106422,CHEMBL5263434,CHEMBL2074,IC50,83640,nM,4.08,=,single protein format,B,Inhibition of alpha-glucosidase (unknown origin),,,CHEMBL5260826,3937564,1
CHEMBL3264727,CCOc1cc(C(c2c(O)c3cc(Cl)ccc3oc2=O)c2c(O)c3cc(Cl)ccc3oc2=O)ccc1O,25106423,CHEMBL5263434,CHEMBL2074,IC50,57140,nM,4.24,=,single protein format,B,Inhibition of alpha-glucosidase (unknown origin),,,CHEMBL5260826,3937565,1
CHEMBL3264728,COc1cc(C(c2c(O)c3cc(Cl)ccc3oc2=O)c2c(O)c3cc(Cl)ccc3oc2=O)cc(OC)c1OC,25106424,CHEMBL5263434,CHEMBL2074,IC50,128140,nM,,=,single protein format,B,Inhibition of alpha-glucosidase (unknown origin),,Outside typical range,CHEMBL5260826,3937566,1
CHEMBL3264729,COc1ccc(C(c2c(O)c3cc(Cl)ccc3oc2=O)c2c(O)c3cc(Cl)ccc3oc2=O)cc1OC,25106425,CHEMBL5263434,CHEMBL2074,IC50,91360,nM,4.04,=,single protein format,B,Inhibition of alpha-glucosidase (unknown origin),,,CHEMBL5260826,3937567,1
